doc_id,p_positive,p_negative,polarity
7,0.26082602236419916,3.77054949849844,-0.8706019714537421
8,4.258305826224387,1.130556722637266,0.5804098871008035
11,2.465296902693808,8.087461724877357,-0.5327673095349685
12,2.24249507766217,16.451473768800497,-0.7600835760366765
20,0.393577185459435,2.3372089536860585,-0.7117480715037264
21,0.7996223708614707,1.6574344616383314,-0.3491217945918557
24,0.7999705485999584,0.23802208993583918,0.5413800038661812
25,1.6123075354844332,3.6956862318329513,-0.3924983313235968
28,3.456767711788416,4.283749338705093,-0.10683803440027878
29,1.859666770324111,7.929244451224804,-0.6200462486102386
34,0.9312747456133366,3.630150320008397,-0.5916737720269017
36,3.229114736430347,4.333593248389661,-0.1460427288976509
37,2.107079901266843,9.03767173923552,-0.6218704607809143
40,1.3023294331505895,6.713906129822135,-0.6750770550789618
55,1.3708562143146992,1.3535744524560869,0.006343256251439016
57,0.8147042212076485,6.596560891717672,-0.7801443589469802
65,0.9906634404323995,8.233736911788583,-0.7852080563276359
70,1.2888486022129655,8.259937576949596,-0.7300497512394054
81,0.0620806273072958,0.9467012286186218,-0.8769196195529247
87,1.7052414757199585,8.129664764739573,-0.6532266939759644
90,1.5789301916956902,8.277896543731913,-0.6796270779477116
93,2.4719415679574013,2.579733090940863,-0.021337780095076208
94,3.248151797801256,9.23189251869917,-0.4794647013381244
103,0.4255574052222073,2.7108336072415113,-0.7286324290999132
105,0.6677504382096231,2.7029798589646816,-0.603794798551695
108,0.9554065759293735,4.218396247364581,-0.6306753045832467
110,1.2461463240906596,3.4840680407360196,-0.47311211375235146
111,1.4936025766655803,2.4600474764592946,-0.24444371322889688
120,0.25491695385426283,2.739551397971809,-0.8297414272558763
124,0.7886458840221167,2.757492977194488,-0.5552086847767564
126,1.8967921677976847,8.152035356499255,-0.6224848793131805
127,0.3479514326900244,4.410685822367668,-0.8537600518633216
130,0.2730475105345249,0.16795691661536694,0.2382982742329721
136,0.2077205078676343,2.680042626336217,-0.8561374335673619
137,0.18174482882022858,1.0186614207923412,-0.6971944641587209
139,0.27902398025617003,5.904534867033362,-0.9097529474053826
140,1.5812682379037142,5.183949636295438,-0.5325299887429962
142,1.1998748956248164,3.06184552796185,-0.4369058613116534
143,1.7664804803207517,2.9081386351026595,-0.24422485053699525
148,0.523167060688138,1.710372134577483,-0.531535366115492
151,0.021071767434477806,1.0414907336235046,-0.9603378297013548
155,0.6144194225780666,11.16847363859415,-0.8957099212581008
163,1.1868453919887543,0.8480273075401783,0.16650578904854585
164,2.007428530137986,10.179320205934346,-0.6705555232797398
165,1.461212232708931,4.7436442244797945,-0.5290101413977798
171,7.60038551595062,21.55280181253329,-0.4785897383834283
177,3.4167213728651404,3.462934922426939,-0.00671742127487051
179,3.4251509802415967,3.342419137712568,0.012224748482403054
180,0.8404141939245164,1.3532485393807292,-0.2337799414968767
184,0.4645749079063535,8.902502037584782,-0.9008068556263055
186,2.0115935131907463,0.9370005533564836,0.36444248871877927
190,0.899332663975656,9.447177741676569,-0.8261572977330076
196,4.081211599055678,7.964037857018411,-0.322353328764346
200,0.10641951486468315,5.716883406043053,-0.9634504622855593
203,0.8991590263321996,2.673997133038938,-0.49671439689291574
206,0.4050591471605003,4.836025044322014,-0.8454292538100417
208,1.023567101918161,10.860720275435597,-0.8277444714322467
212,0.23734912276268005,1.1787951849400997,-0.6647952874971732
214,2.1475697210989892,4.545036839321256,-0.35822621523882997
215,0.1351567916572094,1.0466914474964142,-0.7712789389027018
219,1.21259431168437,3.3564877435564995,-0.4692175377792903
222,3.637638721615076,5.79399791941978,-0.2286304360393464
223,0.14896170236170292,0.16073951870203018,-0.03802960898841755
229,2.6704169660806656,4.247823647689074,-0.22800691240321777
231,2.1246477467939258,6.134075377136469,-0.48547790865205054
232,5.3885962860658765,18.40707774553448,-0.5470944610427794
235,1.9884858494624496,8.986727823503315,-0.637640612982174
242,0.5173844136297703,0.20364911621436477,0.43511887371283575
243,7.944847047328949,22.637634915299714,-0.48043150604730683
247,8.915971354581416,29.284796779043972,-0.5332046034575103
249,3.993199283257127,0.6369537787977606,0.7248670744740178
252,0.3557736212387681,3.2637988310307264,-0.803416770388946
253,1.213912833482027,1.4628785979002714,-0.09300902621672885
256,7.133258095011115,1.4928064888808876,0.6538846946106045
263,2.0776196173392236,5.923799238167703,-0.48068719939350374
274,0.46888632234185934,1.5953453215770423,-0.5457037743574543
275,1.068697975948453,8.930934118106961,-0.786252540914147
276,3.8387370109558105,1.9438894437626004,0.32767940001498047
277,0.7410118505358696,6.866453384980559,-0.8051882387640069
284,2.8690369920805097,4.615078770555556,-0.2332996754528847
294,1.2384009528905153,2.8334562671370804,-0.3917267301026246
300,2.5583259277045727,5.386816514655948,-0.3560025018394343
302,0.5991545505821705,3.3496534693986177,-0.6965390327659262
308,3.4999123411253095,4.228344801813364,-0.09425572250187492
318,6.118362572975457,4.940196672454476,0.10653882430550465
320,2.7984935846179724,13.343542568851262,-0.6532663465734032
325,2.2816181425005198,11.974571891129017,-0.6799119347990378
328,5.122330732643604,10.88631933555007,-0.360054631611826
335,1.1475291224196553,4.1775804264470935,-0.5690120130339296
337,1.0447494410909712,8.250410596840084,-0.7752057120419623
340,3.2404078086838126,13.096276552416384,-0.6032967599716925
341,0.6831788858398795,3.2247193828225136,-0.6503599434413909
346,0.04332996439188719,1.5427168011665344,-0.9453610507164281
350,1.0798031757585704,11.461523262783885,-0.8278008022436136
359,0.5092620067298412,5.494751861318946,-0.8303594835313867
360,1.8822290878742933,7.090671280864626,-0.5804636158822929
361,0.302248515188694,2.0759486192837358,-0.7458171059010071
365,3.414000451564789,16.839629070367664,-0.6628751949996782
368,0.2941727638244629,0.6242363601922989,-0.3593862340172621
371,2.3664896306581795,14.428116549737751,-0.71818456411072
373,1.7298457375727594,5.194489098154008,-0.5003575712001375
377,2.7697883136570454,15.112432329449803,-0.6902187520289798
381,2.3582873474806547,8.55732170958072,-0.5679054947547159
386,0.5277010928839445,6.641113098710775,-0.852778694277475
388,0.15788780059665442,4.27784164249897,-0.9288108967769091
389,1.1892932802438736,4.202238822355866,-0.5588291945175701
400,0.5009498130530119,2.036348295863718,-0.605131291989029
402,1.791480552405119,5.481943740043789,-0.5073900599294766
405,2.148650515358895,9.741042575798929,-0.6385692214448947
408,0.35386325884610415,2.2067989483475685,-0.72361582261623
415,1.3269764631986618,8.242623736150563,-0.722668359062845
422,3.1517402166500688,14.278825752437115,-0.6383662788414391
428,0.5356632694602013,1.9215814070776105,-0.5640130797107127
429,1.151408608071506,3.579814459197223,-0.5132723223145531
431,2.730448140297085,6.6202259957790375,-0.4159890291197578
432,0.53031684178859,1.5590352695435286,-0.49236240372072143
441,5.571212494745851,3.714605817105621,0.199940017701019
450,2.349560024216771,14.37952804332599,-0.7191048292972202
451,1.3657108899205923,1.6493555025663227,-0.09407574352340478
452,1.313188597559929,6.746931571513414,-0.6741516081611372
453,0.7943882253021002,6.0317941177636385,-0.767252562155932
456,4.026314954273403,9.85663470486179,-0.4199626083605027
460,4.852443697862327,5.788938471581787,-0.08800499397610606
461,2.3493286157026887,4.266953316517174,-0.28983418791085336
464,6.954333656467497,14.332720825914294,-0.34661381524405666
467,0.4525236478075385,1.2708866894245148,-0.4748509533317895
468,4.4490936463698745,5.162233076989651,-0.07419781380300769
469,2.4281387822702527,11.69781584199518,-0.6562159730996804
474,1.7414664360694587,3.7592153307050467,-0.3668179655152802
478,8.738965555559844,10.522793443873525,-0.09260981244579293
479,0.8408588324673474,8.747704165056348,-0.8246121274512319
483,0.9941642037592828,5.220104361884296,-0.6800382238849496
484,3.073779511731118,5.816003663931042,-0.3084691828825577
496,1.9386755283921957,5.436870655976236,-0.4742964168535156
498,0.08129361970350146,2.7825464978814125,-0.9432275431824537
506,0.30404200591146946,1.432775128632784,-0.6498859898781733
509,1.5798206785693765,4.523558442946523,-0.4823127821110229
511,4.383131802082062,5.664856821298599,-0.12756035732703402
515,0.17534684389829636,0.9048793138936162,-0.675351605524791
517,2.245411862619221,4.092729438561946,-0.2914604594880474
518,2.3969837054610252,3.6465570316649973,-0.2067617942123766
519,2.073669472709298,7.385813260450959,-0.5615681044714376
523,0.6570635251700878,6.3834922052919865,-0.8133489598476991
524,0.8343000132590532,4.620975708588958,-0.6941309456025898
529,4.538090156391263,4.126160440966487,0.047543605854423306
531,4.0877542262896895,13.042396805249155,-0.5227416011961761
532,2.9566988879814744,2.0513975974172354,0.18076754176032703
534,0.6951055871322751,2.5990431499667466,-0.5779755908989671
538,2.9000542708672583,8.207599990069866,-0.4778277748405851
539,1.806645403150469,8.03118042089045,-0.6327144969906165
540,0.9510749317705631,15.441133663058281,-0.8839601233392022
543,0.20806961879134178,2.6323480792343616,-0.8534936471235255
546,4.822703880723566,9.213370699435472,-0.31281301575000925
547,5.274676165077835,10.907019458012655,-0.34806879477434943
549,5.661836865823716,13.272581666707993,-0.40195291911434516
551,0.7299340963363647,0.32307454524561763,0.3863781692039272
561,1.8941414509899914,19.823347851401195,-0.8255653381828211
563,1.2530549243092537,4.80634562112391,-0.5864096077114602
570,2.160327548161149,10.094157291576266,-0.6474225434338595
572,0.9657961991615593,10.916675245389342,-0.837441864906837
575,1.5385707532986999,5.194540483877063,-0.5429837116594757
588,2.366715661715716,23.6089088935405,-0.8177741092090727
592,0.7238089866004884,3.9899166226387024,-0.6928930334077466
594,0.13769797049462795,2.8149339077062905,-0.9067286568896745
595,3.0460576163604856,5.299002733081579,-0.26997349598214126
600,0.25603410229086876,1.0486160283908248,-0.6075053437393334
602,1.0091846864670515,2.1102552078664303,-0.35297058404591797
604,0.18095720000565052,1.17474649194628,-0.7330431405029568
605,0.5536609077826142,4.478959988802671,-0.7799711445943913
606,3.670718080829829,5.793514742515981,-0.22429674980623243
607,2.4448222806677222,9.32462008902803,-0.584547474065041
610,1.3114463351666927,0.24463818687945604,0.6855721094659875
614,0.58622673060745,3.046195577830076,-0.6772254540745005
617,1.002076187171042,1.6869740057736635,-0.25469878561558346
619,1.0377763099968433,8.778448546305299,-0.7885589775725295
620,2.827785363420844,3.9432999964337796,-0.16474679814651177
621,0.33289043325930834,3.1276517398655415,-0.8076079315865617
626,5.003574264701456,5.422846264671534,-0.0402124582246494
631,0.18005918432027102,3.805670070461929,-0.9096480604623681
634,2.3230846440419555,3.5685099312104285,-0.21139018838799004
636,0.7470458773896098,3.002280194312334,-0.601503916648785
641,0.05676668882369995,1.3443902060389519,-0.9189716882780297
645,0.617627527564764,14.820349381305277,-0.9199859500747977
649,0.34747586213052273,0.774517435580492,-0.380609736547267
654,0.33111394522711635,2.2845237012952566,-0.7468197128392589
655,0.29814643412828445,2.1815963964909315,-0.759534391673822
657,0.16553206462413073,3.735128805041313,-0.9151261439250493
664,0.7109453864395618,9.4540486484766,-0.8601188777882336
666,0.7655346542596817,7.304707877337933,-0.8102821194622662
669,0.07180897798389196,2.74388574808836,-0.9489937759804407
671,1.3111928747966886,8.369451918639243,-0.7291104254365118
673,1.6472988966852427,8.437532826326787,-0.6733115748621373
676,0.8246543016284704,1.8701413525268435,-0.38796524303646834
677,1.3894467977806926,6.278928918763995,-0.6376164003588792
679,0.3898372435942292,2.9997608587145805,-0.7699802561671968
682,0.6588997594080865,2.490312295500189,-0.5815462738487653
684,1.9241124596446753,7.409718945622444,-0.5877121888961516
689,0.346779047511518,1.6298648789525032,-0.6491234026836703
691,1.9902225527912378,2.6645671725273132,-0.14487112405271577
696,1.1904542995616794,6.659594954922795,-0.6967014445464885
697,2.7893929802812636,21.869316620752215,-0.7737600202595563
699,0.8334793215617537,3.1869257502257824,-0.5853754501451426
700,0.5587126156315207,3.6389914685860276,-0.7338008566480304
703,1.1027698367834091,2.081207307986915,-0.3073004066031944
705,4.732397336047143,23.42339296755381,-0.6638419817012041
708,0.2919603353366256,1.8842397471889853,-0.7316787756039841
710,2.616558087989688,2.8823621440678835,-0.048337499883807075
711,1.5875272136181593,1.8201403617858887,-0.06826169015036043
714,0.1221867105923593,3.1330829858779907,-0.9249299001398825
716,2.9468638198450208,7.760647139046341,-0.44957071140829186
721,18.887791304849088,25.607372710714117,-0.15101824107254777
724,0.21940895123407245,4.845298338681459,-0.9133576972270836
726,1.5093201585114002,2.1421626950614154,-0.17331110727539997
730,0.2552526704967022,0.9946880787611008,-0.5915763676821266
734,0.5482940301299095,0.7019086740911007,-0.12287178986449575
739,3.7317069806158543,6.316228972747922,-0.2572191944820849
742,0.9680312215350568,4.296545551158488,-0.6322472771006458
748,1.0242819259874523,4.265960982069373,-0.6127656352309196
751,4.237404018640518,8.362967523746192,-0.3274160203314052
754,0.9999268469400704,3.1715049585327506,-0.5205833902745575
757,4.036368747241795,9.598526544868946,-0.40793549774049614
761,1.5106454640626907,9.714850775897503,-0.7308545775133745
762,0.21209391485899687,0.6948925284668803,-0.532310727641034
770,0.04171392694115639,0.2726282700896263,-0.7345954355759705
772,0.07944526057690382,0.13485707342624664,-0.25856840573780054
775,0.23431137297302485,0.7355899158865213,-0.5168345981913331
777,0.12008572882041335,2.3922692770138383,-0.9044038533232767
778,0.03281023260205984,0.5865569412708282,-0.8940524006225733
779,0.22306390944868326,2.772400915622711,-0.8510655791501125
780,0.775773536413908,1.5507367858663201,-0.3331011438163457
782,0.5147748328745365,0.21933997352607548,0.4024368624256266
784,0.2943318821489811,2.28278985992074,-0.7715809250726471
785,1.0586617952212691,3.25882017519325,-0.5095929514119628
787,0.14253900665789843,1.7753717321902514,-0.8513601245656202
789,0.2650848915800452,2.4789742920547724,-0.8067936047725373
792,0.054545553401112556,0.4424688071012497,-0.7805071332491467
794,0.1716633141040802,1.7364287413656712,-0.8200681003703161
799,0.09966533724218607,1.015515104867518,-0.8212570208744885
803,0.03923230431973934,1.4806041419506073,-0.9483729918222595
804,0.10974327381700277,1.7621115148067474,-0.8827438170050241
805,1.4310289383865893,8.723939595278352,-0.7181618173127932
813,0.25676896795630455,0.21067199297249317,0.09861560889340723
814,1.104014815762639,0.7611955683678389,0.1837965573810761
815,0.792457852512598,0.11364259431138635,0.7491611560062795
818,0.5690041398629546,0.6164895705878735,-0.04005540502346544
824,0.061773830093443394,0.5560410022735596,-0.8000247748757587
827,0.758196447044611,1.263945084065199,-0.2501054596029034
830,0.45488336496055126,1.2055646628141403,-0.4520956303939179
831,0.08549590408802032,2.666672557592392,-0.937870152006402
836,0.10721027012914419,0.9139750897884369,-0.7900277964459027
837,0.5909102540463209,0.424613029230386,0.1637552063594183
839,0.09660729952156544,1.2459105737507343,-0.8560804270165587
845,0.3804464992135763,0.0738900750875473,0.6747341980929228
846,0.4551527267321944,2.1964100440964103,-0.6566909659918864
850,0.2375545334070921,0.858676515519619,-0.5665976919008846
851,0.4755113534629345,0.12928798515349627,0.5724598990152728
858,0.6832165354862809,3.5598420863971114,-0.6779603600275707
867,0.8259167931973934,0.8464352805167437,-0.012269239020805192
870,1.8762411223724484,8.593370079994202,-0.6415834196500734
879,0.2802239628508687,2.1330955903977156,-0.7677688704970368
888,2.711487900465727,7.891535088419914,-0.4885443701653346
890,1.653209759388119,3.999041620641947,-0.4150261026148725
891,1.0132327051833272,2.2669978253543377,-0.3822185997290632
892,1.122976979240775,1.898848774842918,-0.25675596766404335
894,0.3747392017394304,2.7237066738307476,-0.7581115070013287
898,7.137660969980061,12.808563802856952,-0.284309582262369
900,1.1408262392506003,6.7045305371284485,-0.7091716102228068
906,0.5524142468348145,5.615129293408245,-0.8208640950061441
907,0.2418192895129323,1.6097099054604769,-0.7387896554158578
909,2.6526711089536548,9.463480875827372,-0.5621264717897351
911,0.5264001861214638,2.4779298016801476,-0.6495723251046889
916,1.5012682056985795,8.593258686829358,-0.7025579857912542
917,1.792163798585534,2.0498488917946815,-0.06707033890186843
921,0.5782206375151873,6.048834859393537,-0.8254969683639081
922,0.211812911555171,2.1427229177206755,-0.820080961247699
924,0.02628385368734598,0.6929892897605896,-0.9269155148437376
925,0.24057817924767733,2.6413926277309656,-0.8330460678744296
929,0.4231921872124076,3.3535860255360603,-0.7758977819855476
930,0.31843837909400463,0.21545315347611904,0.19289540915160733
931,0.19774070754647255,2.337399714626372,-0.8440001935850063
933,1.3473092895001173,4.790938162244856,-0.5610117382552291
940,0.8817217517644167,5.349984084255993,-0.7170207403987972
942,1.8067375561222434,7.609696872998029,-0.6162586656929877
945,1.1983079663477838,13.778976541012526,-0.8399832805794245
946,0.07448914367705584,2.835520881228149,-0.9488048886154907
949,1.35033039143309,8.541841541416943,-0.7269901088254923
950,0.1324750748462975,3.7991556525230408,-0.9326106218854368
951,0.5870938831940293,6.650555614382029,-0.8377666994260857
952,0.18173190020024776,1.5787829272449017,-0.793546867805285
954,0.1632234980352223,7.352410167455673,-0.9565642751361966
955,0.32638881634920835,1.06395198777318,-0.5304909193749846
957,1.1872483426705003,1.6569333765655756,-0.16513889767249604
958,0.08994722785428166,1.9490913869813085,-0.9117748656643365
959,1.3742499807849526,6.424422117415816,-0.6475682107208149
960,2.85536549706012,7.491989676142111,-0.4480975187833077
961,1.0777945052832365,4.029279914684594,-0.5779209713218494
962,4.094370022416115,14.523613726720214,-0.5601704161325924
966,1.7399951010011137,21.009903563652188,-0.8470327163518332
968,0.8182784589007497,2.1362026897259057,-0.44607637162867886
969,0.2737202849239111,1.6811715960502625,-0.7199637610772938
973,1.9085077084600925,2.824158009607345,-0.19347453542967757
974,0.2226691795513034,1.8964721411466599,-0.7898496175060569
975,7.122827964834869,24.40254287654534,-0.5481209086691715
976,3.476997008547187,1.0646718684583902,0.5311539007834417
985,1.9500061180442572,8.157195998821408,-0.6141353273641116
988,1.9456120091490448,10.783423600718379,-0.6943033127126814
989,1.2442423943430185,2.137648191768676,-0.2641734777270191
993,3.1409123027697206,1.9502271567471325,0.2338739992275422
994,5.576297000981867,5.430433567613363,0.013252203500344888
997,4.237641144543886,7.253123906441033,-0.2624266311700817
999,6.02748136408627,19.56004730705172,-0.5288735038420992
1014,0.389557879883796,3.8459774646908045,-0.8160525892514635
1015,0.06301881978288293,1.8889838755130768,-0.935431626262385
1017,2.12784685799852,3.469123907852918,-0.23964339032064189
1020,1.948560890275985,4.020716913510114,-0.3471368047101925
1023,5.067617610562593,24.659302552230656,-0.6590553220575037
1024,5.105141495354474,6.278947006911039,-0.10310931009741071
1030,3.3366942633874714,7.564568102359772,-0.3878334175550417
1038,0.26807855907827616,2.7813737550750375,-0.8241792089455113
1041,2.2230305457487702,6.854540173429996,-0.5102146566476676
1046,1.1797562795691192,6.646135789807886,-0.6984992205078072
1047,1.3473617415875196,5.339855895377696,-0.5970336798551464
1048,3.470297299325466,9.847256221808493,-0.47883861794606586
1055,2.06968267634511,2.056026142090559,0.003310106179457843
1057,4.149158958345652,3.198399158893153,0.12939806453816285
1058,0.623227609321475,4.701487464830279,-0.7659113771749974
1059,0.3518051956780255,6.167856705375016,-0.8920786994731587
1061,1.3517018319107592,6.268589403480291,-0.6452361753227096
1065,1.0493779149837792,4.9234212739393115,-0.6486143659642075
1066,0.711908208206296,1.0153805878944695,-0.17569290113677902
1067,5.058951713144779,15.892402406781912,-0.5170763966675068
1069,7.9714765241369605,9.522367799188942,-0.08865354271982225
1070,0.2505585355684161,1.7021509241312742,-0.743373460578901
1073,0.9901461731642485,3.462958394549787,-0.5553007309357617
1074,0.9077946748584509,4.381930670700967,-0.656770582381617
1077,0.07249586470425129,1.0228929929435253,-0.8676344675253284
1081,0.26377022825181484,1.212566358037293,-0.6426692521179819
1084,0.9315628195181489,1.8291468252427876,-0.32512800012405496
1085,1.0668576578609645,3.432283559348434,-0.5257505348885457
1090,1.1819143556058407,5.699143879581243,-0.6564730844560176
1094,0.44243231043219566,0.45598113536834717,-0.015080834998037645
1101,0.6544976942241192,4.287222348153591,-0.7351134064205002
1103,0.3145281756296754,4.680042101070285,-0.8740519571433765
1107,1.4508343702182174,8.990669643506408,-0.7221024158374966
1113,0.6659672074019909,0.14843811141327024,0.6354687083097023
1116,1.3197476821951568,18.279840100556612,-0.8653290368323964
1118,9.909025675151497,10.722198381554335,-0.03941466120322079
1124,1.7846425380557775,1.940990777220577,-0.04196554677661833
1126,0.7718417253345251,5.1140362760052085,-0.7377309807783278
1132,1.2299431534484029,6.449791230261326,-0.6796912257648647
1137,1.2776709729805589,1.6272310363128781,-0.1203345456107908
1140,1.2015897291712463,9.334427397698164,-0.7719081670611021
1144,1.6271122600883245,3.9067258900031447,-0.4119407846933016
1145,6.9007291262969375,9.6620013944339,-0.16671600523118058
1146,2.1912067434750497,8.134296294068918,-0.5755738513643323
1147,0.35763956140726805,2.1733757369220257,-0.717394389797879
1149,2.4337404873222113,3.6930292546749115,-0.20553877824401615
1159,3.042479963041842,5.2589299264363945,-0.2669968105301682
1160,1.9421222992241383,3.602045114384964,-0.2993998361387795
1163,4.136251616291702,4.859144396614283,-0.08036252981918122
1164,3.1887258267961442,4.748218785505742,-0.19648530195010575
1165,4.139951265417039,7.132023974787444,-0.26544351328045146
1168,8.075858902651817,10.427907319972292,-0.1271118749027728
1171,0.6176753221079707,6.000836929306388,-0.8133491943068076
1173,0.9309935588389635,3.76872247364372,-0.6038085908150257
1184,4.551927189808339,22.456696819979697,-0.6629278716191516
1186,0.2751658479683101,3.1403568275272846,-0.838873359007167
1193,3.51336529571563,2.383364586159587,0.19163175729468895
1200,1.1872751247137785,6.327477538026869,-0.6840148497233125
1201,0.22906243242323399,0.4923377837985754,-0.3649504747223794
1206,3.579328376799822,9.445715811103582,-0.4503929007589495
1207,1.5237214379012585,5.848525213077664,-0.5866330821421378
1208,1.1715179975144565,11.449393177405,-0.8143528654503283
1211,1.4532677554525435,10.347253231331706,-0.7536943060258987
1212,2.5039225523360074,3.232039117254317,-0.12693888259022942
1214,0.3609563931822777,0.2307436689734459,0.2200654225625928
1218,4.005874203518033,5.245167802087963,-0.13396259554532364
1220,0.6288422988727689,3.4212303571403027,-0.6894661640504238
1224,3.2984230662696064,10.951788037084043,-0.5370702872614115
1226,0.7336972309276462,3.497023648582399,-0.653157345131716
1229,0.330232004635036,0.7469667829573154,-0.38686896339099774
1231,0.20909927412867546,3.0732849943451583,-0.8725930561284746
1232,0.19983744993805885,0.3316035531461239,-0.24794116833876428
1234,0.19462383538484573,1.198918397538364,-0.7206775212302723
1235,0.12385650165379047,4.012363761663437,-0.9401112640191321
1254,2.9377529369667172,12.12582641467452,-0.6099528713078486
1263,6.310713704209775,25.337405337952077,-0.6011950223137813
1268,1.8688086606562138,6.1503561097197235,-0.5339143878025414
1273,3.069445732049644,18.440189383924007,-0.7145980658899652
1275,2.7250688392668962,13.533744419924915,-0.6647887154092715
1276,4.895664508920163,20.265103060286492,-0.6108493514393343
1282,3.8987413123250008,14.602847172878683,-0.578550640076852
1283,2.4007990388199687,12.454877370968461,-0.6767836115172222
1288,2.9452471025288105,2.404321499168873,0.1011157429008713
1296,2.4070844217203557,8.111004692967981,-0.5422962487816968
1301,0.9962675701826811,1.5610140971839428,-0.22083860929664115
1307,2.5564199900254607,7.045765755698085,-0.46753373498024065
1308,0.5356174940243363,2.6206194842234254,-0.6605974153930458
1316,10.250942791812122,5.001424911199138,0.3441772440075801
1322,8.104904698207974,5.286449774634093,0.21046824869654174
1323,1.0307628377340734,10.166823751293123,-0.8158955361426626
1326,1.3135047350078821,3.532468671677634,-0.45789849643169855
1331,2.535617512650788,9.093422606121749,-0.5639162842756263
1335,0.6534449188038707,6.608479680493474,-0.8200353336448832
1341,2.0752992685884237,1.426916889846325,0.1851348830026803
1344,1.1666426369920373,3.6982966540381312,-0.5203875866885662
1350,1.9267869065515697,7.980020218528807,-0.6110175796853938
1351,1.5212255315855145,2.895411203149706,-0.31113848706560276
1352,0.41840485110878944,5.120439546182752,-0.8489198030860693
1353,0.4090937003493309,7.948071246035397,-0.9020974928760371
1355,0.5169246159493923,2.7346902042627335,-0.6820505228746554
1358,0.471803717315197,4.3078753054142,-0.8025793300880784
1360,3.3458780739456415,6.552717815618962,-0.3239691545599657
1361,0.4845388946123421,4.06506273150444,-0.7869972211055746
1363,0.18857159465551376,1.8102768324315548,-0.8113197658206373
1364,0.47458554059267044,3.624504934065044,-0.7684434908050259
1365,1.0512808188796043,0.08778340648859739,0.8458675032821008
1367,1.0381691232323647,0.13523435406386852,0.769500676142768
1370,0.18059954792261124,0.1786272283643484,0.0054904580851227935
1372,0.36256737215444446,2.5380840487778187,-0.7500096912449472
1373,0.2060296949930489,2.488532812334597,-0.8470774424915427
1377,0.6381280198693275,0.20439203083515167,0.514807913082887
1379,0.2542832586914301,0.44804558902978897,-0.27588547867108915
1386,0.11040042294189334,2.3572320863604546,-0.9105211796925458
1387,2.1184765128418803,8.686054770834744,-0.6078540647028794
1392,0.1264723837375641,0.4958150293678045,-0.5935242105999469
1396,1.5742194838821888,22.527352855540812,-0.8693679016694137
1397,0.2897918433882296,4.741073660552502,-0.8847944381889459
1399,0.16277213860303164,1.4105616882443428,-0.7930863293906432
1401,0.07181474380195141,0.08095061779022217,-0.05980330811247857
1405,1.3212743187323213,4.338641366921365,-0.5331116602737913
1406,0.7095153164118528,1.311706893146038,-0.2979343754913552
1407,0.8476442657411098,7.837526730261743,-0.8048065452869907
1410,0.8078973814845085,2.922195101156831,-0.5668217958431386
1412,0.41997432615607977,1.1526261446997523,-0.46588553934775745
1414,1.651009675115347,10.302301226183772,-0.7237569258009892
1416,1.2959471172653139,5.908964565489441,-0.6402600963541204
1417,1.9453423582017422,5.487684458494186,-0.47656791609243543
1418,1.5681628389284015,11.988833344075829,-0.7686562985250792
1421,1.5789005002006888,2.415328332222998,-0.20940909174564187
1422,3.3055314756929874,2.721724880859256,0.09686108575736577
1423,3.626049231737852,0.4602254843339324,0.7747456956213931
1427,1.7016726545989513,14.003492972813547,-0.7832977129984331
1430,0.8773972867056727,3.0923126712441444,-0.5579539583495973
1431,6.779982951469719,8.523718713317066,-0.11394209061586062
1434,5.167159643024206,6.1765519035980105,-0.08898253948235127
1436,0.5872686840593815,4.371766140684485,-0.7631520225954068
1437,3.4309445661492646,19.199532678350806,-0.6967854871921941
1438,4.8281116504222155,6.438674456439912,-0.14294784606203073
1439,1.17539305659011,3.6197557067498565,-0.5097574175064099
1440,2.3064691917970777,2.5418383893556893,-0.04854667193012537
1442,0.08600406721234322,1.3481839136220515,-0.8800658374465709
1448,2.239386416040361,5.890676717739552,-0.44910971066483546
1449,4.528845257125795,5.306408214149997,-0.07905876135221354
1452,1.210516968742013,8.366704297252,-0.7472091465526461
1458,0.8990715397521853,1.7066050246357918,-0.3099131703143557
1462,0.530092628672719,1.491115901619196,-0.47546963044293344
1465,2.890640643425286,3.5432107120286673,-0.10142759484956064
1471,3.8751031374558806,8.12318991869688,-0.354057594806139
1473,0.5565632246434689,6.759163310751319,-0.8478447159140953
1474,0.5196735095232725,2.8151480071246624,-0.6883350386643916
1478,2.95891599310562,14.479613073170185,-0.6606461494704656
1479,1.2825062163174152,9.751450863666832,-0.7675346737310981
1482,2.860262922011316,1.9302796348929405,0.19412901066453625
1487,1.377531141974032,5.96951621863991,-0.6250109535542089
1510,2.0055789221078157,5.097540761809796,-0.43529631729311125
1511,0.5047934567555785,4.208627545274794,-0.7858059118680362
1518,0.6525146891362965,8.055515513755381,-0.8501349504001396
1538,0.9057009341195226,1.684089507907629,-0.30056044734589576
1542,2.639724307693541,10.810099055059254,-0.6074707843369671
1550,1.6695441734045744,5.024120385758579,-0.5011569048170073
1553,2.773208787664771,6.307545165531337,-0.38921177647613875
1556,0.8900517397560179,3.56317320978269,-0.6002664361931616
1557,7.813770344480872,4.224180097691715,0.2981894853307783
1567,0.633768449537456,4.703044952824712,-0.7624918085922509
1573,1.6030747350305319,2.777438446879387,-0.26808815841448064
1575,4.2701179422438145,5.977306311484426,-0.1665968273558433
1577,1.3649250017479062,1.748618420213461,-0.12323368152152668
1581,1.4713184894062579,6.533558958210051,-0.6323944997197419
1582,1.5412680744193494,8.887890635058284,-0.7044309867450661
1589,2.0852173967286944,4.162175319157541,-0.3324519550607254
1590,1.8035136219114065,5.718151394277811,-0.5204483002021804
1591,1.0837066434323788,1.8687330181710422,-0.26589074281438924
1593,1.8759523923508823,5.730778044089675,-0.5067651185943809
1597,1.6010638833977282,4.3382355542853475,-0.46085766505063275
1601,0.36239577969536185,1.2692446894943714,-0.5557896650165778
1608,1.3704049438238144,0.8023999072611332,0.26141557824615386
1611,0.21394228283315897,1.1010366771370173,-0.6746072913009216
1612,1.6351454383693635,7.652985580265522,-0.6479064657703307
1613,3.0564621966332197,3.5886789057403803,-0.08009110730801129
1614,0.7244728258810937,6.44053984247148,-0.7977748653309589
1616,0.617022093385458,4.386331779882312,-0.7533566047836437
1624,2.051358856726438,4.094140077009797,-0.3324028272251431
1632,1.6347531480714679,7.682769624516368,-0.6491013356294146
1634,1.879248988814652,4.253894904628396,-0.38718248863394417
1637,3.553915717639029,8.204885058570653,-0.3955309244069374
1648,0.25861484836786985,1.3030870109796524,-0.6688038157600026
1650,0.9841088159009814,1.4585674367845058,-0.1942372102572777
1655,1.2435198752209544,2.1667905589565635,-0.2707292199802357
1662,2.4923071078956127,0.5190677235368639,0.6552619633270449
1667,0.8233378091827035,4.832131236791611,-0.7088348278489376
1668,0.40103990864008665,1.5801172377541661,-0.5951457870262485
1680,3.350743416696787,8.000736724119633,-0.4096376199172913
1684,0.1988218268379569,3.844340216368437,-0.901650329759856
1690,0.36835305113345385,3.7293246034532785,-0.820213749257925
1696,2.538223911076784,5.237103836378083,-0.34710818797116144
1697,1.1844661994837224,10.631911784410477,-0.7995212744381472
1698,5.240255389362574,11.54582321154885,-0.3756426960757548
1699,0.5254438011907041,2.1232392857782543,-0.6032414721292296
1700,3.5599250379018486,15.237076135352254,-0.6212241511196468
1701,3.5438951309770346,10.310781043022871,-0.4884189155387324
1702,2.3301590150222182,9.954961482435465,-0.6206534538257499
1706,1.0094153713434935,4.897254787385464,-0.658211701612593
1713,0.7925363946706057,7.852125506848097,-0.8166414363685455
1724,1.0377644142135978,0.7255246653221548,0.17707802567090924
1732,2.6765001341700554,3.4843100989237428,-0.1311207348043725
1738,1.4023778028786182,8.15600840933621,-0.7065659889141436
1741,0.4347770749591291,11.976172944530845,-0.9299365359981586
1748,2.917781860101968,11.134941915981472,-0.5847378904482444
1754,0.6109491409733891,5.115076275542378,-0.786606207086821
1758,1.2393398424610496,3.852605420164764,-0.5132155675129141
1772,0.43110044626519084,7.377038466278464,-0.8895766453199034
1773,7.083668006584048,4.162586494116113,0.25973816547418677
1775,0.6469180737622082,4.579418069683015,-0.752439163495468
1786,1.2643918124958873,5.495540753006935,-0.6259158504187974
1788,1.2425288828089833,11.228670420125127,-0.8007362639907369
1789,3.5976484110578895,3.3634239146485925,0.03364776078310489
1797,2.78848177799955,8.175178669393063,-0.49132284944797705
1798,0.8256822470575571,0.991460935678333,-0.0912303940579346
1802,1.1349828173406422,3.405800696462393,-0.5000938433242716
1803,0.6311881868168712,1.8435833677649498,-0.48990185728575475
1804,1.8101776950061321,7.196115504950285,-0.5980193727170262
1806,0.9821476731449366,6.771680710837245,-0.7466676783370069
1817,0.7317340169101954,2.840204119682312,-0.5902874076041323
1821,0.6196692055091262,3.153669888153672,-0.671553926043818
1826,4.340396796353161,6.425297459587455,-0.19366151533456666
1831,1.5982542354613543,9.26885073678568,-0.7058546430639236
1841,0.5309497658163309,5.537756219506264,-0.8250204352951465
1846,1.4261534251272678,9.468154279515147,-0.7381837444301473
1847,1.0726367644965649,1.380493750795722,-0.12549555940049562
1852,1.180761597584933,10.592090846505016,-0.7994094289055524
1853,0.13844896107912064,0.8722000867128372,-0.7260197070744514
1859,2.575654350221157,6.029192641377449,-0.40134801868386194
1860,2.481021241284907,5.5714890086092055,-0.3837893615055694
1862,1.0208722138777375,5.276364705991,-0.6757713813634457
1864,1.6614649491384625,5.845600984990597,-0.5573597025209829
1865,2.207118295133114,0.8711711594369262,0.4339900959321423
1866,3.2807715237140656,1.1679338524118066,0.4749331530562574
1868,0.27789762848988175,9.641815580427647,-0.9439706324895498
1869,4.73515681643039,5.529764070175588,-0.07740997349350756
1870,3.215600648894906,2.399490274954587,0.14534232570906958
1871,7.722478716634214,2.0410455295350403,0.5819039358997564
1876,0.24366506468504667,0.6422560201026499,-0.4499169985469668
1880,0.307043997105211,2.240139227360487,-0.758914871803149
1881,6.389397849794477,10.01318985177204,-0.2209280674433617
1887,3.2729570865631104,0.3575685410760343,0.8030210620995092
1889,0.18683622917160392,6.046837002038956,-0.9400558154904148
1890,12.407719197217375,7.490065889665857,0.24714576451994272
1891,12.105334603693336,6.9852245359215885,0.2682011579821521
1898,1.3298274260014296,6.66412380291149,-0.6672915838685687
1900,0.9006153764203191,5.176514031365514,-0.7036050029585251
1902,0.16089792968705297,4.487561583518982,-0.9307736555603353
1907,1.9107350641861558,5.0644083227962255,-0.4521302407195351
1908,4.6428320007398725,1.6379485013894737,0.4784251731661674
1916,0.22219972405582666,0.5475434469990432,-0.4226652930183674
1917,2.5919688548892736,1.0840371875092387,0.41020924611857623
1919,4.651334558613598,4.3982311063446105,0.027968574585742704
1920,3.3132978631183505,20.035387956071645,-0.7161897771226551
1921,1.9681812366470695,4.511682204902172,-0.3925238535037084
1924,0.7160177798941731,12.10844311118126,-0.8883356133289165
1925,0.6581500861793756,6.2146954126656055,-0.8084781372459527
1929,0.43127944879233837,4.604617141187191,-0.8287179090806128
1931,1.7428510952740908,0.9890194372273982,0.2759397449761854
1932,1.2262407084926963,10.428450138308108,-0.7895713023001906
1933,1.3343580206856132,10.281629359349608,-0.7702549121257822
1934,0.5431339051574469,3.522642130497843,-0.7328264516319944
1936,1.6127188988029957,4.760650165379047,-0.49391950079695607
1938,1.3403588733635843,4.7531609907746315,-0.5600707298085008
1941,2.2937045823782682,6.608014793135226,-0.48466032557981
1942,0.40074363350868225,3.2871499098837376,-0.7826707149792412
1944,1.0691703986376524,4.4225297989323735,-0.6106231730890752
1945,1.6785317682661116,4.32466831151396,-0.44078766459244006
1946,0.8239505686797202,5.632403599098325,-0.7447628964370598
1947,1.667659864295274,6.7213962795212865,-0.6024201446011824
1948,10.501274038106203,7.139675420010462,0.19055655853879602
1949,1.9371047937311232,8.27081017382443,-0.6204700372430112
1955,2.1087121623568237,3.5758648584596813,-0.2580935557263089
1960,2.2619516011327505,3.979111975990236,-0.2751390614176036
1961,1.010003220755607,5.656945677474141,-0.697011860695636
1966,0.6622571987099946,5.247848588973284,-0.7758899002821461
1967,1.348758869804442,7.270891210064292,-0.6870502033592237
1968,1.047433139756322,4.367312345653772,-0.6131182370144957
1972,2.0539235253818333,7.573294939938933,-0.5733090439817529
1974,0.0626918668858707,1.3996995985507965,-0.9142611696415937
1977,2.1797615494579077,4.047595778014511,-0.2999401078714759
1980,0.12901596818119287,0.9401606563478708,-0.7586629463800718
1981,3.0846377848647535,8.72052131826058,-0.4774085197973561
1985,7.343077129684389,15.31452547153458,-0.35182223301157994
1987,2.472962842322886,4.918895984068513,-0.33089554321742454
1990,5.20906299771741,19.766275245696306,-0.5828634673973722
1993,0.3345883400179446,4.595161016099155,-0.8642574638796995
2000,1.0327081345021725,3.0454562245868146,-0.49354266107454586
2001,1.15526532381773,6.059480194700882,-0.6797488363649788
2002,0.8242995049804449,5.550189707428217,-0.7413755118210181
2003,1.7769377334043384,3.61889754422009,-0.34136694618045343
2008,0.07435238920152187,2.757706619799137,-0.9474923446399288
2014,0.8937714947387576,6.985358972102404,-0.7731294085050306
2015,2.6277708103880286,5.050934692379087,-0.3155693210421374
2020,0.15773660130798817,4.364784810692072,-0.9302439559976808
2030,2.509960032068193,14.045570072252303,-0.6967828856880256
2036,0.3464039023965597,8.436112143099308,-0.9211151108400937
2037,0.4919727146625519,2.256560370326042,-0.6420107021088199
2040,2.3368225190788507,6.049012282863259,-0.4426738483954209
2041,3.9449920477345586,9.75024376064539,-0.4238884086507108
2045,2.0620747646316886,8.449184359051287,-0.6076445760934729
2046,1.275989092886448,1.152882895898074,0.05068451427525797
2047,1.5156756658107042,3.7583724106661975,-0.42523251823544317
2048,0.4828531201928854,3.790595921687782,-0.7740218191623609
2049,0.7266131825745106,2.8610328999347985,-0.5949359742493927
2053,0.29606837034225464,1.3071504943072796,-0.6306575766156657
2054,3.562147649936378,3.5193055011332035,0.0060499092332055564
2055,2.6898427032865584,13.926658219657838,-0.6762443891454057
2057,2.2438707728870213,2.875434670597315,-0.12336905947153465
2058,4.278194850310683,4.71725940098986,-0.04880960298538
2061,0.23318162327632308,6.1309288665652275,-0.9267198067510006
2065,0.18521622754633427,1.5567733608186245,-0.787350936212457
2072,0.3976806132122874,6.882702065631747,-0.890752826944565
2074,0.09637230448424816,3.545637607574463,-0.9470774068101063
2082,2.85557929193601,16.281746414722875,-0.7015696617482187
2085,0.2863676454871893,2.53999653365463,-0.7973596979462576
2087,0.3175411466509104,2.4598931251093745,-0.7713420980795743
2088,0.1294302809983492,0.04169332701712847,0.5127109870940335
2090,1.27874362654984,2.025373903568834,-0.22596964854090748
2094,0.33685735054314137,5.7696334179490805,-0.8896723623061299
2095,0.3099882723763585,5.818780170753598,-0.8988415779603195
2096,0.6539286924526095,9.679037254769355,-0.8734286562458176
2098,1.509248061105609,6.4444419466890395,-0.6204911029655795
2102,3.5471537932753563,4.607602888951078,-0.13004055632792527
2104,0.3964350074529648,2.1808599438518286,-0.6923634935515549
2110,0.1861683325842023,3.8255300410091877,-0.9071872731957663
2119,6.191103842109442,8.764880315866321,-0.17209007756163996
2123,1.946110944263637,6.563761153258383,-0.5426227510915014
2124,2.9549582549370825,5.058459776919335,-0.2624974154124698
2125,0.053470042534172535,0.8907766938209534,-0.8867456132472008
2127,0.4705787468701601,0.3805718314833939,0.10574734679822194
2133,0.2444982398301363,4.020837678574026,-0.8853556931937704
2134,0.6310606272891164,1.5031465236097574,-0.40862289115324724
2136,0.7795922248624265,7.069464830681682,-0.8013539156752162
2137,0.9445083821192384,5.816543573979288,-0.7206031285508333
2138,0.1697505284100771,1.2767711663618684,-0.7652983304377994
2144,1.5446709282696247,5.114640875719488,-0.5360869189682357
2157,0.20034132013097405,3.145780675113201,-0.8802546228642242
2162,1.2999095916748047,11.140933774411678,-0.7910254870310914
2164,3.3984971437603235,7.374612246640027,-0.3690777619340198
2170,3.3244044478051364,5.69871568819508,-0.26313638792380845
2174,0.7861090898513794,0.9438145938329399,-0.09116327238528506
2175,10.370179645717144,11.543505076086149,-0.05354304605840826
2179,1.4945940217003226,5.844357514753938,-0.5926954921894152
2182,1.0299491211771965,3.349328599870205,-0.5296260311478368
2184,1.2630090033635497,2.2801076495088637,-0.28706326824448825
2187,3.879182666540146,0.03142803581431508,0.9839267888282077
2188,1.197792423889041,1.20190403284505,-0.0017133871013016381
2194,2.818341637495905,7.757944542914629,-0.4670451254020926
2204,1.025855720974505,4.793275046162307,-0.6474196019899444
2205,1.3404976539313793,0.5036728354170918,0.4537676008520646
2210,2.8684595990926027,1.7013548607937992,0.2553943378978149
2234,1.4735777247697115,1.3845859910361469,0.031135981903836565
2237,0.8263075212016702,7.585991804488003,-0.8035477604372268
2243,0.4780300264246762,5.812237020581961,-0.8480096241215764
2246,0.4740988677367568,5.091532068327069,-0.8296333791501929
2251,0.5783301698975265,8.969218086451292,-0.8788526322423362
2263,1.133990382310003,7.757708065677434,-0.7449327844519862
2264,0.8151405546814203,1.6126583041623235,-0.328494161110364
2265,0.6602736292406917,3.5260485019534826,-0.6845567022561224
2269,2.9145382968708873,10.94927467382513,-0.5795473722803899
2271,2.3578405333682895,9.90171976480633,-0.6153466395169709
2272,1.7570319380611181,0.3197955384384841,0.6920345651649111
2273,1.121231535449624,3.1052798237651587,-0.4694293046177141
2275,8.225908342283219,19.942072082776576,-0.41593907563460225
2276,1.1359994802623987,5.350865407846868,-0.6497539258617626
2278,1.207548726350069,1.9292696486227214,-0.23008055806823138
2281,1.333333283662796,3.4109761714935303,-0.43792313875567745
2282,2.2538612633943558,9.054720531217754,-0.6013892273444064
2283,0.8461601994931698,1.2258005642797798,-0.18322758395053695
2286,2.690833907574415,6.892099592834711,-0.4384112323309446
2292,0.058111896738409996,1.2924185022711754,-0.9139421122523662
2294,1.9348148871213198,3.3807804649695754,-0.27202326025046497
2295,0.9103188114240766,3.5188182862475514,-0.588940784017311
2296,1.4902416318655014,3.2638358464464545,-0.3730680079724606
2298,0.2569917058572173,6.110340390354395,-0.9192780580706384
2300,0.06185646913945675,0.24226788245141506,-0.5932159406756959
2301,1.2091416763141751,2.2995362617075443,-0.3107707816602427
2302,0.11123001854866743,1.3868036605417728,-0.851498641049741
2303,0.9312996249645948,1.7296135053038597,-0.30001501035790085
2309,0.9766497518867254,6.939863009378314,-0.7532626343594662
2314,1.1220463179051876,0.3545928066596389,0.5197299045365614
2322,0.8822051780298352,6.730151447933167,-0.7682175911146002
2328,0.39050727896392345,3.124270688742399,-0.7777912103966271
2332,2.2261386094614863,6.221689701080322,-0.47296783797469305
2341,0.6222949912771583,21.35846849484369,-0.94337821871651
2342,0.442707147449255,1.3608734058216214,-0.5090797063134888
2346,2.0704127810895443,4.038840739056468,-0.3222043333895817
2347,1.5122437803074718,6.184673136100173,-0.6070520711782401
2352,1.6219479739665985,3.4756383132189512,-0.36364079680452804
2353,7.029385559260845,2.6495287355501205,0.452515301851406
2354,0.8652996229939163,9.17914810962975,-0.8277058836826047
2355,0.26574425771832466,0.5234291199594736,-0.32652503179856296
2361,0.9824200375005603,3.8197523783892393,-0.5908434964766578
2362,1.2628030572086573,0.37842757487669587,0.5388489984541247
2369,1.763766341842711,5.2212902288883924,-0.49498867361117144
2370,0.6054878127761185,3.161485718563199,-0.678528236134868
2376,0.568192076869309,7.322062052320689,-0.8559762290120136
2377,1.2180585246533155,0.8003867529332638,0.20692746856097474
2379,0.46141798980534077,4.906551320105791,-0.8280847139145087
2382,1.023186745122075,6.019335048273206,-0.7094260337022997
2385,1.0899015348404646,4.2893714383244514,-0.5947773833832737
2392,1.099690182134509,0.8941173427738249,0.1031056592937838
2396,0.09231036622077227,0.5565801113843918,-0.715482444551147
2405,0.19055162370204926,2.023698068689555,-0.8278860560692692
2406,1.92199841234833,3.1434433590620756,-0.24113295578825875
2416,0.8676708834245801,2.1520701870322227,-0.42533425006963377
2418,5.631060193292797,7.363610497675836,-0.13332775763121402
2419,4.029703716747463,18.222260573878884,-0.6378114161862738
2420,3.593231846112758,17.952703826129436,-0.6664585005011149
2421,1.575559003278613,8.663995907641947,-0.6922602560393296
2425,0.2795076537877321,0.3983717057853937,-0.17534691139192868
2428,0.795460538007319,5.720805521123111,-0.7558538798786101
2429,1.4084201171062887,3.7765740854665637,-0.4567322307100582
2432,1.2545291655696929,4.80855203513056,-0.5861743809648815
2433,0.5085812006145716,6.364251525141299,-0.8520024505444183
2437,2.280453521758318,0.6827980987727642,0.5391561796222618
2441,0.17266718111932278,0.37784184888005257,-0.372699913315845
2443,0.14455176726914942,5.903392422944307,-0.9521980485522556
2450,1.863426229916513,4.668552713934332,-0.4294451204038424
2452,1.0165196806192398,1.0181770576164126,-0.000814557258596276
2453,6.6316741881892085,10.332820576615632,-0.21817015123284064
2464,0.6356250885874033,9.048017642460763,-0.8687219042995328
2471,0.09619635436683893,1.7780505046248436,-0.8973493231099345
2474,0.034859154373407364,0.35258954763412476,-0.8200579628054105
2479,2.1787989791482687,1.4328448069281876,0.2065414576862933
2484,1.801367735490203,10.957612186670303,-0.7176313864462086
2501,0.3830949878320098,5.987274829298258,-0.8797259817468409
2502,2.8509633392095566,0.0869317720644176,0.9408203705222197
2503,2.8481760788708925,2.3283560411073267,0.10041858636543195
2509,4.546834368258715,27.51284461468458,-0.7163518467743782
2517,1.3347100969403982,8.966393277980387,-0.7408607508608693
2519,5.0886542638763785,7.908277914393693,-0.2169453230841124
2524,3.3600603211671114,5.5906484867446125,-0.24920799161800314
2525,0.05466059595346451,1.1085084080696106,-0.9060143525749708
2529,0.057516757398843765,1.7570710629224777,-0.9366062565226221
2530,0.2370290094986558,1.7277965247631073,-0.7587276779888823
2532,0.1673629954457283,0.13663193304091692,0.1010907075249459
2534,2.0137419290840626,0.5951665597967803,0.5437428623244934
2536,5.8705644980072975,4.787714374717325,0.10159709050782767
2540,2.5899915215559304,6.860572661273181,-0.4518863696493474
2543,0.4600731832906604,4.5347573813050985,-0.8157802642787733
2544,0.09879869036376476,0.2507397010922432,-0.43469047876295064
2547,0.24005923280492425,3.118829347193241,-0.8570603179665555
2552,0.6626855162903666,4.020086678676307,-0.716968714812555
2556,1.1382038360461593,0.9205965138971806,0.10569617503458349
2562,0.838557512499392,2.7122280169278383,-0.5276777459240565
2564,2.3804687103256583,1.7340037091635168,0.15711977995036486
2570,1.4155005989596248,9.995695151854306,-0.7519102064550883
2573,5.536451954394579,17.040063126711175,-0.5095388340932848
2579,1.0953094568103552,2.974965085275471,-0.4618006989527095
2581,0.48459780123084784,0.7639737739227712,-0.22375647359850104
2582,2.8548854966647923,9.32224470935762,-0.5311070098842953
2583,1.0819824920035899,11.868666302412748,-0.8329068281937346
2584,1.6544973379932344,6.745257896371186,-0.6060605834739594
2586,7.775258154608309,4.8249270434025675,0.23414982120034716
2591,3.9808027991093695,13.728746387409046,-0.5504343157261086
2592,6.633737524971366,20.81136110960506,-0.5165812582204257
2595,3.3327247444540262,2.57626467756927,0.12801851769529968
2597,0.29783549532294273,0.1694792564958334,0.27466763744837014
2601,0.22565899416804314,0.7092037610709667,-0.5172361014412022
2602,0.479222915135324,8.851049404591322,-0.8972756852717858
2603,1.3349902210757136,1.9554365915246308,-0.18856106085471777
2607,0.9817339228466153,2.0542367110028863,-0.3532652049390948
2612,0.9218182084150612,5.4267461989074945,-0.709597902999244
2616,1.1678798072971404,4.112838777713478,-0.5576814827389364
2617,2.857898135203868,11.613813837058842,-0.6050366203139231
2631,0.8762646410614252,0.08548142574727535,0.8222370151586189
2632,1.8439576905220747,1.7573490641079843,0.024049222217106894
2634,2.8924333890900016,12.898449651896954,-0.6336578034828461
2637,2.931670772843063,10.79958572331816,-0.5729930798885096
2639,1.104985514190048,7.951965019106865,-0.7559917082183314
2642,3.1292337574996054,10.469351670704782,-0.5397706954122401
2645,2.240103736985475,16.829230438917875,-0.7650569530826591
2646,4.059993370901793,25.50643712002784,-0.725364658263521
2647,3.4405031157657504,26.690323133952916,-0.7716290228982181
2656,1.0063634971156716,4.262537551112473,-0.6179987105833364
2657,0.5428255847655237,6.373175334185362,-0.8430232756972251
2659,1.7807526402175426,3.618093150667846,-0.3403209837094915
2664,1.3221109611913562,0.9795683426782489,0.14882291287803326
2667,0.5551142003387213,4.668538657948375,-0.7874612975253703
2670,0.15644505620002747,3.1902503669261932,-0.9065077418641568
2675,1.3815081492066383,1.0739710181951523,0.12524526173715178
2679,1.455752252601087,11.360989798326045,-0.7728358350636904
2682,1.2428838079795241,6.991375542245805,-0.6981188580255583
2686,2.932641805149615,3.4935745829716325,-0.08728818700515674
2687,9.753392395563424,12.070076603675261,-0.1061556349356076
2689,1.9875540602952242,2.2228256445378065,-0.05587894696824179
2692,0.5605371631681919,7.895006161183119,-0.8674154594999657
2695,2.9052500459365547,4.520826518535614,-0.2175545132847245
2696,1.6238772124052048,0.12339745229110122,0.8587543735569722
2697,0.415018355473876,4.125355668365955,-0.8171875914648546
2699,7.420751822646707,16.158751864451915,-0.3705760798767694
2704,0.6833342821337283,3.8416363019496202,-0.6979718345406638
2706,2.6733862534165382,3.1472410038113594,-0.08140956798192492
2708,1.8471707147546113,9.207008743658662,-0.6657968650311583
2713,8.102628292515874,11.676000460516661,-0.180668347266123
2716,1.294929985422641,9.53313896432519,-0.760819774710951
2717,0.8504035603255033,2.6180903865024447,-0.5096410295866423
2718,3.470252403523773,21.429921032860875,-0.721266808651756
2721,0.8221471700817347,8.562410935759544,-0.8247872386084085
2725,2.951758025214076,9.678540944121778,-0.532590949370131
2727,1.2939752857200801,13.091506261378527,-0.8200998303068318
2736,0.4553544148802757,7.586629809811711,-0.886755705517898
2738,1.0756179494783282,5.448124987073243,-0.6702451460948485
2743,1.9981598369777203,1.7196571961976588,0.0749102600517482
2744,1.2611182895489037,4.177514770068228,-0.5362370376066695
2746,0.1422763424925506,5.2625938057899475,-0.9473525399909061
2748,1.0792439677752554,6.846999580040574,-0.7276783229622013
2755,0.7340175830759108,6.031253554858267,-0.7830042379349663
2757,1.7428600378334522,2.2458731660153717,-0.12610849171271318
2762,0.12444379087537527,4.927577018737793,-0.9507350442266371
2766,4.044340853113681,15.691027377732098,-0.590142853600999
2768,2.2453650888055563,10.834300914313644,-0.6566632376896449
2769,0.3947430495172739,6.148941870778799,-0.8793514497333551
2770,0.8808243121020496,2.2542719542980194,-0.43808786891657964
2782,0.47697977162897587,0.25899163354188204,0.2961910429606855
2789,1.4258784991689026,3.000347920227796,-0.35571371002596386
2800,1.3070617029443383,3.360855645034462,-0.4399807856450099
2801,0.717116785235703,0.8885418586432934,-0.1067630869493842
2802,2.536972085945308,5.756083165295422,-0.3881694962623229
2808,2.129587406758219,10.398775250185281,-0.66003739433927
2815,1.9478179197758436,9.34068578761071,-0.6549023731990928
2817,2.6217709854245186,6.56757172010839,-0.42938878885294735
2827,3.9859107746742666,29.880277798511088,-0.7646082454149787
2828,2.5779439229518175,3.6928685009479523,-0.17779587438250846
2829,1.132013950496912,3.055581783875823,-0.4593489809891081
2834,0.16800185479223728,2.169068505987525,-0.8562286719201627
2835,0.578835841268301,1.7208104822784662,-0.4965870748543584
2837,1.818279568105936,1.1964416168630123,0.20626715145106275
2841,0.17767332773655653,0.8751164302229881,-0.662471397743755
2842,1.3946072980761528,0.0412761471234262,0.9425076634710272
2843,0.20240704342722893,1.8068983815610409,-0.7985303369906446
2844,2.6591822495684028,14.218390634283423,-0.6848857039020101
2845,0.8330711405724287,0.31382171902805567,0.45274448890090635
2846,1.578517914749682,3.825123993679881,-0.41575776430061495
2847,2.3148931665346026,1.532696601934731,0.20329520860298095
2863,0.2111198273487389,4.603835195302963,-0.9123066253553801
2869,2.9167345836758614,13.691805897280574,-0.6487668995333394
2876,0.9288496170192957,7.994274349883199,-0.7918106662050274
2877,0.49136812845245004,6.9717593332752585,-0.8683211211458707
2878,0.30595361441373825,5.734169289469719,-0.898692917583688
2884,2.7529261740855873,10.14459417713806,-0.5731076828539851
2895,2.649380645249039,10.861973695456982,-0.6078290038967474
2898,2.5931366495788097,2.188587916083634,0.08460310248736513
2899,0.8641776498407125,11.498834693804383,-0.8601995006038553
2903,1.1504079177975655,3.6083456221967936,-0.5165087209794069
2906,2.0534202908165753,9.933029224164784,-0.657376391858086
2913,3.193299124483019,9.39696809835732,-0.4927352902104863
2919,4.504065897315741,9.141691624186933,-0.33985842995986026
2935,2.9347445419989526,19.762034511193633,-0.741395505051937
2937,2.373697486706078,7.133469928056002,-0.500650954558639
2940,0.27344985678792,3.914383351802826,-0.8694074748595951
2941,3.664757030084729,12.910830502863973,-0.5578127142944093
2942,0.2168963635340333,1.4516938794404268,-0.7400244134860098
2947,1.0305609502829611,8.040361685678363,-0.7727770389755662
2950,3.3559535522945225,18.03909749351442,-0.6862869319536155
2953,2.291435440070927,11.957577651366591,-0.6783727510997615
2957,8.022825266234577,13.982800687663257,-0.27083871342331556
2958,3.749421024695039,1.7566762920469046,0.36191600293525417
2959,2.0139717664569616,6.4506927244365215,-0.5241461091283868
2964,0.16069739405065775,2.0210612136870623,-0.852690033185924
2968,0.9273343728855252,2.7471683928743005,-0.4952599401873001
2971,0.4053550697863102,0.17094234190881252,0.4067565168956576
2972,16.20627985475585,19.603407078888267,-0.09486615257003646
2973,1.2791582066565752,1.6373111233115196,-0.12280359439224402
2979,7.644134840462357,33.01478626206517,-0.6239873251340416
2983,0.873412252869457,2.2732720579952,-0.44486820628683904
2984,1.1178967980667949,4.4180644899606705,-0.5961327256804522
2985,0.6923605492338538,5.847168441861868,-0.7882536952808155
2994,1.078159037977457,1.6128638600930572,-0.19869946944665137
3004,0.8766786642372608,1.4375612074509263,-0.24236145529904451
3015,0.7420211704447865,4.888362178578973,-0.7364225046687763
3018,2.998708841856569,6.28274907823652,-0.3538280585499503
3019,3.056701583787799,5.546547058504075,-0.28940759220608797
3020,0.9888068572618067,4.469949887134135,-0.6377171932868221
3022,2.8693532152101398,1.7533861957490444,0.24140816088729064
3023,6.021786470897496,5.448223995510489,0.05000540122144955
3025,0.2846819991245866,2.842556994408369,-0.8179339668546535
3026,0.9085725545883179,4.366332935169339,-0.6555113427708492
3027,2.7066154023632407,4.327465010806918,-0.2304280749205927
3028,0.8302760063670576,4.278713631443679,-0.6749744801897158
3030,1.1897330693900585,0.8479256187565625,0.16774519335435106
3031,0.6006307937204838,4.776871430687606,-0.7766134652647273
3032,2.1498820297420025,0.24383665435016155,0.7962695817424038
3033,1.5996878994628787,2.63934378977865,-0.24525787173380317
3034,1.4630996584892273,4.138736260589212,-0.4776356610137338
3035,0.3638677690178156,4.995037572458386,-0.8642007104689727
3037,0.07160505838692188,2.903293866664171,-0.9518605100936879
3038,0.6803491599857807,7.354462127201259,-0.8306496230792287
3039,1.6178720239549875,9.584969811607152,-0.711167568425434
3040,1.3514510174281895,4.578735837247223,-0.5442130069264292
3041,0.4120493927039206,5.1246484369039536,-0.8511569872927204
3043,1.4537642933428288,6.259499667212367,-0.6230482190736542
3044,10.07997938292101,13.08409010572359,-0.12968838330739396
3045,0.3813244514167309,0.9953754916787148,-0.44603113651684523
3046,4.675021380651742,2.7588453830685467,0.2577630267648199
3047,0.9547668769955635,0.40741168102249503,0.40182338266215045
3048,1.0748262079432607,6.796415149234235,-0.7268979163080727
3049,0.3842761907726526,1.4050816195085645,-0.5704870333200215
3050,0.6652403138577938,2.3989144903607666,-0.5657919678586667
3052,0.28100946731865406,0.09539997577667236,0.4931053004812173
3053,1.3453138037584722,6.505123958457261,-0.6572640037390488
3056,0.8633957356214523,4.230081170331687,-0.6609798172982131
3057,4.970231021288782,12.14828277938068,-0.41931512523071734
3075,0.6617166763171554,8.885153034701943,-0.8613751530402001
3076,0.21079833526164293,1.4483960680663586,-0.745902788920698
3077,1.8550470294430852,5.630322218872607,-0.5043539021509866
3085,0.4380675107240677,4.517001889646053,-0.8231841068899024
3089,0.7383404402062297,4.254702568054199,-0.7042523210855262
3091,1.5253401147201657,4.057279385626316,-0.4535396458147566
3093,1.179728358052671,7.281481532379985,-0.7211442870866528
3096,1.9062271965667605,7.603074826300144,-0.5990815746553894
3099,0.15626119542866945,4.62784512154758,-0.9346748650318873
3108,3.1596459075808525,1.387771253939718,0.38964418497472164
3130,1.1928421226330101,3.799904744140804,-0.5221699980139167
3133,0.7865145392715931,1.467475002631545,-0.30211340855853586
3135,0.16540640220046043,1.2020156159996986,-0.7580755611664755
3136,0.6982510294765234,2.9285192750394344,-0.6149460975748107
3138,0.39727267576381564,3.881849395111203,-0.8143204754694057
3139,3.7440850054845214,6.775871810037643,-0.2881938450621243
3141,2.2316747894510627,3.6516596535220742,-0.2413571551701865
3155,3.4071699054911733,8.72744183242321,-0.4384377548981235
3158,0.4493190497159958,1.9126435238867998,-0.6195375365063966
3162,8.058757172431797,4.842712315032259,0.24927740677325297
3163,0.8934495421126485,8.637812184169888,-0.8125222939478496
3166,4.396590535528958,2.28751516668126,0.3155359090371625
3168,1.4823894333094358,4.962599521502852,-0.5399869747789565
3184,0.28494494035840034,0.8446545372717083,-0.495493852464485
3186,1.633975728880614,6.5341646005399525,-0.5999148734025667
3193,0.5291207367554307,10.291509351693094,-0.9022014924397536
3194,7.176752879284322,12.885498078074306,-0.28455157952731075
3195,1.5169967412948608,9.138748284429312,-0.715271576481416
3196,2.3149622855708003,5.739827764686197,-0.42519612028940434
3198,2.71014425996691,5.211000993847847,-0.315719085276997
3199,0.1459676567465067,1.5143216773867607,-0.8241660007734504
3200,0.204245344735682,1.261033933609724,-0.721219909740788
3201,2.104941780678928,7.742540204897523,-0.5724913670799683
3203,7.293006790801883,4.279191923327744,0.26043580324921467
3204,0.13902720902115107,3.750470831990242,-0.928511490400204
3205,1.5020525115542114,9.419774457346648,-0.7249448254707636
3231,1.6018641600385308,8.061779666692019,-0.668476158939559
3237,2.1827160846441984,5.941066416911781,-0.46263551880509707
3244,0.9444629326462746,0.7283531103748828,0.12918923343236327
3247,0.29015783686190844,4.829948084428906,-0.8866594397370589
3263,4.52974722860381,11.113571213558316,-0.42087131380060994
3264,2.247163826599717,2.320097342133522,-0.01596876395706916
3272,0.14193823654204607,3.0007195957005024,-0.9096699391920652
3275,1.2564967423677444,1.2067424803972244,0.020198712942972305
3277,0.09283850016072392,4.78069680929184,-0.961900963359745
3278,0.8026837818324566,3.196949594654143,-0.5986213203681894
3279,1.5021792305633426,1.6282676635310054,-0.04027809358641123
3280,0.5808737985789776,0.3386766095645726,0.2633865276653028
3281,0.22015219554305077,0.2741008270531893,-0.10915184944473372
3285,0.8485268019139767,0.4574748817831278,0.2994268116282494
3287,0.8913645790889859,5.177974918857217,-0.706272954613606
3291,2.72308727260679,15.224460647441447,-0.6965504942805781
3294,7.755782377906144,18.439551124349236,-0.40785007549237073
3295,2.3118615965358913,18.363863048143685,-0.7763694732575012
3299,0.9433108419179916,5.856104113161564,-0.7225317624676972
3301,0.3907176461070776,4.271022309083492,-0.8323726120018973
3304,2.1807493157684803,4.734608791768551,-0.3693025634082863
3308,0.8696490162983537,9.154399786144495,-0.8264874735871528
3313,2.9159205378964543,4.6222136814612895,-0.22635483714032179
3315,2.4787115063518286,5.843884642235935,-0.4043417553613638
3320,1.623236236628145,8.188309925608337,-0.6691171381578715
3323,1.3235566117800772,5.680346814915538,-0.6220517242611863
3324,3.264156349003315,9.177410029806197,-0.4752820907561821
3326,3.180239126086235,9.628651455044746,-0.5034325407117839
3329,2.3076746221631765,4.0108046643435955,-0.26954745991131357
3334,0.613254296593368,2.494635120034218,-0.6053564240010048
3337,3.198580987751484,18.832892928272486,-0.7096353153725734
3339,0.6117761954665184,4.8573180311359465,-0.7762787876313636
3340,0.6941140787675977,5.653212353587151,-0.7812893078163355
3344,2.3161575542762876,6.809808571822941,-0.4924027719865
3345,0.5300995162688196,9.619664818048477,-0.8955444680667212
3350,0.4369123224169016,5.097217204980552,-0.8421026033979402
3353,5.997890747152269,9.875762864481658,-0.24429612817599983
3355,1.6080082301050425,1.2487136516720057,0.12577163381736298
3359,3.7167596258223057,1.0305387312546372,0.565842020559477
3360,1.729925014078617,3.327345273923129,-0.31586610342619764
3364,0.4313853355124593,7.783333536237478,-0.8949725870725966
3368,0.8988691456615925,3.927125890739262,-0.6274885743221702
3369,1.1490819286555052,9.649663791060448,-0.7871823342301787
3377,1.940636295825243,3.84306148160249,-0.3289288719755704
3378,1.0387301621958613,0.8546087075956166,0.09724696277979317
3380,2.686707121320069,3.0580461896024644,-0.06463968915363202
3381,0.1756698153913021,0.35287250205874443,-0.3352667909771573
3382,0.43173973448574543,1.4450188800692558,-0.5399091485311921
3387,1.8524040440097451,7.166192851960659,-0.5892034946505456
3388,3.615297762211412,15.882503295317292,-0.6291584110900805
3391,3.2696369336917996,7.815266822464764,-0.41007391572957125
3392,1.4772909339517355,6.690795863978565,-0.6382773664142787
3393,4.27676502102986,18.549577532336116,-0.6252781179436459
3395,0.633747567422688,5.094900738447905,-0.7787444669020345
3396,0.6779280924238265,5.062573507428169,-0.7638087610874676
3398,0.5209309058263898,4.009922083467245,-0.770051728865302
3402,4.167738824617118,20.17491389811039,-0.6575772680085734
3404,1.1960462527349591,2.222347881644964,-0.3002291685993283
3406,1.8168266522698104,10.459072917699814,-0.7040010563926994
3407,7.489663669839501,17.277400555554777,-0.3951916463187137
3411,0.5758145777508616,4.115443978458643,-0.7545159488218479
3413,1.8644544840790331,16.697256792336702,-0.7991074792281266
3416,4.853479807265103,13.619283859152347,-0.47452585926937174
3417,4.561636455357075,13.401569556444883,-0.4921133285049126
3418,1.1199728716164827,2.7798825362697244,-0.4256336430566582
3420,1.4180323467589915,3.8746156617999077,-0.4641501401695026
3421,0.2906697252765298,3.965848244726658,-0.8634237057964335
3424,2.752345906570554,10.537328602280468,-0.58579182586635
3425,0.899501446634531,6.949420960620046,-0.7707961934230543
3438,3.4854809576645494,5.453124726656824,-0.22012871341258186
3441,0.13961708918213844,1.3246177267283201,-0.8092968591301669
3443,2.3876293879002333,11.218204475939274,-0.6490285840919743
3448,2.6850753244943917,8.917041456326842,-0.5371404416591983
3457,5.571393248159438,10.054424461908638,-0.28689898326795354
3460,1.677241375669837,7.094329661224037,-0.6175733244100641
3484,1.7317691436037421,9.174196539446712,-0.68241800975121
3487,1.4198207510635257,1.3505244934931397,0.02501358186547984
3489,1.865721391979605,8.108198635280132,-0.6258800177100454
3490,2.5047800010070205,7.736602187855169,-0.5108511810580999
3492,2.1480465782806277,16.858631833456457,-0.7739692826123113
3496,0.6692537581548095,4.733290284872055,-0.7522449598466484
3499,0.7484404626302421,2.4137563668191433,-0.5266325893060699
3500,1.305874022655189,3.5761873684823513,-0.46503170770200103
3502,1.587604271247983,10.785647282376885,-0.7433812342102993
3505,0.674322746694088,1.7260532681830227,-0.4381524040275585
3508,0.7316663777455688,10.700808767229319,-0.8720021047992207
3509,5.9511263109743595,1.090159116545692,0.6903522438430698
3514,0.35768382623791695,0.5491699520498514,-0.21115435629905902
3518,2.2032408379018307,0.11394878663122654,0.9016491482395279
3521,3.6822117934934795,6.598241829778999,-0.2836479928944034
3526,0.4503227788954973,1.9291221951134503,-0.6214892264248556
3527,0.15023883432149887,0.16229620948433876,-0.03857927423425821
3528,2.07094578910619,7.02284652646631,-0.5445363788306208
3532,2.626312519889325,6.886384858284146,-0.4478301126417571
3534,0.200885321944952,3.0712909176945686,-0.8772160744205384
3538,1.0038968450389802,2.345386971719563,-0.40053044175231595
3539,1.0058844611048698,2.3259294107556343,-0.39619408538966416
3540,0.6437525823712349,0.023406855762004852,0.9298312984135731
3543,0.6936975410208106,3.460326626896858,-0.6660117933936428
3546,0.3339729104191065,0.775014840066433,-0.3976977468451124
3547,1.8901590113528073,4.257057837210596,-0.3850358437266687
3559,0.8657456710934639,0.22096678987145424,0.5933297945704069
3560,1.0840802881866693,3.236101683229208,-0.4981321178785315
3572,2.1057539600878954,7.988074259832501,-0.5827640585496722
3573,4.0570464776828885,24.558873631060123,-0.7164482943573988
3576,1.0682143792510033,0.10096177831292152,0.8272941546743522
3581,2.162775839678943,9.833462764741853,-0.6394243377449583
3583,11.279265670105815,11.322332434821874,-0.0019054743171752746
3586,3.0285696145147085,4.723313640803099,-0.21862352288723824
3588,3.1494490932673216,11.332026026211679,-0.5650375300467441
3589,7.411831269972026,22.063626212999225,-0.4970845643868778
3591,10.090294072404504,11.148060514358804,-0.04980453818270354
3594,1.7264261655509472,1.3555235941894352,0.12034672862176563
3604,1.009108416736126,0.17899005208164454,0.6986949200261157
3605,3.489187816157937,4.350121079012752,-0.10982259716606807
3607,1.2270276313647628,10.570432662032545,-0.791984443965132
3613,0.43440516386181116,3.814075362868607,-0.7955009273884929
3614,0.9052474480122328,4.848903345409781,-0.6853584549617888
3615,3.096925374120474,1.4429405643604696,0.36432459287841207
3616,2.6851899856701493,2.0746288567315787,0.1282740266287872
3617,2.8827699553221464,6.1266625775024295,-0.3600551544574273
3620,2.3761302083730698,1.0771508691832423,0.37615801031425566
3621,5.76244518533349,18.507031412329525,-0.52512818625115
3623,0.6158559937030077,2.044362315442413,-0.5369883805505299
3626,2.0144848213531077,11.07219166122377,-0.692131944419125
3639,0.1434713453054428,2.7889571208506823,-0.9021484432021228
3650,3.0027916561812162,2.5803227887954563,0.0756690323204452
3663,0.5762343560345471,1.6577554689720273,-0.48412087684142124
3665,2.6441161343827844,9.550387295428663,-0.5663429594157815
3666,1.7441487032920122,2.5277009359560907,-0.1834222406764789
3667,1.5024855770170689,3.463175716344267,-0.3948497538380393
3668,3.2942598201334476,2.911634821910411,0.0616550908922554
3670,0.7002014573663473,5.596685070544481,-0.7776039144859586
3671,1.55890274932608,7.362078757956624,-0.6505086916604895
3674,0.06556698121130466,1.1653507314622402,-0.8934665078962258
3687,0.7872061543166637,3.34533267095685,-0.6190205645485392
3690,1.6032790374010801,1.6791504337452352,-0.023114402612780454
3694,1.4015270536765456,2.248718617949635,-0.23209165642142496
3695,0.9582711914554238,5.551531398668885,-0.7055913207231441
3699,1.3504649121314287,9.763951238244772,-0.7569886004158488
3701,0.5246613980270922,16.73106131888926,-0.9391898668476844
3702,0.7867009378969669,6.951662194915116,-0.7966751044386613
3717,1.8959688674658537,1.4537847763858736,0.1320049586008961
3722,0.6063507739454508,3.5513238753192127,-0.708322163181746
3736,1.7578879240900278,2.7800821415148675,-0.22525362720486777
3739,0.4987745536491275,1.07296091504395,-0.36531997453229337
3745,1.5538546149618924,9.496837656479329,-0.7187769640499455
3747,0.5163319669663906,5.607962891459465,-0.8313823945767626
3750,1.1936476305127144,4.780146122910082,-0.600371998169809
3751,0.3528941343538463,5.557770767249167,-0.8805907151804261
3754,3.5153427189216018,2.265352973714471,0.21623517508442017
3757,1.1939162742346525,8.7465984756127,-0.7597878370929702
3759,8.573593116365373,3.683736552949995,0.39893326648920113
3765,0.29812654852867126,0.7155410200357437,-0.4117863532891902
3767,0.8833438525907695,7.0341018326580524,-0.776861405127935
3768,2.654330731369555,2.918815329670906,-0.047456965133249436
3769,1.0784371276386082,6.453184925951064,-0.7136242047289222
3776,5.276606668718159,7.143036423251033,-0.15028046625104685
3778,1.616951207164675,1.9724685125984251,-0.0990458996690181
3779,1.207181017845869,0.12339774798601866,0.8145201905288534
3784,5.8906729044392705,3.3286191835068166,0.2779013503956529
3786,0.17480019107460976,0.7157478393055499,-0.6074323110898482
3787,0.7073373664170504,7.976176656782627,-0.8370849947319297
3793,1.1179547114297748,5.479776863008738,-0.6611093680254044
3799,0.504755443893373,3.1582836667075753,-0.7244061946087568
3800,0.885316623840481,5.564126828685403,-0.7254595282964718
3801,0.7109119454398751,3.914850756060332,-0.6926293062073151
3804,4.864123811013997,20.691350864246488,-0.6193282360962661
3807,6.147849103901535,7.7782535050064325,-0.11707542640550961
3814,10.264881572686136,40.71873617451638,-0.5973262774884321
3820,0.6899272315204144,1.622392488643527,-0.403259656954618
3821,1.5575020173564553,14.219666205346584,-0.8025625390600017
3822,7.052434050478041,9.55773642542772,-0.15082941975722935
3826,0.9917494463734329,3.805483195465058,-0.5865326864808257
3828,1.3151399679481983,4.986577241681516,-0.5826090177646145
3829,0.12655445840209723,2.5664875423535705,-0.906013750719789
3831,0.9393772138282657,3.4198660776019096,-0.569018221270068
3832,0.25273742619901896,2.7247212789952755,-0.8302327916363551
3833,1.6861923835240304,7.019353219307959,-0.6126164951738801
3836,0.559089869260788,1.5201080278493464,-0.4622061997676171
3837,0.17552032135426998,0.8028956679627299,-0.6412153454746471
3838,0.1703428328037262,2.4597747633233666,-0.8704675159354128
3842,3.1337500447407365,13.632956770248711,-0.6261937326965753
3856,2.4415404526516795,16.667344159446657,-0.7444601815109346
3858,2.680445212405175,7.822643343359232,-0.48958914357923566
3860,1.0011369977146387,4.309092830866575,-0.6229402379812122
3862,1.8827492184937,5.283196773380041,-0.4745287724386997
3867,1.6059060581028461,0.057759914780035615,0.9305630869153239
3870,0.058077555149793625,1.5179054476320744,-0.926296723952301
3871,0.9374571032822132,0.5063070631586015,0.29862913219836273
3872,0.6420849915593863,0.9877976984716952,-0.21210895055613121
3877,2.8633346669375896,5.059192951070145,-0.2771663779550783
3878,1.131712925620377,7.300167166162282,-0.7315633255449966
3879,1.8161433348432183,2.986119536217302,-0.24363018701545286
3880,0.243196377530694,3.4184370152652264,-0.8671650864832049
3881,2.9673074977472425,6.389878822490573,-0.36576928230451
3882,1.5381628167815506,7.5940641588531435,-0.6631352197255305
3883,3.1214261003769934,13.627621199935675,-0.6272712060083517
3887,1.567039572633803,4.01076699513942,-0.4381162008421468
3888,0.5744368620216846,4.799462419003248,-0.7862122708364125
3891,3.1943281795829535,5.392987567931414,-0.2560356988136386
3894,4.576739629264921,7.611738539999351,-0.24900556645271338
3896,1.2356339544057846,6.847957617603242,-0.6942859016566969
3897,0.5916756512597203,8.479924874380231,-0.869554297593276
3902,1.917406456079334,8.8273746073246,-0.6430999487536839
3903,1.1721688732504845,0.3532806448638439,0.5368176518868782
3906,4.538834908045828,11.946239032549784,-0.44934006066313553
3911,0.6630501025356352,8.897199619561434,-0.8612902127433918
3916,0.4657635763287544,2.060805408284068,-0.6313074535738871
3920,4.653725878801197,4.55847268877551,0.010339897618026865
3924,0.7638108767569065,3.725747405551374,-0.659738963734077
3927,0.3965597152709961,10.459237650036812,-0.9269404720948906
3928,4.064690753817558,9.292908595874906,-0.39140400196067615
3934,1.8940432975068688,9.052796855568886,-0.6539561606780158
3935,0.36941895075142384,1.5492550693452358,-0.6149226529547519
3936,0.7636367371305823,2.608675369992852,-0.5471138418547895
3937,1.7870070524513721,5.30601255223155,-0.4961223422329722
3945,0.3117783088237047,4.0512909684330225,-0.8570830353534229
3946,0.3743549259379506,1.3185133635997772,-0.5577270502946751
3948,0.28318028524518013,1.189087281934917,-0.6153141024659312
3951,1.7650614129379392,2.4899267132859677,-0.17035659767895533
3952,0.6655457867309451,0.47537254821509123,0.16668435653168995
3955,2.3062311597168446,0.22265378176234663,0.8239114970311584
3956,1.5454327380284667,7.167044427711517,-0.6452368921881634
3960,0.6041535194963217,0.3330401317216456,0.28928214294030974
3961,0.8844505250453949,1.1604412961751223,-0.13496595187361263
3963,1.0526546793989837,6.3496008068323135,-0.7155854235624935
3969,1.9544830592349172,4.914813117822632,-0.4309510002603114
3970,0.6658592713065445,6.599919884465635,-0.8167135947758688
3975,0.9805650915950537,10.625757788307965,-0.8310291551007303
3977,1.561141386628151,4.6897185212001204,-0.5005034796338008
3982,1.9523134245537221,6.046668751165271,-0.5118595387097501
3983,0.4410530552268028,3.2164152693003416,-0.7588205741827149
3984,0.024848141241818666,1.2109838128089905,-0.959787184396954
3986,0.4938460164703429,3.8201058879494667,-0.7710470457657331
3987,1.632438162341714,2.764628690201789,-0.2574876766326391
3988,3.3296591015532613,12.317739858757704,-0.574413727163332
3992,4.642997001763433,29.345807246863842,-0.7267925657048487
4003,0.23682477697730064,1.0362247303128242,-0.6279409785378554
4005,1.3605632334947586,2.8005329314619303,-0.34605537600734915
4009,1.4889098517596722,0.22606053692288697,0.7363679998032912
4013,2.0527713517658412,3.5498957349918783,-0.2672163739238271
4017,2.493099497165531,12.420474068261683,-0.665660348107929
4028,0.9492050390690565,0.45072843320667744,0.35607163892702604
4035,0.5814328752458096,6.056535717099905,-0.8248160209987507
4037,0.5049208551645279,0.014007078018039465,0.9460153245842539
4045,5.839732720516622,6.855004501529038,-0.07997580125165699
4050,0.17825691029429436,2.093632302712649,-0.8430760538197325
4055,0.8708407394587994,3.2004704978317022,-0.5722062555754697
4059,6.866549992933869,54.519869019277394,-0.7762843930815273
4060,13.080153472255915,67.5810840385966,-0.6756768461307976
4061,1.3318785671144724,6.446905242279172,-0.6575612332852271
4064,2.101481944322586,12.39866217970848,-0.710143302528951
4066,1.1923707840032876,7.696851009503007,-0.7317266209119233
4068,4.804567050654441,9.358300738502294,-0.32152624423521947
4072,2.121682639233768,12.347545932978392,-0.706731754406207
4075,2.476590150501579,10.623779429122806,-0.6219053003888003
4077,0.9033546838909388,4.958146344870329,-0.6917667745996476
4084,1.422579089179635,5.606166496872902,-0.5952111022476552
4088,1.3318463368341327,9.88861179817468,-0.7626039292140778
4090,2.5459153125993907,10.083584394305944,-0.5968303778165214
4091,0.22089746221899986,0.9167510895058513,-0.6116595729245363
4095,0.7344425730407238,0.17787535768002272,0.610058398085406
4115,1.3684436781331897,3.6403030729852617,-0.45357841147474925
4123,0.1599712297320366,2.3630731608718634,-0.8731919023476369
4124,1.7924996842630208,5.058875764720142,-0.47674749468610994
4127,0.905149208381772,6.477525767870247,-0.7547909907198248
4128,1.0137314032763243,3.617794658988714,-0.5622473501613668
4131,2.280424161814153,10.538405663333833,-0.644207124531642
4136,4.952331438660622,7.1498200739733875,-0.18157834439756615
4137,3.753628211095929,1.6545951324515045,0.38811878602395344
4138,0.26385022420436144,1.306550869718194,-0.66397091134769
4139,0.2826483631506562,2.1742170229554176,-0.7699113962454286
4147,0.3412838764488697,4.211477760225534,-0.8500761060275548
4148,10.020922904834151,15.703684641048312,-0.2209076164166219
4149,1.7870491640642285,7.132576901698485,-0.5992995332116048
4151,1.789248094893992,2.4455615147016943,-0.1549806202197147
4154,5.412382245995104,6.616852247156203,-0.10012856610674171
4156,1.284481380134821,3.0956181338988245,-0.4134921473726311
4158,0.8015783280134201,5.0976069169119,-0.7282410045681039
4160,2.7191389040090144,2.258156885858625,0.09261696262631709
4162,6.404135162010789,6.656436667311937,-0.0193177992968637
4166,1.3076208597049117,7.711037921253592,-0.7100187751939113
4176,0.17691939929500222,3.35773628950119,-0.8998944084674306
4177,0.9506139885634184,2.242962695658207,-0.40467126199894893
4184,1.3363165999762714,17.06378573179245,-0.8547490034694558
4185,1.5413425648584962,8.752327173948288,-0.7005261283936403
4186,2.3632908798754215,4.964756698347628,-0.35500121836035775
4189,1.1376772597432137,7.643267273902893,-0.7408758806334956
4191,6.623123932629824,14.348963122349232,-0.3683867594801359
4199,0.4266369752585888,5.507159325294197,-0.8562010039949394
4200,1.0806101765483618,5.73954535741359,-0.683112746866945
4202,0.7816916643641889,4.658330285921693,-0.7126145182838954
4203,1.043921710923314,4.4944696156308055,-0.6230234920676385
4207,0.6411662148311734,4.571610854938626,-0.7540020583079089
4208,0.475816136226058,6.0134469186887145,-0.8533527976289647
4211,0.7946098181419075,1.50527932215482,-0.3090016347139733
4222,0.033988941460847855,0.6789104044437408,-0.9046458896152526
4227,0.22648610919713974,0.044927794486284256,0.6689352028257012
4230,0.3743954338133335,0.11406637355685234,0.5329568378283773
4232,0.09398491028696299,0.4184791427105665,-0.633203891131335
4234,0.10459989495575428,0.3112641964107752,-0.4969515419699379
4243,0.07299501728266478,0.47779843397438526,-0.7349459507318428
4249,0.14028672687709332,0.8430365473031998,-0.7146681451338678
4256,0.33810866717249155,0.861352370120585,-0.4362323465950213
4264,0.06580688711255789,0.7338246535509825,-0.8354069749215531
4268,0.1335488874465227,0.24406520277261734,-0.2926699987854432
4279,0.09319387283176184,0.4395999889820814,-0.650169119761186
4286,2.417740451171994,10.897241311147809,-0.6368390893310422
4287,1.4083409160375595,0.20741778798401356,0.7432564807255826
4289,0.8026317600160837,2.3378192000091076,-0.48884299087422156
4290,1.2252889284864068,3.3706128241028637,-0.4667906345925134
4291,0.11149354930967093,1.8225207775831223,-0.8847024577224927
4293,6.905499714426696,20.329884023871273,-0.4929023375781163
4295,1.9546216945163906,7.876773567870259,-0.602371455454596
4296,2.14653236605227,1.8909393409267068,0.06330521763996369
4298,3.316136703826487,11.93955004774034,-0.5652589414257359
4301,1.5183226629160345,9.327936600893736,-0.720028329401545
4302,0.8547598910517991,8.04989768564701,-0.8080195934116795
4303,1.7568224738352,6.9507186114788055,-0.5964825301143796
4305,0.793941680341959,0.55738683976233,0.1750535395798482
4306,0.1040037889033556,0.5371432267129421,-0.6755696076859361
4307,0.7726120701991022,8.540776308625937,-0.8340857185863453
4311,0.5074506951496005,6.61853888630867,-0.857577480475018
4313,3.7153996527194977,8.142238739412278,-0.37333227243882466
4322,1.5878508067689836,4.954372175503522,-0.514583709215706
4323,1.7271318463608623,6.446986520895734,-0.5774145250258195
4324,2.9050788963213563,7.692944708280265,-0.45176968749905255
4325,16.51482443138957,95.7662676461041,-0.7058307124410262
4330,1.9377164347097278,10.45346939470619,-0.6872427770213806
4331,1.206348026636988,7.329040881246328,-0.7173302729010604
4332,0.2546706469729543,3.037808259949088,-0.845301577217116
4333,0.27373171178624034,3.2391467094421387,-0.8441553171140239
4339,2.5160223050042987,10.764474512077868,-0.6210951533427046
4341,0.7061802442185581,10.923810191452503,-0.8785587575286342
4342,0.377144530415535,1.4702274380251765,-0.5916961642173638
4344,0.21411532256752253,2.653169414959848,-0.8506494177117602
4348,0.7417908925563097,13.637399069964886,-0.8968243837809768
4351,1.5340969683602452,9.539359103888273,-0.7229235464788183
4354,2.9054664289578795,11.453971963375807,-0.5953231108941743
4358,0.37119628908112645,7.65740317478776,-0.907531496432952
4360,7.876500040758401,28.563458680640906,-0.5676998373692875
4361,1.0285059064626694,4.808503828709945,-0.6475915055390676
4367,2.311657989397645,8.72105849487707,-0.5809449118550603
4368,0.4949369980022311,2.900899524334818,-0.7085036368818104
4375,0.44610815728083253,5.0485467705875635,-0.8376210469492339
4383,2.1319094612263143,11.814828289672732,-0.6942784041251178
4386,2.9994840007275343,17.565136335324496,-0.7082869557801207
4387,0.49457779061049223,6.309830809943378,-0.8546301906176941
4390,1.0017847358249128,7.828465724363923,-0.7731016259749723
4392,1.54833840765059,1.5145789943635464,0.011021979654049038
4399,0.6769745387136936,2.502064329572022,-0.5741011250491337
4401,0.7483469410799444,2.8445952981710434,-0.5834350283147094
4403,1.2290553180500865,18.576098188757896,-0.8758853025170404
4404,2.0213538901880383,3.054829340428114,-0.20359301532037638
4406,3.9368997057899833,15.008871001191437,-0.5844033196982008
4407,0.29862910881638527,1.4697831738740206,-0.6622630234592223
4408,1.5515760947018862,3.1511990930885077,-0.34014447523226526
4411,2.340734045021236,5.357254594564438,-0.3918582750344468
4417,0.4308340158313513,1.8941372609697282,-0.6293855153131619
4418,4.872094687074423,11.056779171805829,-0.38826878406618137
4420,0.2086969306692481,4.593671835958958,-0.913085837089419
4423,1.8191147297620773,5.756076713558286,-0.5197178201043638
4424,1.3373029213398695,4.168766803108156,-0.5142441021397748
4425,1.9278247188776731,5.188616102095693,-0.4582053677180105
4428,0.6061340505257249,7.795586688444018,-0.8557119263165418
4433,1.0098930150270462,8.501509943045676,-0.7876458353243667
4436,0.7049991227686405,0.8019727738574147,-0.06435000633112217
4441,1.5211780341342092,9.690365338232368,-0.7286407439882245
4443,2.934362096246332,11.758924149908125,-0.600584641571981
4445,0.6463688528165221,3.5270540667697787,-0.6902452182435708
4447,2.0108975572511554,2.7930932408198714,-0.16282206116686
4449,3.5633762814104557,5.979050566907972,-0.2531509356996491
4450,2.8088041990995407,0.41232827631756663,0.7439855209528159
4452,1.852039771154523,4.9930140152573586,-0.45886772290051625
4456,1.291724312119186,9.272285614162683,-0.7554481070855635
4463,3.5578923169523478,5.6867414731532335,-0.23027944692402383
4465,1.1808612355962396,6.6022368259727955,-0.6965575337082334
4466,4.233530212659389,12.137873172294348,-0.4828140125665112
4468,1.1659922748804092,5.786643219180405,-0.6645898448504102
4471,2.2515140175819397,2.8500532952602953,-0.11732458693067292
4472,3.5540597564540803,24.0441249567084,-0.7424424980560839
4473,0.44715031050145626,10.43730003759265,-0.9178368597032165
4474,2.673437274992466,6.392186148092151,-0.4102033251932667
4479,0.3500586822628975,0.45510526187717915,-0.13046607511261823
4489,10.771240161266178,19.101949620526284,-0.2788690970101006
4492,0.6332952571101487,5.737330740317702,-0.8011827229015663
4498,1.40752256475389,5.314873470459133,-0.5812437835017917
4506,1.1844703229144216,3.512368028052151,-0.49563079058451537
4507,6.422109683509916,5.759916204493493,0.05435823935232993
4509,4.263269834220409,5.871327153174207,-0.15867008041402494
4518,1.3729190109297633,9.869486914947629,-0.7557606405635999
4521,3.0488628782331944,6.157922881655395,-0.33769222880879607
4524,1.3592211296781898,5.369658175390214,-0.596003712340425
4526,0.11134741920977831,1.8930827230215073,-0.888898678118786
4528,1.8177668368443847,2.1175103592686355,-0.07616833770191321
4529,2.442025420255959,5.729310463182628,-0.4022946908337026
4548,2.376190141774714,5.293106319382787,-0.3803368656278874
4550,1.0565944989211857,3.1110161943361163,-0.4929495211100805
4552,0.04216521047055721,0.6644973456859589,-0.8806638045170218
4557,1.2887149211019278,7.600091296713799,-0.7100364459471898
4559,4.107934865169227,5.545729163568467,-0.14893767735431496
4561,0.7856311099603772,6.837719703093171,-0.7938882443621696
4562,1.207149647641927,5.058156608138233,-0.6146558210052194
4564,2.8660039538517594,12.92346199695021,-0.6369726547076141
4574,0.17400836758315563,0.695093059912324,-0.59956718035799
4580,0.31347285211086273,0.32365527749061584,-0.015981754543008802
4587,1.0373993227258325,5.02922745840624,-0.6579979747715498
4588,0.32864418905228376,1.745177741162479,-0.6830545725605368
4591,0.8042798889800906,3.6187364608049393,-0.6363206348900343
4601,1.0941924066282809,4.663065804168582,-0.6198911472907019
4605,6.504997393116355,10.986848940141499,-0.2562251841021144
4612,5.85306597687304,7.925611213315278,-0.15041685118495482
4627,0.13572763744741678,1.0734934899955988,-0.7755122956959736
4628,0.09691700339317322,5.708551317453384,-0.96661182249651
4629,0.7734227762557566,10.91238266415894,-0.8676303862493977
4631,1.3373779188841581,1.7967093344777822,-0.14655986845954974
4632,1.3811995713040233,6.065204865299165,-0.6290291286046782
4633,0.36267179576680064,7.848734725266695,-0.9116663400263344
4635,2.626579870469868,5.299323166720569,-0.33721624951871654
4637,1.261187837459147,10.171203243546188,-0.7793658686930379
4639,0.4476404320448637,0.07005298975855112,0.7293649607720254
4640,0.17398137412965298,2.5957871712744236,-0.8743711820839467
4643,1.2445904486812651,8.239921667613089,-0.7375530900438342
4645,1.2783149490132928,2.969872997608036,-0.3981834301704273
4649,1.449645273387432,0.8701048945076764,0.2498287905741886
4652,3.615929028019309,8.785800766665488,-0.41686698744730716
4654,2.6576575711369514,6.867172890342772,-0.44195173197354864
4655,0.5607226677238941,0.04493978526443243,0.8516012176646374
4657,2.300897045992315,9.626911879517138,-0.6141961930540655
4659,0.10288384184241295,1.1689908802509308,-0.8382170192462063
4660,0.15240751020610332,2.6640300760045648,-0.8917728474064263
4663,1.5467996494844556,5.5886085368692875,-0.5664439625351925
4665,3.5430099819786847,9.111096136271954,-0.44002208470989074
4666,1.6908351359888911,6.392238487955183,-0.5816355968896515
4668,0.7247664667665958,1.7421852890402079,-0.412419424043604
4673,3.127320901490748,7.143191327806562,-0.39100975069771976
4674,9.153529434464872,11.298687664791942,-0.10488634165754651
4675,1.7619030512869358,8.230175668373704,-0.647340037900122
4676,1.4494866752065718,9.369257459882647,-0.7320416016669231
4677,0.29333242401480675,1.4395542703568935,-0.6614522750184861
4678,1.8775918651372194,16.916379161179066,-0.8001921081490955
4685,0.793622468598187,3.417871936224401,-0.6231159810210265
4686,0.9173833439126611,16.529892126098275,-0.8948393581003588
4688,3.3558596493676305,9.615633392706513,-0.48257927773112086
4689,1.1554054962471128,8.355872083455324,-0.7570451526484335
4690,5.78179198037833,6.443581808824092,-0.05413248215201469
4691,1.4500384000129998,1.9177054408937693,-0.1388665715010886
4693,0.4811969790607691,1.296451274305582,-0.45861395453262405
4694,2.512792694848031,9.626101227477193,-0.5859931372780306
4695,0.2596339201554656,2.154927213676274,-0.7849431795136723
4698,0.716939817648381,6.761672229506075,-0.8082692849613521
4701,0.23869328014552593,2.9396604485809803,-0.8498006826687665
4702,0.23261316493153572,4.561544982716441,-0.902959744852761
4704,0.3267162279225886,3.8785304110497236,-0.8446149508116106
4705,0.865623907186091,13.537883054465055,-0.8798037298150755
4706,1.6011403873562813,13.063152027316391,-0.7816273241040097
4707,1.4367860900238156,7.9231044091284275,-0.69299083356706
4709,0.3896909663453698,3.499723359942436,-0.7996145775923521
4712,0.41408298909664154,2.6131394584663212,-0.7264271151065502
4713,0.25110451225191355,2.078476829454303,-0.7844209105242974
4715,0.9063797201961279,0.7294236458837986,0.108176861584704
4722,2.7369480431079865,9.035039024427533,-0.5350066174204119
4724,0.4440443362109363,5.685151644982398,-0.855105192402443
4725,1.2351242881268263,5.305817163083702,-0.6223405155542086
4726,1.67199348192662,6.5775254014879465,-0.5946446076295637
4727,0.7680855290964246,7.876922114752233,-0.8223054135427247
4728,1.2942449492402375,3.0473550967872143,-0.40379356204187034
4729,0.5949996896088123,3.3553583854809403,-0.6987616422110579
4730,0.7445831340737641,1.7922299858182669,-0.41297754396219716
4735,2.922354953363538,4.476098678074777,-0.21000925357005581
4737,2.535777883604169,10.470127576962113,-0.6100574633126596
4740,0.13877395167946815,1.2357048839330673,-0.7980704422880069
4742,1.190943805500865,4.253434155136347,-0.5625050964089356
4743,1.3599617332220078,3.57366843521595,-0.4486973336905749
4749,2.6675915736705065,5.553500187583268,-0.35103714904555317
4750,1.5866144858300686,4.978334559127688,-0.5166407309592344
4751,1.2963931132107973,7.888907618820667,-0.717724405322886
4754,0.727954120375216,3.990374687127769,-0.6914356120251794
4756,1.5755701949819922,7.293233376927674,-0.6446938570220117
4758,3.1600714530795813,4.418917168863118,-0.16609679451671933
4760,0.432079179212451,2.5858987774699926,-0.713663131133153
4773,1.3822806696407497,6.41908102389425,-0.6456309234356944
4774,2.132997519336641,8.33892005099915,-0.5926252274217355
4778,2.1291185980662704,7.292649826966226,-0.5480426811574493
4779,1.9244073424488306,3.9301760606467724,-0.3425980262125998
4780,0.30464473832398653,1.3246673345565796,-0.6260449506328172
4781,1.6948534669354558,3.561210360378027,-0.3550864210863592
4782,1.1888689775951207,4.4484419813379645,-0.5782141569779877
4784,0.3574192924425006,3.8409241028130054,-0.829733178640494
4785,0.841059098020196,6.96936515532434,-0.7846316484894057
4786,0.39992884965613484,5.586058186367154,-0.866378310794921
4787,0.4477904550731182,1.456103795208037,-0.5296057488410859
4789,0.8389902780763805,8.187135847751051,-0.8140973732516115
4791,1.2398808412253857,0.9076524889096618,0.15470230317434797
4795,2.462271141819656,4.88963551656343,-0.3301680077746386
4798,1.2791794640943408,3.5279093384742737,-0.4677945356819456
4800,2.0177042963914573,5.969363593030721,-0.49475719392246836
4801,0.5413687047548592,8.613306257873774,-0.8817284705431303
4802,0.15658985171467066,1.9754773527383804,-0.853109835010789
4803,3.8573188954032958,5.097571320366114,-0.13850001452598676
4804,0.9590813745744526,7.1587404841557145,-0.7637096769884381
4807,2.8024334423244,15.867479440756142,-0.6997914816341289
4808,0.1693751672282815,3.896553799510002,-0.9166856240655804
4812,0.8671904681250453,0.8459069142118096,0.012424018700087037
4813,2.859705600887537,12.431926367338747,-0.6259777103150417
4818,0.2881138138473034,1.8148148311302066,-0.7259880267114364
4822,1.3274227632209659,5.517427435610443,-0.6121397182810817
4828,1.7054510526359081,5.032093291636556,-0.49374698985515514
4832,1.0996718257665634,3.942812817171216,-0.563837312898123
4838,2.264857981353998,2.38967452570796,-0.026816129045089006
4843,1.2721947971731424,8.331491428427398,-0.7350611489612767
4844,1.9437056798487902,2.1383873629383743,-0.047691632956168975
4848,1.1027373438701034,3.3134758146479726,-0.5005959611603562
4850,0.5141110122203827,7.3560183160007,-0.8693513179313855
4851,0.25908958027139306,3.0733546148985624,-0.8445047748152303
4857,1.9839224624447525,6.417234780266881,-0.5277025759359153
4865,0.5157070392742753,3.0927780624479055,-0.7141697833096183
4866,0.026289894711226225,1.761145293712616,-0.9705836666056754
4869,0.23336104024201632,2.1413486413657665,-0.8034614150522834
4872,0.4623520579189062,2.0729119777679443,-0.635263190412462
4873,0.6675719087943435,3.6774365240707994,-0.6927177845063531
4874,0.7419718969613314,8.129615939222276,-0.8327307556071202
4877,1.7044314900413156,4.97328632324934,-0.48951676674649774
4878,2.8686873111873865,10.653249758761376,-0.5756987632248248
4879,4.756743160076439,9.199701307807118,-0.31834455816841134
4882,1.6962759904563427,2.0800725766457617,-0.10163166333022995
4883,0.13842062465846539,1.9975446742027998,-0.870390567924773
4884,1.6520603653043509,3.7632947601377964,-0.3898607470660901
4886,1.9475189568474889,8.726635698229074,-0.6350963575515409
4888,0.7130959769710898,6.093510985374451,-0.7904694715248392
4889,0.8475980502553284,1.6092863800004125,-0.31002204269961886
4891,2.0024062828160822,7.819155976176262,-0.5922428163639584
4892,1.3452103333547711,3.4337031142786145,-0.43702251647969687
4893,0.9051757543347776,5.405256412923336,-0.713117666003394
4894,1.2412703856825829,6.593001047149301,-0.6831178505046416
4900,3.6272688703611493,4.64782290533185,-0.12332842494488357
4901,0.13049410562962294,2.5142017379403114,-0.9013163604825525
4902,3.1743460362777114,9.20705365203321,-0.48723955026267285
4903,1.51302429754287,3.977141207549721,-0.44882379369451175
4904,0.23884243983775377,3.3855755254626274,-0.8682036993940386
4906,0.43322885129600763,0.5176123236306012,-0.08874612770215591
4908,0.2750440761446953,4.688468798995018,-0.8891736223662368
4911,1.1020079739391804,1.562256031204015,-0.17274866769065744
4912,0.3239675536751747,1.8424910139292479,-0.7009243024354214
4914,2.446179431863129,3.1978634232655168,-0.13318183626462227
4918,0.4385179984383285,3.997581190429628,-0.8022956747499441
4919,0.7516377847641706,3.6758206244558096,-0.6604653436385762
4920,0.6691993437707424,5.183376355562359,-0.7713145875764125
4921,2.611647832673043,5.809175123460591,-0.3797167221593377
4925,1.8922402407042682,9.607759385369718,-0.6709147300467173
4928,0.8110943147912621,0.7531471769325435,0.03704487968467286
4930,2.0022944333031774,9.175448573194444,-0.6417354680386613
4932,0.13056571502238512,2.8615097030997276,-0.9127256524136766
4934,0.45705494470894337,3.422335358336568,-0.7643676407859683
4937,2.077627339400351,4.463060072623193,-0.3647067323286861
4938,0.5105508118867874,5.682550089433789,-0.8351227212273133
4941,0.4419342605397105,2.5149513026699424,-0.7010812551972093
4945,1.1797196101397276,15.520540622994304,-0.858718415920305
4946,1.3996414127759635,15.62063042446971,-0.8355324255499225
4949,0.6061460133641958,4.5035580433905125,-0.7627471154368363
4955,0.3320960681885481,6.419500524178147,-0.9016244339703399
4956,1.1705341478809714,4.0503088706173,-0.5515919004904535
4957,0.2922305860556662,5.672318652272224,-0.9020108395859125
4959,1.180898238439113,13.056149408221245,-0.8341091119805955
4963,0.245164860971272,3.2219506464898586,-0.8585770445523873
4964,1.4007837232202291,2.5432877959683537,-0.28967630713321424
4965,0.8955309167504311,1.5868344488553703,-0.2784858110264335
4971,0.7106277057901025,2.9861656930297613,-0.615543727157019
4972,0.7097861864604056,12.695544937159866,-0.8941038934562079
4977,0.248772578779608,3.533765323460102,-0.868462611500739
4980,0.4065748155117035,2.4282618314027786,-0.7131582054616178
4989,0.5809987355023623,3.922325110062957,-0.7419689298717097
4993,1.2941563371568918,3.55322029767558,-0.46603846383318975
4998,1.3302042800933123,3.4528415771201253,-0.4437835973964506
4999,0.5672896229662001,2.1707626255229115,-0.5856254216627679
5001,0.9411965757608414,1.3120014141313732,-0.16456824479419374
5002,0.05084861069917679,1.8412847518920898,-0.9462526144245846
5004,2.3826050981879234,2.8511249469593167,-0.08951929975939807
5006,0.022541136480867863,1.0175154507160187,-0.9566540191008297
5007,0.11382772866636515,3.3031520918011665,-0.9333752409159635
5008,0.12626384384930134,2.129203498363495,-0.8880375330765194
5009,0.1715430524200201,6.148120868951082,-0.945711337009429
5010,0.6503357691690326,7.855925288051367,-0.8470924499507503
5011,4.093872515019029,12.025745353195816,-0.49206332947982623
5015,0.1573934629559517,3.872461716644466,-0.9218862932081747
5017,1.3240711987018585,4.812033993192017,-0.5684326923041306
5021,0.3420061841607094,7.230796381831169,-0.9096751351482333
5023,1.5586842531338334,7.196210142225027,-0.6439284855427967
5025,1.367887670174241,2.4982994059100747,-0.29238412769214084
5027,0.08613111078739166,1.5400076564401388,-0.8940667149400944
5030,1.077340149320662,4.4181440975517035,-0.6079180283578792
5032,0.6863756901584566,3.7358849849551916,-0.6895815328022642
5033,0.24541197158396244,2.1554866805672646,-0.7955665714048622
5034,0.16626347601413727,1.3486549872905016,-0.7804984492012318
5037,0.8761447072029114,8.196141611784697,-0.8068525008145718
5038,0.7723920308053493,4.269379260018468,-0.6936029080845162
5046,3.9927553553134203,17.289986955933273,-0.6247893906788701
5048,0.38883808348327875,2.336954561062157,-0.7146972391595984
5050,2.904131766408682,0.9079258926212788,0.5236557398491307
5051,2.191731025464833,2.8184948903508484,-0.12509692684862722
5052,0.513977553229779,9.588994145393372,-0.8982522036956169
5053,1.9570610346272588,6.939044089987874,-0.5600184558942685
5057,0.37028033984825015,5.633868597447872,-0.8766585094021873
5059,2.0995388412848115,10.430007743649185,-0.6648659507264677
5060,1.066146562807262,2.941921000368893,-0.4679997050934749
5061,1.68149181175977,2.861332246568054,-0.2597151947025467
5063,2.8894711434841156,1.7153187347576022,0.2549850133823248
5064,0.6937327608466148,6.49177672713995,-0.8069078436242083
5065,1.0146276680752635,5.088537307456136,-0.6675077039066099
5067,2.4087311099283397,7.343070978298783,-0.5059926179518067
5069,0.27164879627525806,2.306358599103987,-0.789256775009607
5071,0.5635072160512209,6.661957524716854,-0.8440218764414754
5072,3.6865010620094836,3.1327035073190928,0.08121145935131213
5077,0.8859151471406221,2.3749762042425573,-0.45664233997549786
5078,0.9430682207457721,4.596438750624657,-0.6595118570587178
5081,0.30229667481034994,7.9307022714056075,-0.9265646268666767
5087,0.24575223866850138,6.5346005372703075,-0.9275104860204155
5088,2.3387902351096272,15.039610303472728,-0.7308394141431408
5090,0.3326501939445734,3.2229840997606516,-0.8128884095116911
5091,0.4674101755954325,4.254969574511051,-0.8020446468392153
5094,0.47409611055627465,2.6949863517656922,-0.7007991327500782
5096,0.951434978749603,9.256345838308334,-0.813586322864595
5099,0.3275391859933734,1.8365654312074184,-0.697298195853965
5104,0.3806240148842335,7.032819896936417,-0.8973151967123454
5105,0.4825790114700794,7.212320818565786,-0.8745717235754407
5106,1.2374461675062776,5.099879353074357,-0.6094736924944307
5108,1.0005021700635552,5.570528483949602,-0.6954809001072422
5112,1.0560941989533603,4.0570163037627935,-0.5869073440158814
5116,1.6261601275764406,10.58584466110915,-0.7336784327036224
5117,1.0311601553112268,8.839323564432561,-0.7910618801287301
5121,0.8490785071626306,4.386530560441315,-0.6756524422662651
5129,0.041821337305009365,0.9470280036330223,-0.9154141372723271
5154,1.4226076090708375,19.236398562788963,-0.8622772463266852
5155,0.43711425084620714,2.9451792892068624,-0.7415279036722996
5157,0.79721769830212,2.741215594112873,-0.5493950952748973
5158,0.17603051848709583,3.58104008436203,-0.9062937394074743
5159,0.14868287136778235,5.396506451070309,-0.9463741045714619
5161,0.1653827396221459,4.283687279559672,-0.9256551419017575
5162,0.7580590471625328,4.784750523045659,-0.7264711920693235
5165,0.15486387722194195,1.3607934433966875,-0.7956479012562936
5182,2.814394749235362,18.494350043591112,-0.7358460316082825
5189,5.349220908246934,62.31250993628055,-0.8418834149975044
5194,0.8355307565070689,10.950432196259499,-0.8582159540368536
5200,1.4857574715279043,6.8408095663180575,-0.6431284430245617
5203,1.0626221997663379,9.98008231818676,-0.8075431253205874
5205,1.8933153143152595,6.40393387991935,-0.5436281905017117
5206,1.8593069920316339,6.68287431448698,-0.5646762986374305
5208,0.6222675237804651,3.85935078561306,-0.7223023109859462
5209,3.37109246943146,14.17689154855907,-0.6157857830306138
5212,0.0949695622548461,0.8258730228990316,-0.7937333399076607
5213,0.13871203456074,0.6804277831688523,-0.6613226910503791
5216,0.27730901073664427,13.231258630752563,-0.9589432398612836
5218,2.105115072336048,12.609741855412722,-0.7138789615593677
5230,1.7659008200280368,9.33003468811512,-0.6817031211595621
5231,1.5201233131811023,10.745495026465505,-0.7521326245301587
5235,0.4015723867341876,3.514547400176525,-0.7949131239157671
5236,3.335541792679578,19.66043369472027,-0.709902126612757
5242,2.5063153505325317,4.309672503732145,-0.2645775185868342
5244,0.41111673694103956,6.116953197866678,-0.8740464667054503
5245,4.913073479197919,8.920522138709202,-0.2896895912096409
5252,1.1743169776163995,4.332385651767254,-0.5734954085406556
5253,4.006184429861605,7.968907753005624,-0.3309138053077502
5256,2.208205731585622,8.83797764312476,-0.6001866605543621
5258,1.4382089357823133,3.3489997144788504,-0.3991450797933981
5270,2.064172288402915,9.857224751263857,-0.6537029541864936
5280,1.4987940872088075,12.542727530933917,-0.7865197052045066
5281,1.2623211843892932,6.725762460380793,-0.683948931802662
5282,1.7319096997380257,11.17677572183311,-0.7316675334198983
5287,3.7917397213168442,7.796668355353177,-0.3455978256494761
5294,2.413325797766447,0.7336406847462058,0.5337473793742429
5299,0.3602402489632368,1.5741055300459266,-0.6275327266998998
5304,0.6735687772743404,7.756577524356544,-0.8401999791760547
5308,0.833821402862668,1.0680497025605291,-0.12315676863160414
5316,0.5026120115071535,0.2109345393255353,0.4087714695570037
5321,0.4017562661319971,1.5070989793166518,-0.5790605211262527
5325,1.8954294249415398,2.908306946977973,-0.21085202093042613
5328,0.9579482083208859,11.711115048266947,-0.84877363244308
5330,2.4981708470731974,10.856239585671574,-0.6258657977220707
5332,0.851212602108717,0.24985722778365016,0.5461555280134275
5335,0.36244553606957197,3.0239269081503153,-0.7859387636533518
5343,0.41263943538069725,2.305115049239248,-0.6963379600944715
5352,1.677904819138348,1.286942203529179,0.1318660330937685
5353,1.8820113274268806,8.32917233882472,-0.6313823374566605
5356,3.620191900525242,10.21526586310938,-0.4766791294696644
5361,0.3280533729121089,7.179855350404978,-0.912611251680847
5363,0.42070240061730146,5.358116649091244,-0.8543984862654778
5364,0.5683525055646896,3.900753310881555,-0.745652697023403
5365,5.3858321430161595,10.841630487237126,-0.3362077281293036
5374,1.906553809531033,17.71376537438482,-0.8056551688420676
5375,0.22305077500641346,2.381850647740066,-0.8287453236739729
5379,2.476807455532253,6.692631580866873,-0.4597690336997683
5380,1.0523351156152785,9.846429123543203,-0.80688909448381
5381,1.0852976320311427,6.949048388749361,-0.7298354765342617
5385,0.6969990339130163,0.3856102703139186,0.28762801352530887
5387,0.24940574262291193,5.400789622217417,-0.9117178339795633
5388,0.8417180106043816,0.6928285378962755,0.09702506115144102
5389,1.292208001948893,12.260034080594778,-0.8092997462591432
5392,4.938739640638232,21.559709853027016,-0.6272431228990054
5393,4.112933008465916,11.210714407265186,-0.4631913803702046
5397,2.0035591274499893,0.5867561735212803,0.5469615816255707
5398,1.9030003985390067,0.8057915437966585,0.40505468049933396
5410,0.14250569930300117,2.447206011041999,-0.889944738841636
5412,0.814549557864666,0.49551759380847216,0.24352336721709422
5414,3.201829340774566,9.14991875551641,-0.4815585104530649
5415,0.4733385965228081,1.769894327968359,-0.5779853341529707
5420,1.3052667588926852,11.745520835276693,-0.7999711895585165
5437,0.7339867651462555,1.995778865646571,-0.4622345912287647
5438,3.1257021678611636,3.1449512825347483,-0.003069714316992959
5439,1.7935756063088775,1.498539796564728,0.0896189147824315
5446,0.7685018414631486,1.5449553551152349,-0.335624758824209
5451,0.758060410618782,0.983837210573256,-0.12961542469978105
5454,0.9681039294227958,0.9226662451401353,0.024031310041761046
5474,0.9924088823609054,7.154007473960519,-0.7563569454460308
5484,0.4702643761411309,1.4477835651487112,-0.509642729967277
5487,1.013910623267293,7.4471864104270935,-0.7603358951611108
5489,1.1038502929732203,8.167291238904,-0.7618739204491264
5491,1.079776777420193,7.070343293715268,-0.7350280074413363
5507,1.32255841139704,2.246958600357175,-0.25897066351438564
5509,2.570365128107369,8.100193936377764,-0.518232341422
5515,2.712634690105915,4.1223818878643215,-0.20625366181289442
5523,1.288050191476941,1.7435140586458147,-0.15024054566888378
5524,2.055546055547893,2.5561795770190656,-0.1085566578236363
5525,1.2610188741236925,2.2846719259396195,-0.2887034176238266
5528,0.1559418821707368,2.9723236113786697,-0.9003013762784875
5531,0.5313975485041738,5.104602783918381,-0.811427424711962
5533,0.17478517442941666,2.2839162349700928,-0.8578231795356285
5536,1.265730369836092,0.22058947011828423,0.7031736182362915
5544,1.4507147357799113,1.5860236948356032,-0.044557330882206314
5547,2.7255625133402646,4.800124772358686,-0.27566415933338506
5549,5.084386778995395,2.4927696976810694,0.34203029715584454
5554,0.11719857715070248,0.06339618284255266,0.29791780398202755
5555,2.8481957288458943,9.85120016336441,-0.5514439028405709
5566,0.3221444711089134,0.041541689075529575,0.7715519938682983
5567,1.216116744093597,6.102672384120524,-0.6676726920835117
5569,0.6308089764788747,5.615172605961561,-0.7980112595103735
5570,0.9915704345330596,7.19328222842887,-0.7577059782589637
5574,0.254752267152071,0.0312752416357398,0.7813130508413304
5577,1.1148981507867575,3.8476479463279247,-0.5506749442850493
5578,1.4970188699662685,1.9443470048718154,-0.12998563685892994
5581,2.6353407721035182,18.564809105359018,-0.751384703661414
5587,3.394158286973834,2.3108845120295882,0.18988004351751508
5588,0.5535828089341521,3.1364951618015766,-0.6999614570073007
5590,0.6343837510794401,0.37071847543120384,0.26232682476818864
5591,4.139025183394551,13.932185424258932,-0.5419205416551485
5596,1.7150147473439574,3.035135308280587,-0.27791133868986456
5600,4.900564240291715,6.521962176542729,-0.1419474008710776
5603,2.1533978637307882,7.530740822665393,-0.5552732290469865
5605,0.2580402232706547,2.347981236875057,-0.8019661562904952
5610,1.886339747812599,10.855197033844888,-0.7039070278353714
5611,0.30412407498806715,1.7737798914313316,-0.7072780264118932
5613,1.5827754512429237,2.1929366514086723,-0.16160162204556983
5617,1.6696647582575679,5.927355055231601,-0.5604421735762192
5619,3.733008840121329,7.020987342577428,-0.3057448084039269
5622,0.9278357261791825,1.3354618018493056,-0.18010273533282106
5623,0.4041523924097419,1.5555707095190883,-0.5875413296784078
5624,0.1963136186823249,6.050923854112625,-0.9371518628713293
5625,1.0949318911880255,2.3700991780497134,-0.36801034720356485
5628,1.7006648150272667,5.29020951455459,-0.5134614828273576
5629,0.6384237688034773,1.3094258587807417,-0.34448351683549444
5630,0.3053034646436572,3.583778038620949,-0.8429945659982706
5632,2.132819976657629,4.757249301299453,-0.380900281081004
5633,0.5687846196815372,9.413933154195547,-0.8860461384232691
5641,0.1526103150099516,1.9288314580917358,-0.8533609568304531
5642,0.32118654530495405,4.63020368013531,-0.870264095261516
5651,1.5753567721694708,5.160246513783932,-0.5322299413164592
5653,2.613937406335026,10.857973071280867,-0.6119425807232773
5654,0.5406596474349499,1.7898943163454533,-0.5360247770807149
5661,0.49001048505306244,0.06557755032554269,0.7639346200778536
5663,0.7506643277592957,2.071690211072564,-0.46805809303446255
5669,0.1324229622259736,4.513147845864296,-0.9429895839728326
5672,0.6150626754388213,2.5558797060512006,-0.6120631651779745
5674,0.6052723210304976,2.8475945042446256,-0.6494088236475241
5678,2.043843378778547,1.0324592711403966,0.32876612698183977
5680,2.1065963488072157,6.499786770902574,-0.5104572223880951
5685,0.1492482414469123,0.8965116422623396,-0.7145649899709398
5686,0.36720542097464204,1.5676554460078478,-0.6204322210024051
5687,0.03732987865805626,0.6904569379985332,-0.8974153479998546
5689,1.7287521129474044,8.022984922863543,-0.645447348180269
5690,2.024199507199228,4.526035545393825,-0.38194599401494894
5694,0.7835370460525155,13.653019681572914,-0.8914509795048836
5704,1.6933436132967472,0.4731318741105497,0.563224345845661
5707,1.6008745827712119,8.58324789442122,-0.6856136429315832
5708,1.6292953910306096,4.879226063378155,-0.49933470990490425
5709,1.0148054952733219,9.39953668601811,-0.8051138559482433
5711,0.33530994690954685,6.1448348462581635,-0.8965115880547834
5713,3.077359132003039,15.8614049134776,-0.6750200673482991
5715,1.0082638990134,7.4345555221661925,-0.7611546928305828
5717,0.707303561270237,0.6818672027438879,0.0183104620290383
5718,0.7602254296652973,4.16865476872772,-0.6915220500131034
5720,0.6032250206917524,6.088698118925095,-0.8197154963956443
5721,0.2276658844202757,2.8259813897311687,-0.8508892062630478
5723,0.36595210433006287,6.035137462429702,-0.8856594332843398
5724,1.4386265985667706,10.827843630686402,-0.7654375591869443
5726,4.80121978931129,23.2975101377815,-0.6582607255367594
5727,1.9288856107741594,2.8211990729905665,-0.1878521166719511
5728,0.25204802863299847,0.12265075836330652,0.3453367738567636
5729,0.051100620068609715,0.3789547625929117,-0.7623533055080488
5731,5.00776661420241,7.390492282574996,-0.19218228044840388
5740,0.5019478783942759,5.12845841422677,-0.8217010097290788
5741,1.0355579410679638,1.3464084612205625,-0.13050163925646124
5742,1.6208210419863462,1.103650621138513,0.18982411446866349
5743,1.2271229140460491,2.3775032153353095,-0.3191399773508201
5744,0.10389693221077323,2.3846356235444546,-0.9164994390200368
5745,0.9952506488189101,1.5335236308164895,-0.21285924423233815
5748,0.13143257796764374,1.045662134885788,-0.7766830883991954
5751,2.05308741517365,4.319325305055827,-0.35563262917474875
5753,0.2841577660292387,1.4180874628946185,-0.6661376854506286
5756,2.7448442950844765,1.2554367589764297,0.37232572311280343
5758,3.4007655140012503,7.406292997766286,-0.370639936797154
5760,0.7143388227559626,8.609795454889536,-0.846776375911058
5762,1.3358110785484314,2.7721789982169867,-0.34965223693996467
5763,3.307609905488789,11.67195840086788,-0.5583838148278993
5768,0.6064065843820572,0.9668090133927763,-0.2290864834548078
5772,0.4796101711690426,0.021354923024773598,0.9147448663679987
5773,0.5946344910189509,0.9513990711420774,-0.2307612129870028
5776,1.1371711236424744,5.378970365040004,-0.6509679461018798
5783,8.45403072796762,2.7019478424917907,0.5156054082701989
5792,1.3901893086731434,0.13235250650905073,0.826142697442269
5794,6.842505307868123,1.903575177770108,0.5647021129301945
5797,1.637824259698391,0.9839842007495463,0.24938513579931249
5803,1.1743987752124667,4.926681927405298,-0.6150194260800779
5806,4.094658483751118,6.388600242789835,-0.218819531109236
5812,1.0657239444553852,2.0455084613058716,-0.31491845965471604
5817,0.8423087457194924,2.9618533020839095,-0.557164634347721
5819,0.1329441051930189,0.18898997455835342,-0.1740911350809591
5821,0.21927782334387302,1.525145372375846,-0.7485956115668628
5825,3.3241115985438228,3.0504213818348944,0.042934944026695614
5827,2.2492064838297665,2.6023550969548523,-0.07279071021662681
5831,1.1775725185871124,0.23525734012946486,0.6669700336833092
5841,0.8288483736105263,5.6514671365730464,-0.7441950558399836
5842,0.8062751851975918,1.976742948871106,-0.42057496835706965
5846,0.8726670667529106,5.885267809964716,-0.7417355796784056
5865,0.5384245701134205,1.883997330442071,-0.5554658996517239
5866,0.5000583594664931,1.7657543886452913,-0.5586057498498089
5868,3.132495963945985,2.0020880319643766,0.2201556996402718
5872,0.5681433286517859,4.762884551193565,-0.7868541146445249
5873,2.416218518745154,17.60316523583606,-0.7586120983177009
5875,0.5760123254731297,3.035386746749282,-0.6810032267527836
5876,0.7361775552853942,1.5857142843306065,-0.3658812674001837
5877,0.30586747406050563,6.3088289480656385,-0.9075188173298979
5880,1.686872562393546,1.691084056161344,-0.0012467578016435278
5884,1.7294172197580338,6.377748555969447,-0.5733608346985763
5887,2.2610486019402742,7.239314726786688,-0.5240079723890909
5897,1.320272522047162,6.277169805020094,-0.6524428971724393
5900,2.2629641350358725,0.6228379583917558,0.5683432624776701
5905,1.023790697567165,4.5386826898902655,-0.6318937184037662
5907,6.698232873342931,2.9548940886743367,0.3877850979684971
5915,0.41145631298422813,0.7598405405879021,-0.297434614069782
5916,0.05740678729489446,2.680766507051885,-0.9580692811416317
5924,0.6939897704869509,1.178282406181097,-0.2586657227133233
5927,1.6239007073454559,9.17446953151375,-0.6992322597900917
5930,3.898949266411364,15.374079431407154,-0.5953983852207955
5931,1.6953027318231761,6.65308396355249,-0.5938609952597107
5932,1.0401755161583424,2.691036314703524,-0.4424462810956004
5933,0.4435074422508478,1.0082848351448774,-0.3890207997984103
5937,5.846494257450104,2.534176069777459,0.39523308498498216
5939,2.4937431337311864,7.590396740008146,-0.5054128235119916
5944,0.23086527455598116,0.7446652967482805,-0.526687771050408
5950,2.3362384769134223,5.4658529525622725,-0.401125070622091
5954,2.4209611620754004,0.596566007938236,0.6045994124812852
5956,2.1163902496919036,3.5684976633638144,-0.25543290138347235
5970,0.4629124440252781,0.8480546418577433,-0.29378479595675977
5974,0.1113755339756608,1.8728945665061474,-0.8877415590255971
5976,0.12983401026576757,1.7173121944069862,-0.8594220533948485
5980,0.32621512934565544,0.31415605172514915,0.018831387134447118
5982,4.041672165039927,12.84292320907116,-0.5212592217356625
5983,7.024216181132942,2.8679820941761136,0.42015272756212096
5984,0.20829488337039948,0.23495063371956348,-0.06013766484116231
5988,0.14471329329535365,3.63733740337193,-0.9234736364463143
5992,3.173226005397737,7.131059161387384,-0.3840958486617742
5997,2.333020070567727,4.230801606317982,-0.289127528012064
5998,0.5431194547563791,1.641503483057022,-0.5027796830694808
6000,1.8474873062223196,3.986366469413042,-0.36663228895506755
6001,0.08904634835198522,1.0415241639129817,-0.8424753743594241
6004,0.18198196031153202,1.0378012899309397,-0.7016159054886054
6008,0.1679740590043366,1.467136688530445,-0.7945410618112755
6010,0.23399392794817686,1.8544976776465774,-0.7759206430883128
6013,0.5946404756978154,2.917051535099745,-0.6613367722056617
6020,0.9883416993543506,2.0500685246661305,-0.34943498310986254
6022,1.9655943093821406,9.376309253275394,-0.6533925194260942
6024,0.15064836852252483,6.9364864230155945,-0.9574868058942877
6028,0.5832123393192887,0.7614552332088351,-0.13255535980115699
6031,3.6896688640117645,5.940880540758371,-0.23375734676479815
6032,4.96056502033025,6.310069482307881,-0.11973633442390763
6034,3.063972855452448,17.517464950680733,-0.7022586192166081
6040,0.2712796349078417,3.259358998388052,-0.8463282917997065
6043,2.545533675700426,7.27012534532696,-0.4813320898275803
6045,1.0266825528815389,5.1274368381127715,-0.6663429850307169
6046,0.1933400328271091,4.256158947944641,-0.9130958188042864
6047,0.4409192018210888,0.16050220374017954,0.4662570960851446
6049,0.18901003431528807,1.25941002368927,-0.7390121280479218
6050,2.1635943250730634,12.677158291451633,-0.708425255648514
6059,0.15634248964488506,1.648150849621743,-0.8267186846931358
6060,4.439572025090456,3.9187083491124213,0.06231708589072627
6070,0.5331953717395663,4.107208679430187,-0.7701944202011703
6074,2.871198320761323,4.823099631816149,-0.2536815344408017
6075,1.5166140235960484,4.737762417644262,-0.5150231081084257
6076,0.7949510416947305,4.491026152856648,-0.6992226744699197
6079,4.484327787999064,9.87283815536648,-0.375318526554823
6085,1.8949962072074413,0.9966716268099844,0.31065967184380716
6091,0.341187157202512,5.358889538794756,-0.8802868187922657
6101,0.5460835630074143,1.8018272379413247,-0.5348344896347669
6102,1.2677880236878991,6.473212543874979,-0.672448538758504
6103,1.095908107701689,4.4921767599880695,-0.6077696979734432
6104,0.2964225681498647,2.2419241960160434,-0.7664443862951472
6113,2.193165567703545,8.67198658362031,-0.5962936299172545
6124,0.15965679567307234,1.7755685271695256,-0.8349992698121844
6129,4.671905221417546,12.981262744870037,-0.4707006436080185
6131,5.107796742580831,27.739010888617486,-0.6889928056369334
6135,2.730333431623876,0.7886262866668403,0.5517844193737006
6137,0.16854292759671807,2.5244691697880626,-0.874829431504723
6142,2.935222050640732,5.071298829978332,-0.2667921324614308
6147,10.098194838501513,30.877789709949866,-0.5071164268640661
6151,0.5172752477228642,6.676240790635347,-0.8561829166807972
6154,8.971117993816733,12.659287041053176,-0.17050855225737357
6156,0.3701510983519256,4.48527405411005,-0.8475309219153911
6157,0.22744734352454543,4.152984447777271,-0.89615300300914
6158,0.361512029543519,0.6216792068444192,-0.2646150287673855
6162,0.7057148814201355,7.083684833720326,-0.8188012151825182
6163,0.2856644275598228,4.0047649862244725,-0.8668364398945834
6164,1.7014966192655265,8.163561441004276,-0.6550457972227445
6167,1.8434247998520732,1.516598301474005,0.09726912242031445
6169,1.608385456725955,9.541753150522709,-0.7115039528422176
6170,0.8600523257628083,2.942444035317749,-0.5476380545339006
6171,1.55137940030545,4.379952275194228,-0.47688664698556266
6182,0.2865865072235465,1.8459308538585901,-0.7312223455208027
6196,0.19514179322868586,1.4049706868827343,-0.7560899053603085
6287,0.2066100873053074,2.4763820488005877,-0.8459853202509903
6313,0.07491806149482727,1.800535500049591,-0.9201067272136634
6317,0.37213017232716084,0.6837399825453758,-0.2951213354974855
6372,0.0774417594075203,1.2828037291765213,-0.8861356129347254
6398,0.445753363892436,0.7796363378874958,-0.2724708503015879
6404,3.2768921400420368,2.3777443445287645,0.15901071589067153
6405,2.0117980875074863,4.093451377935708,-0.3409612174261528
6407,0.30821880232542753,4.904770523309708,-0.8817496898333602
6419,1.158297342248261,11.359368214383721,-0.8149339687966034
6421,0.9582945867441595,14.004005720838904,-0.8719054467502004
6424,1.807269032113254,11.505410654470325,-0.7284890683676599
6425,2.0422621071338654,11.201101456070319,-0.6915795451227357
6426,1.2615426038391888,13.196129112504423,-0.8254846798861125
6429,1.7628325745463371,9.98336409078911,-0.6998462353777823
6433,1.3126163939014077,12.78932190965861,-0.8138388687219762
6434,1.6117675136774778,4.898217333480716,-0.5048321765660282
6437,1.591345464810729,11.340479243546724,-0.7538869416034278
6440,0.516541151329875,5.6912635657936335,-0.8335833116961707
6441,0.9420765023678541,4.587190693709999,-0.6592400153725835
6444,0.37312508281320333,2.3176949163898826,-0.7226681212982886
6448,0.1482659000903368,0.3918040422722697,-0.450938152780902
6452,3.9968315274454653,22.139804650796577,-0.6941586897266411
6453,5.460436355322599,17.2127917339094,-0.518336221570837
6454,1.352377116214484,8.142520911525935,-0.7151360420588575
6455,0.6113545391708612,5.918067077873275,-0.8127385318248058
6456,4.179836842697114,15.347638525767252,-0.5719019725972799
6457,0.47412534710019827,1.3431551815010607,-0.47820345880735704
6459,0.16366977710276842,1.2290955921635032,-0.7649715009939191
6460,5.73665904160589,9.540609465911984,-0.24899414593871536
6461,2.6359822656959295,2.499380216933787,0.026600273928894087
6463,8.33724471181631,9.516707665286958,-0.06606172843740633
6466,0.4254263946786523,5.017854760400951,-0.843687517672288
6468,1.392207857221365,2.056981546804309,-0.1927333096891895
6470,1.250479849986732,4.310137677937746,-0.5502370577701813
6473,2.330810012295842,11.8655862249434,-0.6716335648363886
6476,5.948974282480776,11.070640491321683,-0.3009272699123696
6477,5.536954737268388,6.882568388944492,-0.10834664407008651
6479,2.227380125783384,5.533484233543277,-0.42599689347570396
6480,0.46623946353793144,2.4874849803745747,-0.6843040219955708
6481,1.9417934641242027,10.119755401276052,-0.6780192186270922
6482,0.8716929075308144,3.666780891828239,-0.6158651802047519
6483,3.727264415938407,7.908350839279592,-0.3593352247931896
6484,1.4857804151251912,7.30321504175663,-0.661899833168727
6485,4.264675288461149,9.193253078032285,-0.3662211341413871
6487,0.8817767957225442,4.057822740636766,-0.6429764035597219
6488,8.310362232849002,6.1905655700247735,0.14618351954031408
6489,4.216332780197263,19.028983071213588,-0.6372316205854717
6491,0.05554784368723631,1.6942018568515778,-0.9365076688733259
6493,0.5435031889937818,7.5369754415005445,-0.8654774763110868
6507,3.5134942452423275,16.057732064276934,-0.6409530818685882
6519,0.12882053572684526,0.97468151897192,-0.7665241579230334
6522,1.7584912390448153,4.990805889246985,-0.4789112982820727
6524,5.738534458912909,7.413952290546149,-0.12738411097065122
6525,3.4728669836185873,22.15664887521416,-0.7289947260223341
6526,0.7028229162096977,8.178936274722219,-0.8417379032460854
6531,0.3937961286865175,3.1266794223338366,-0.7762824237919959
6532,0.16395617928355932,2.2257001474499702,-0.8627784443731239
6533,1.399180899374187,3.5902199973352253,-0.439138714911769
6534,5.809674576390535,13.358249818440527,-0.3938128660443378
6535,0.6191766234114766,6.575832796283066,-0.8278871958896817
6536,1.068973640911281,2.3307264829054475,-0.3711365108806326
6537,1.0871236007660627,4.011239904444665,-0.5735401763113727
6538,0.5339738763868809,3.0385636165738106,-0.7010674471915994
6539,0.211153918877244,4.70876008272171,-0.9141635732620217
6540,3.7699107327498496,10.458217632956803,-0.4700763676216877
6541,2.1288586296141148,9.012326331809163,-0.6178398191959532
6545,2.556050152517855,5.611243298277259,-0.3740765731224701
6546,0.3570070993155241,5.5376504547894,-0.8788709620400762
6548,2.6319036642089486,5.814235193654895,-0.3767794471532557
6552,8.168158199172467,18.55150924436748,-0.3886033038073991
6553,0.37844058917835355,9.994050939567387,-0.9270299545427387
6554,1.3954316936433315,0.28488991456106305,0.6609102529297005
6557,1.1144118742085993,12.298751820111647,-0.8338331061029383
6558,0.4708775784820318,4.152837409637868,-0.7963206730119415
6560,3.088308340869844,5.6605681222863495,-0.29401029860790356
6561,2.4028290291316807,20.16048135049641,-0.7870144948853308
6562,2.17486948473379,4.432169511914253,-0.34165078007339145
6563,2.16388994269073,10.982919001718983,-0.670811380641354
6564,0.627771832048893,1.1094010900706053,-0.27724888633067485
6565,1.6666485043242574,7.893227554857731,-0.6513242443715963
6566,1.0727870874106884,3.20771355740726,-0.49875625473404694
6567,0.4948190157301724,2.79773760586977,-0.6994317349111668
6569,1.4772184463217854,4.128096072934568,-0.4729221915211988
6572,2.0557399964891374,11.32163551915437,-0.6926542139621481
6574,2.16306952573359,2.672619979828596,-0.10537286430586519
6576,0.06935438979417086,1.4522957503795624,-0.9088431854819048
6577,1.6399824344553053,1.4192530296277255,0.07215181943952415
6583,1.0396360894665122,7.845009692944586,-0.7659701658506051
6587,0.10749661549925804,1.7986915186047554,-0.8872130052889774
6599,0.2691323710605502,0.8844874929636717,-0.533412384003183
6602,0.10826821252703667,1.3936613202095032,-0.8558278398984562
6603,0.10782792791724205,1.4254652559757233,-0.8593511938220435
6605,0.055392288602888584,1.0664522647857666,-0.9012478360998932
6614,2.567855090368539,6.276805746369064,-0.41934345753479113
6618,1.4058116655796766,6.422806655522436,-0.6408531856022106
6619,0.3617672431282699,7.392583064734936,-0.906693087424261
6620,0.7200875096023083,7.044248897582293,-0.8145140880458517
6621,0.3842545859515667,0.3296168255619705,0.07653725798274749
6622,2.555788879748434,8.815880141220987,-0.5504988977368546
6628,1.3083018669858575,8.035563286859542,-0.7199655933716477
6637,2.509149007499218,0.6528853848576546,0.5870472589190849
6640,4.316276331897825,15.289722592569888,-0.5596984016446601
6645,5.422552934847772,2.907526347087696,0.3019210865392166
6646,3.902257347945124,5.1549363965168595,-0.13830763522504388
6663,0.17550892662256956,2.241493735462427,-0.8547714246441115
6664,0.9904474671930075,0.9647560599260032,0.013140016837452907
6665,0.1998341605067253,3.380983080714941,-0.8883862833284436
6673,0.7099105245433748,3.91489436943084,-0.692998714186329
6679,4.916311346925795,6.080032214988023,-0.1058279837756894
6686,0.0304019870236516,0.8493790961802006,-0.9308873818623067
6689,4.0885109063237906,1.9171967823058367,0.3615417593714154
6691,0.3531316686421633,1.4432401293888688,-0.6068389973283622
6694,1.048516919836402,1.581068156287074,-0.20252291560596875
6696,0.928326761815697,7.4056512247771025,-0.7772188111584836
6697,1.7489833254367113,8.953704820014536,-0.6731693380825295
6700,2.908585801720619,5.844481636071578,-0.3354133685380527
6703,0.2899973504245281,2.5745351798832417,-0.7975255317531554
6706,0.9207516899332404,4.868648809380829,-0.6819181225957084
6707,1.848559157922864,2.110669208690524,-0.06620230673680373
6712,0.26525055058300495,0.10317088337615132,0.4399300699328533
6714,0.8742962060496211,5.205455992370844,-0.7123908417592671
6717,1.9783930890262127,4.872939679771662,-0.4224793464896757
6725,1.1384631814435124,4.9028556272387505,-0.6231077294554676
6739,0.23066794499754906,0.9472266538068652,-0.6083385640243436
6790,0.745976256672293,2.2639470039866865,-0.5043220759660003
6798,1.4557873029261827,4.726061074063182,-0.5290122907752606
6799,1.7354588033631444,6.755285203456879,-0.5912116059630423
6802,0.6350745633244514,0.042069308925420046,0.8757448434523114
6804,0.5762479472905397,0.9173766225576401,-0.22838983915586372
6808,0.6511580068618059,5.741798985749483,-0.7962889449702899
6811,1.1680291276425123,8.387177240103483,-0.7555198532214601
6813,5.892050590366125,12.836027625249699,-0.3707789424487337
6815,1.2085223831236362,0.8929694234393537,0.15015664524537084
6824,0.24810376157984138,5.126840874552727,-0.9076813703670766
6827,0.40700417198240757,0.057854562532156706,0.7510875531124622
6830,1.3444520886987448,0.9594837774056941,0.16709159180884625
6832,0.06394381355494261,2.189467765390873,-0.9432471066068381
6836,0.11244910769164562,0.8414637371897697,-0.7642360970492923
6838,0.7955216579139233,2.0734352124854922,-0.4454279420356754
6839,0.21155091375112534,0.7840066663920879,-0.5750101893232921
6841,0.08179778046905994,0.7656893478706479,-0.8069639579548269
6842,0.02608794253319502,0.6605259329080582,-0.924009859203933
6843,0.07470536883920431,2.2471465170383453,-0.9356501857038679
6854,0.041215880773961544,0.3625755347311497,-0.7958555868613421
6858,0.6572836693376303,1.2575629744678736,-0.3134868826554978
6861,0.11681469529867172,2.016348496079445,-0.8904774882941332
6863,3.704184442292899,15.690853810403496,-0.6180276219070376
6864,0.26084888353943825,1.0159345045685768,-0.591396808621908
6867,0.16095025837421417,2.2303736209869385,-0.8653881561056923
6871,0.33649690030142665,5.25572900660336,-0.8796554696095557
6873,0.18554252246394753,4.535058327019215,-0.9213902939983911
6875,0.15818603709340096,1.4218992479145527,-0.7997753177063419
6877,0.5946631105616689,2.0987478345632553,-0.5584312066168078
6884,2.5819756723940372,2.105717522324994,0.10159755135115815
6887,1.4530153954401612,9.070606424473226,-0.7238564022338686
6893,1.2786466046236455,8.757398159243166,-0.7451891388074349
6901,2.7502698730677366,1.2709233628120273,0.3678874462076646
6903,0.15547103341668844,0.8890318796038628,-0.7023061755425077
6904,0.28578651044517756,1.914487624540925,-0.7402264509668903
6912,0.39804565254598856,2.751745997928083,-0.7472558843779696
6913,0.6882170797325671,5.2174580385908484,-0.7669302608273748
6914,0.9624596275389194,0.3572808811441064,0.4585588927616268
6915,1.3060305900871754,6.095086733810604,-0.6470720479270334
6917,0.7584846033714712,8.683018662966788,-0.8393296952878019
6920,2.0446162931621075,4.53777628345415,-0.37876197161933733
6921,1.2682813559658825,5.254667798988521,-0.6111325335096672
6922,0.6210347795858979,4.594110660254955,-0.7618341475802713
6923,2.078976357355714,3.796650762204081,-0.2923389061109725
6924,1.6911809761077166,6.758252000436187,-0.5996936171213313
6925,2.213664762675762,1.5030694678425789,0.19118808361336384
6926,0.3113548867404461,1.1443434348329902,-0.5722260826622445
6927,0.3760653375647962,10.750365629792213,-0.9324014432537132
6929,0.14758221805095673,3.2200213130563498,-0.9123517856611308
6931,2.159183397423476,4.985237373504788,-0.3955609652192604
6933,1.1141691217198968,5.022131882142276,-0.6368596908727391
6935,1.5989405550062656,2.572437029797584,-0.23337529509136043
6937,0.5560576869174838,1.8471000026911497,-0.537227465911062
6938,0.46930254297330976,4.946958264801651,-0.8267060765242152
6939,0.5241590877994895,2.353772561531514,-0.6357390295063804
6940,1.4247178016230464,5.201579249463975,-0.56998070245293
6941,1.3383945696987212,6.7378514860756695,-0.6685602294788618
6943,1.2975620278157294,10.668089562095702,-0.7831188685269541
6944,1.4560150438919663,4.221542574465275,-0.48709810035763335
6945,2.1083447551354766,16.924699062481523,-0.7784542740153438
6949,3.0696769235655665,2.6553003466688097,0.07238047547387384
6950,0.269578511826694,0.8988951304927468,-0.5385800722182398
6951,0.9740321077406406,9.037477404810488,-0.8054175333859637
6952,2.393102779518813,9.780418518930674,-0.6068347488209643
6953,1.1875182939693332,14.764787381514907,-0.8511164068533672
6955,0.6203994387760758,0.615488019771874,0.0039740018156413405
6961,0.9106231750920415,1.5465111592784524,-0.25879251911111467
6962,1.8270986815914512,6.1674972283653915,-0.5429165645968
6964,1.2890334259718657,6.285290587693453,-0.6596307674066838
6966,0.5440880060195923,2.9968414222821593,-0.6926863316330559
6967,1.0795698994770646,1.9680253025144339,-0.2915267101275467
6969,1.094896181486547,7.548521515447646,-0.7466520258820123
6971,0.8859774619340897,4.13396411947906,-0.6470168237754654
6972,2.9039826104417443,10.813299322966486,-0.5765950390843207
6973,0.5299778943881392,2.693944761529565,-0.6712217066276893
6974,1.3339879233390093,7.971588495187461,-0.7132927906145546
6975,0.7374699646607041,6.027554862201214,-0.7819756812324414
6980,0.46005578245967627,2.905137440189719,-0.7265798710376336
6981,1.111025318969041,5.3215890964493155,-0.6545649257924281
6985,0.15946083050221205,0.41771731385961175,-0.4474467473859429
6987,1.5347529761493206,1.0195062016136944,0.20172063157140946
6988,0.38081594835966825,1.5194929856806993,-0.5992062747920772
6989,2.8273963453248143,3.186615751357749,-0.059730409626383506
6991,0.598310383502394,6.197343283332884,-0.8239138093741503
6993,0.3690098226070404,6.954664692282677,-0.8992282298026056
6994,0.14781663194298744,0.8863509260118008,-0.7141340766177723
6995,0.815144584979862,6.084093261510134,-0.7637001062675494
6997,0.3800658481195569,4.069700705818832,-0.829174927038101
6999,1.2424883800558746,4.952866833657026,-0.598896806657339
7001,0.5178721696138382,3.5581198893487453,-0.745891472739513
7005,0.9007008448243141,4.396130200475454,-0.6599095432262669
7006,0.3058401378802955,4.67592995846644,-0.8772162777623902
7007,1.4701021066866815,3.783198738936335,-0.4403129956237811
7009,1.9512598169967532,2.8825382092036307,-0.1926597650871892
7010,1.0119938510470092,9.249542666133493,-0.8027597817630785
7011,0.12843522196635604,0.6821038257330656,-0.6830868979570095
7013,0.5114191845059395,0.32976062316447496,0.21595687353021298
7015,0.972324475646019,0.7960576280020177,0.09967690086903536
7019,0.1128777489066124,3.613177489489317,-0.9394116610275074
7022,0.6834711469709873,4.0306753176264465,-0.7100339787471124
7023,0.9000085364095867,9.899295702576637,-0.8333210146703875
7024,1.3035227824002504,12.177811585366726,-0.8066181363296953
7026,0.8988489075563848,12.559735234826803,-0.8664274194004996
7027,1.070107418578118,8.920973217114806,-0.7857874523090976
7030,0.46252452209591866,0.5449007358402014,-0.08176905740179918
7031,1.0268019679933786,2.950951306615025,-0.48372767383632875
7032,1.725607710890472,3.460325769148767,-0.3345044946941423
7034,1.3790741194970906,6.493761412333697,-0.649662662474871
7035,2.263452464248985,2.2082478527445346,0.012345328978028224
7038,0.4948221715167165,1.1148189366795123,-0.3851770198992879
7039,0.1090875780209899,2.856789819896221,-0.92643824178433
7041,1.2281113215722144,6.936533849686384,-0.6991635776418565
7042,0.5747336028143764,1.2251837020739913,-0.36137776857453735
7043,0.3059316873550415,4.9249533815309405,-0.8830287099308657
7044,1.7718381662853062,6.097163639497012,-0.5496663465031626
7045,1.8047101609408855,5.521482675801963,-0.5073266016449833
7046,1.6741872178390622,9.625194978900254,-0.7036674769134657
7047,0.7456000568345189,2.960233914665878,-0.5976074143802274
7048,0.7967897704802454,5.139873631298542,-0.7315698342466675
7050,2.138819394633174,5.219300684519112,-0.41865058693638707
7051,0.028922359459102154,0.6835707426071167,-0.9188136435968652
7052,2.4561863634735346,2.9894193881191313,-0.0979198731912506
7053,0.49072717409580946,4.247991348616779,-0.7928861265997718
7059,5.43645926238969,13.728029135148972,-0.43265281601901545
7068,0.4478836739435792,2.2274785563349724,-0.6651790408977409
7076,0.9012692775577307,1.8905623741447926,-0.3543527046064593
7079,1.2535137180238962,5.187862922437489,-0.6107932238738287
7080,0.8000082038342953,6.877325393725187,-0.7915921735929249
7081,0.35104460548609495,1.481494827196002,-0.6168763419484884
7083,0.6658084942027926,4.475782076828182,-0.741010691145072
7084,0.2414722591638565,0.27638591825962067,-0.06741934494383042
7086,0.48298273514956236,6.550906396936625,-0.8626697901885338
7089,1.0630723182111979,11.767227643169463,-0.8342872229937766
7090,0.5131389489397407,8.220118236728013,-0.882486238975694
7091,1.0450246022082865,8.348594685085118,-0.7775033093746384
7092,2.862564438022673,6.126519753597677,-0.36310209649802916
7093,1.1243596519343555,4.4628158919513226,-0.5975212723841847
7096,0.7214705161750317,2.4765872210264206,-0.5488070726286208
7097,2.5289529403671622,7.976321285590529,-0.5185365206138872
7099,0.49454778619110584,1.0591851938515902,-0.36340697849163556
7101,0.728389214258641,2.7294090036302805,-0.5786976750172359
7103,3.474189093336463,16.17080424213782,-0.646302848363587
7104,1.9625793709419668,5.652482037432492,-0.484553238458743
7105,1.3281238987110555,6.425968321040273,-0.6574392305192427
7110,0.731999684125185,5.605505327694118,-0.768994365208262
7114,1.2655352842994034,2.97213217895478,-0.40272081503640367
7116,2.9341047406196594,9.675878596724942,-0.53463780845284
7117,0.38202462531626225,3.206678162328899,-0.7870959798443865
7119,0.22879781760275364,0.5434568868950009,-0.4074550371259729
7121,1.145724262110889,0.9909945596009493,0.0724146298228913
7122,2.063307105563581,12.313447787193581,-0.7129662262513209
7132,1.7651745188049972,10.856355960480869,-0.7202915253895212
7135,5.448377582710236,12.234683979768306,-0.38377440315298467
7142,0.5366940498352051,0.04711229167878628,0.8386030149757238
7146,3.6248184591531754,5.030934379668906,-0.16244871436358155
7147,1.713470839895308,2.924321284517646,-0.26108338022488337
7149,0.9662610869854689,9.899577648378909,-0.8221469855169027
7152,0.6231474373489618,8.205804510973394,-0.8588399979982223
7155,3.0589440283365548,17.33775930898264,-0.7000550551970767
7156,0.6440823362208903,8.940205956809223,-0.8655962098532214
7158,0.2966494932770729,1.8391380123794079,-0.722210667033327
7159,2.157651709392667,12.955699071288109,-0.7144707694932714
7161,3.48097802978009,16.35724445898086,-0.6490635154684337
7164,2.813484562560916,1.9683771156705916,0.17673188890789845
7165,0.1066742418333888,1.1890692189335823,-0.8353466638054043
7166,1.2108765505254269,1.5348881636746228,-0.1180041434262059
7168,13.605011379346251,107.95851472811773,-0.7761662265814895
7171,0.8201426332816482,3.7862885501235723,-0.6439140841888386
7172,3.5189514262601733,10.756879131309688,-0.5070057168205212
7173,1.5377188143320382,8.390872215852141,-0.6902443036161884
7176,0.8723398502916098,4.635374955832958,-0.6832298399612444
7177,0.26198145374655724,3.062373772263527,-0.8423866067637961
7178,8.526501026470214,16.294950880808756,-0.3129732250698883
7179,2.0150724607519805,13.732148096896708,-0.7440726186090537
7180,0.2335362071171403,2.3541415333747864,-0.8195013208459613
7182,2.629179108887911,14.912998208776116,-0.7002448371969403
7184,7.66530849179253,13.04144688602537,-0.25963210054588104
7185,0.20728916861116886,3.228515148162842,-0.8793358704396534
7186,2.1351225040853024,4.895496942102909,-0.39262179657779733
7189,0.1676939574535936,6.8579166401177645,-0.9522620973294367
7198,0.9253702498972416,2.357808653265238,-0.43629617685097277
7199,8.22979652043432,11.468731359578669,-0.16442522298483805
7201,3.8126538963988423,5.718290774151683,-0.1999420774774645
7203,3.313942054286599,16.22947658551857,-0.6608636272532955
7204,10.55153124872595,19.34267197502777,-0.29407509745287835
7205,10.614524041302502,18.679915790678933,-0.27532158988652095
7206,8.93648409564048,11.43859348166734,-0.12280244708434347
7209,3.579164668917656,8.289765586145222,-0.3968850449026599
7211,9.492700513452291,14.059402806684375,-0.1938978540964294
7215,0.3763067089021206,0.4435494840145111,-0.08201776810771275
7219,0.9188407333567739,4.370823222212493,-0.6525901300820098
7221,2.708490356337279,5.875767257064581,-0.36896340293680574
7227,1.4495309852063656,4.710443349555135,-0.52937109590644
7228,1.4387112446129322,0.14561520516872406,0.816180301491274
7234,0.9340875633060932,0.5573436785489321,0.2526056007036025
7239,4.071627484634519,5.432544066570699,-0.14319150013274545
7240,0.10512065002694726,1.8607051093131304,-0.8930519151781972
7241,0.5742507325485349,4.48895806260407,-0.7731672716721872
7242,2.014131230302155,10.08670412376523,-0.6671087290472901
7246,0.8533814838156104,2.669022629968822,-0.5154550947313059
7248,2.473272121977061,11.519554865546525,-0.6464942896553175
7249,0.06176687777042389,0.09597393125295639,-0.21685607988257172
7251,0.16693655215203762,1.1821989938616753,-0.7525281241819461
7254,7.247072070837021,22.00402739830315,-0.5044923300416169
7256,0.4120104415342212,8.743810031563044,-0.9100003232380331
7258,1.0811719298362732,6.196454934775829,-0.7028778886441985
7264,0.08550389111042023,0.9864810332655907,-0.8404755716865865
7279,3.072822252754122,12.598971375264227,-0.6078531499724739
7281,0.5617291098460555,2.5463130064308643,-0.6385318545687777
7282,0.41603208612650633,2.397273812443018,-0.7042397086371607
7285,1.4629002381116152,8.571354196872562,-0.7084187474832999
7297,3.32652618130669,17.934832676313818,-0.6870824481554961
7308,1.2365323845297098,3.3814140930771828,-0.46446655866365233
7309,0.6064306292682886,3.5858007166534662,-0.7106883760799194
7311,1.1008235067129135,5.857999823987484,-0.6836179180302717
7314,0.7285071462392807,6.878434330224991,-0.8084625342540962
7315,2.088343311101198,6.142406207509339,-0.49255087732180547
7322,1.6725996565073729,10.51678570965305,-0.725564561909557
7325,1.278085398953408,4.958587564527988,-0.5901387145237584
7326,3.00463074631989,6.147423625923693,-0.34339753150231983
7329,0.6371639645658433,5.976785119622946,-0.8073272241876062
7330,2.983917262405157,7.255214922595769,-0.41715426493342106
7332,2.393068856559694,2.5509831346571445,-0.03194025434561675
7334,0.683657837100327,8.608466632664204,-0.8528521998762942
7339,2.0593112586066127,5.340480302460492,-0.44341371196410656
7340,3.626878848299384,6.258970329072326,-0.2662483954132561
7343,2.1733912797644734,14.638416411355138,-0.7414446655950175
7346,9.704794839024544,43.8236293126829,-0.6373965797491051
7347,0.4237761413678527,3.277594156563282,-0.7710166196529398
7356,2.639752969145775,1.950882552191615,0.15005992389335257
7357,0.27319588512182236,1.9255407880991697,-0.75149740444181
7358,0.7404868537560105,2.7707072282209992,-0.5782136581072376
7363,0.5464878464117646,4.326515632681549,-0.7757080007199856
7364,0.8270971123129129,3.629856157116592,-0.6288508932833856
7367,0.1869040378369391,3.5655227676033974,-0.9003823138847572
7370,1.0254140133038163,4.413590835407376,-0.6229405776142648
7371,3.624616871122271,7.801290535368025,-0.3655441546701927
7374,1.1521727554500103,10.727771227248013,-0.8060306080351153
7375,0.10183087456971407,1.1740195825695992,-0.8403717708445902
7377,7.796479053329676,24.302569365128875,-0.5142236647210656
7378,0.3522716825827956,1.5576048865914345,-0.6311052889293026
7386,0.30391140654683113,3.0830471543595195,-0.8205402274151741
7390,1.4330192068591714,9.868021374335513,-0.7463916359624198
7391,1.214356191456318,11.046650402247906,-0.8019157428591114
7392,0.6314741689711809,7.489499557763338,-0.8444831395297416
7393,1.487012886442244,7.043555384501815,-0.6513683873775491
7394,0.976108490023762,8.87221435457468,-0.8017716304742114
7399,3.3777918573468924,16.520216792821884,-0.6604894573388809
7417,4.637266909703612,8.045941217336804,-0.268754898089678
7418,1.2844952382147312,3.1423509656451643,-0.41967930257213254
7419,3.564730894751847,4.773767538368702,-0.14499452788938735
7420,1.4161003013141453,7.040932049043477,-0.6651070392903025
7421,0.9019147427752614,4.6923234816640615,-0.6775558327725689
7425,0.4017573669552803,3.0398488882929087,-0.7665291511235406
7426,1.1756958356127143,1.93028309289366,-0.24294667628140484
7429,2.3861494585871696,6.7240003775805235,-0.4761558258648414
7430,0.25780517095699906,2.889067410491407,-0.8361515032561264
7431,0.7112272772938013,5.767870731651783,-0.780454848402598
7432,0.7950176796875894,10.371905656531453,-0.8576120466217512
7438,0.7175478264689445,3.669821943156421,-0.6729029627559512
7439,2.328904699534178,8.794688554480672,-0.5812675551231803
7440,3.0752328941598535,10.277000554837286,-0.5393680157095968
7448,0.11258489778265357,3.25252802670002,-0.9330870016491776
7450,0.5060495208017528,4.525598351377994,-0.7988533642824541
7451,0.4716170188039541,2.4948683343827724,-0.682036509435205
7454,12.250152599532157,57.63683015014976,-0.6494296328857255
7455,0.47972909454256296,0.9074354977346957,-0.3083314017478445
7458,0.7851433856412768,5.413266922347248,-0.7466629840138993
7460,0.6293382542207837,5.320121572818607,-0.7884385229862613
7461,0.47728510294109583,5.297450711019337,-0.8346988959087355
7462,1.8322070548310876,7.4579304829239845,-0.6055586803994429
7464,4.142803616821766,18.296650853008032,-0.6307571895393317
7465,1.9094803454354405,7.48917323211208,-0.5936693847303187
7466,0.6942487801425159,5.287661292590201,-0.7678839127630863
7469,2.1402001404203475,6.401660450734198,-0.4988913439685813
7470,0.5786638422869146,3.9443072583526373,-0.7441222464563335
7472,0.2038108385168016,2.757993832230568,-0.8623738827005063
7474,0.9428755273111165,4.142447872087359,-0.6291777520293163
7475,1.1185291488654912,5.941575569100678,-0.6831409182871011
7482,0.5621168510988355,1.4999432163313031,-0.45480070151437807
7485,1.8452341286465526,3.3765947476495057,-0.2932613563715406
7487,1.624002088792622,10.430442172568291,-0.7305554609433912
7493,3.056702483445406,8.99514512065798,-0.49274126526377365
7495,1.8003396722488105,2.905572992749512,-0.2348605677961218
7496,1.6363953612744808,1.2138094888068736,0.14826508784286047
7497,0.907141650095582,1.9107767846435308,-0.3561618825352944
7499,0.17899228958413005,3.3855969235301018,-0.8995719961637869
7500,0.33451396273449063,6.565237550996244,-0.9030359391728099
7519,0.7892910791561007,2.8460749248042703,-0.5657707761493455
7521,0.425215020775795,8.467089435085654,-0.9043633688237108
7522,1.380040176678449,5.733686068095267,-0.612006386191024
7524,0.1591425370424986,1.469054775312543,-0.80451689013942
7536,0.7461984660476446,1.1560643194243312,-0.2154622676250159
7538,0.616411549039185,5.953895987942815,-0.8123644759183576
7547,5.368324755690992,7.162893953965977,-0.1432078746572261
7553,0.8244967563077807,3.1368213575333357,-0.5837260565228404
7557,1.3044138462282717,6.633379213511944,-0.6713409290437466
7558,0.20961423544213176,3.3685158118605614,-0.8828358764653694
7561,0.477461414411664,0.3172306250780821,0.2016262669955281
7563,1.2295903745107353,13.09693036461249,-0.8283476641815269
7566,0.5810895250178874,5.0106421280652285,-0.7921611546942214
7567,0.6137684402056038,6.641796441748738,-0.8308144299742803
7575,1.4341201409697533,3.852318421471864,-0.45743429190346513
7576,0.22529455833137035,3.0089892856776714,-0.8606834964413402
7579,1.082832015119493,2.9372818181291223,-0.4612928588419112
7589,0.6817343793809414,2.0017817337065935,-0.49190960616456747
7590,1.1408212995156646,1.3507880978286266,-0.08426954824326524
7594,1.4515571668744087,0.5411801070440561,0.45684750907466837
7596,5.319939270615578,4.26221611443907,0.1103846800299372
7600,1.1377145452424884,1.115295585244894,0.009950669859054129
7601,0.6164243370294571,1.4842603048309684,-0.4131205372323369
7602,2.928923579864204,5.829038430005312,-0.33114037796379814
7623,1.7930694296956062,0.06054428266361356,0.9346743258744864
7655,6.946527801454067,3.7683598012663424,0.2966123507800979
7656,0.29314764589071274,0.05514769535511732,0.6833279758598021
7658,2.0885762399993837,8.78160313796252,-0.6157236845172858
7661,0.5552757829427719,4.116110198199749,-0.7622650814192218
7662,1.0287263002246618,5.512384664267302,-0.6854582330709921
7669,0.7416068501770496,1.3603500239551067,-0.2943653037759044
7671,0.13895485177636147,0.0712461294606328,0.32211420668425583
7674,0.5066109532490373,2.105037523433566,-0.6120374102621527
7675,4.1691296473145485,7.140912976115942,-0.26275615643080114
7677,1.124804952647537,2.6854563346132636,-0.40959169576721344
7682,1.8462361693382263,4.739554515574127,-0.43932740724115
7683,0.4586727423593402,3.4434630065225065,-0.7649119498258589
7684,1.399653248488903,2.5466487258672714,-0.29065071168690937
7686,1.363488391507417,2.516988454386592,-0.2972572981847356
7687,1.7635398427955806,10.105121305212379,-0.7028241314157114
7688,3.6063543395139277,4.256907715694979,-0.08273326917166884
7691,0.36316301859915257,2.400955243036151,-0.7372304769733932
7692,0.16959728673100471,5.399426934309304,-0.9390926381355214
7696,1.0769193451851606,0.6585431788116693,0.24107473401944485
7697,1.5473230611532927,7.565730447880924,-0.6604161141773861
7711,0.7849249094724655,0.03443248011171818,0.91595247556222
7718,2.4649076275527477,6.195768554694951,-0.43078171364831064
7724,0.5052962601184845,0.10400638915598392,0.6586051635253528
7725,1.0818050615489483,1.5946963937021792,-0.1916275185080803
7734,3.544760100543499,4.917627594899386,-0.16223169438278434
7747,6.244724334217608,12.104155301116407,-0.31933453613239193
7755,1.7751399860717356,12.363691565115005,-0.7488986300394654
7758,3.7617622623220086,7.901348887011409,-0.3549298786306804
7759,0.5761117246001959,1.376859501004219,-0.41001514303201975
7769,0.6406114650890231,12.846173115074635,-0.9050016019338388
7773,4.162495960947126,7.326033595716581,-0.27536488626903766
7776,0.47311170119792223,1.8212103825062513,-0.5875803972262001
7798,1.7935724034905434,0.08556700171902776,0.9089295860836473
7806,0.12710191309452057,2.169928565621376,-0.8893337164894575
7807,0.5389529508538544,4.6553251296281815,-0.7924820571777185
7810,0.7013609418645501,3.7297539738938212,-0.6834381616370894
7811,1.982345001772046,5.838711467571557,-0.49307487817213913
7814,1.4024820574559271,4.146558222360909,-0.4945136503847949
7820,8.216396870091558,22.083935451693833,-0.457669521057738
7821,3.5125654665753245,7.822591865900904,-0.3802352515193232
7822,0.7524983030743897,4.490098210982978,-0.7129291559794785
7826,0.6944771045818925,3.9363836962729692,-0.7000656532564998
7827,0.16805507987737656,3.3614736199378967,-0.9047719431284836
7829,0.6725198496133089,2.7919088103808463,-0.6117571376893358
7833,1.377719307783991,5.8472384652122855,-0.618622184081515
7836,1.0260925833135843,19.60045569948852,-0.9005075818556065
7838,1.480026613920927,6.851826200261712,-0.6447304946621429
7842,0.19427633751183748,1.258316949941218,-0.7325110350016231
7843,1.5506833400577307,12.050129518844187,-0.7719719613606516
7848,2.3021266581490636,4.498922983184457,-0.32300842382975636
7852,0.31070248410105705,0.5379907190799713,-0.26780965621821445
7866,4.839825122617185,11.29500136571005,-0.40007720242684186
7868,1.881955649703741,6.387062887195498,-0.5448176488404102
7870,0.2968501360155642,3.6432594284415245,-0.8493188419460147
7875,1.1686630644835532,7.395106598734856,-0.7270680762227055
7882,2.148823673836887,9.279636264778674,-0.6239521885925241
7887,1.4175299406051636,8.74277386534959,-0.7209670167983092
7888,0.3418069649487734,1.9243420218117535,-0.6983367228315049
7892,0.3425613045692444,1.7714072223752737,-0.6759069019208979
7897,2.433975710067898,16.337667896412313,-0.7406752694550383
7909,4.500050330068916,10.897938404697925,-0.41550154275557544
7910,0.5405283533036709,1.5355335264466703,-0.47927529658324797
7915,1.1957931136712432,2.442334177903831,-0.34263261407012874
7916,3.1132810497656465,1.04379089246504,0.49782399392145693
7917,2.432650603353977,21.064680544659495,-0.7929423909438298
7918,0.094534145668149,2.162738114595413,-0.916240369110309
7919,0.21091030165553093,0.7516482472419739,-0.5617714851789863
7923,0.9242648794315755,8.44940610975027,-0.8027955364555315
7925,1.1881404733285308,6.353752450086176,-0.6849224762552252
7926,1.7687532012350857,14.96304848510772,-0.788575882694186
7928,2.6840818193741143,15.168772811535746,-0.6993106284832085
7929,3.3550559068098664,18.70601143501699,-0.6958392035321728
7930,3.6546506443992257,4.544427606742829,-0.10852158438902047
7931,3.0962313963100314,2.0782205145806074,0.19673791529236664
7942,1.0823424980044365,4.32664357451722,-0.5997983786635447
7944,1.7969512296840549,17.937010364606977,-0.817882362738122
7948,1.0489722853526473,4.08465782366693,-0.5913331256531545
7951,2.0701687880791724,18.815648303367198,-0.8017631985365423
7956,3.9567856662906706,17.00499926460907,-0.6224762653243056
7957,0.40148027800023556,3.997951190918684,-0.8174853815375827
7966,0.690805958583951,4.485836261883378,-0.7331065469995127
7972,1.092815882526338,6.65074369776994,-0.7177484408314233
7973,2.215713939629495,11.809618768282235,-0.684041158128114
7974,0.3371578115038574,3.7885464588180184,-0.8365574508431882
7985,3.144437085837126,0.70307837263681,0.6345286301118626
7986,2.6630598455667496,3.019665877800435,-0.06275263836283176
7988,0.9207595968618989,14.641612336039543,-0.8816684756241173
7990,0.38317008689045906,1.1600340511649847,-0.503409720798786
7991,2.2866471149027348,3.3176553453085944,-0.18396727116808717
7995,0.04921841714531183,1.6807570159435272,-0.9430992877651391
8003,1.2412770204246044,4.502829785458744,-0.567808516668415
8004,5.972681449726224,3.0867082867771387,0.31856154187960356
8005,0.11757154297083616,0.8965478865429759,-0.7681307752330783
8007,0.3301957957446575,4.452462926506996,-0.8619195661154623
8008,0.1002517631277442,1.5234545655548573,-0.8765149074592546
8009,1.1055023418739438,1.3908261125907302,-0.1142973674823806
8021,3.5059049068950117,20.907266692258418,-0.7127857892075816
8022,0.6053639715537429,5.135742885991931,-0.7891124528509713
8024,3.2532213400118053,5.679124220274389,-0.2715863223035211
8025,3.2635416192933917,2.379715799354017,0.1566162509296016
8028,0.8150442889891565,2.3419705033302307,-0.48366140635622185
8029,1.0472877589054406,9.99509821459651,-0.8103149516021289
8030,3.3774252138100564,6.66016981494613,-0.3270449337447049
8040,0.8499736487865448,0.15808305982500315,0.6863607801527697
8044,1.0835694940760732,4.314390296116471,-0.5985262817092153
8049,1.7510260418057442,3.891472302377224,-0.3793437108896549
8050,0.17525642178952694,0.7568986862897873,-0.6239758377745716
8052,2.181748880073428,3.2939079236239195,-0.20310970599898098
8056,0.7618390899151564,4.133711067028344,-0.6887626250402267
8057,1.6512848865240812,4.251617766451091,-0.44051766271563925
8062,9.515267180278897,12.981518152635545,-0.1540776124704855
8063,3.9060715646483004,12.489732631482184,-0.523527907759423
8067,0.2948095090687275,5.90487115830183,-0.9048952599701506
8068,1.2449926356785,5.305604592896998,-0.619884235822709
8070,1.4614500855095685,12.603716507554054,-0.7921887272589159
8071,1.570062625221908,8.8420815076679,-0.6984170397213856
8074,0.16797446552664042,4.953663542866707,-0.9344059594794357
8077,0.6275594690814614,2.2652560025453568,-0.5661254751732733
8081,0.5977094792760909,10.66253356775269,-0.893837197513378
8082,10.25576895615086,48.95580330863595,-0.6535890345796372
8083,1.2847781851887703,2.7130834963172674,-0.35726731560909875
8096,0.4384221523068845,6.514823680743575,-0.8738942465622617
8097,0.514456182718277,3.023206230252981,-0.709154734023056
8103,0.4171210452914238,4.342086950317025,-0.8247098905209715
8104,1.6183816245757043,7.3954080287367105,-0.6409098310872393
8105,1.2452809843234718,8.10679675731808,-0.7336889151853314
8106,3.538457964081317,8.613918605959043,-0.4176516924590703
8107,3.595155797433108,16.552023228025064,-0.6431107508509697
8110,3.122517972253263,5.565130602801219,-0.2811592353725423
8113,2.835516602732241,4.141517392825335,-0.1871856710063997
8117,1.098286535590887,8.578052904456854,-0.7729954509355544
8124,0.31704400945454836,11.4249936491251,-0.9459984682942377
8126,0.5360478409565985,6.97285835351795,-0.8572234551680831
8129,0.38721166737377644,1.1662917556241155,-0.5014987908725674
8131,0.480615655425936,2.898914121091366,-0.7155724688293285
8134,0.4340926092118025,1.1306909956037998,-0.44517234475602835
8135,0.5446147425100207,4.20655981823802,-0.770745218662452
8142,0.18461273424327374,3.118013810366392,-0.8882024765742703
8147,0.0690506212413311,0.9111441913992167,-0.8591083724351792
8148,0.12358994735404849,2.3287892900407314,-0.8992081277887586
8149,2.481899925507605,12.288540770299733,-0.6639369160850513
8151,0.6018625153228641,4.933566812425852,-0.782541703746027
8157,0.3107231818139553,5.788787151686847,-0.8981153683410302
8158,4.326285074464977,3.405221570748836,0.11913117921022624
8159,1.4417982697486877,0.20685818139463663,0.7490584757648479
8162,0.33272610045969486,0.30487062269821763,0.04368823858358291
8169,0.33557844953611493,9.430703539401293,-0.9312781568427573
8170,1.4340248964726925,17.812702603638172,-0.8509850678288184
8173,10.504925407469273,3.156870040227659,0.5378542956064967
8177,0.10360508598387241,1.3262519016861916,-0.8550832889195117
8179,0.19177361438050866,2.2684314753860235,-0.8440994897712941
8181,1.453898143954575,9.56277640350163,-0.736054988700623
8183,0.05745213991031051,2.2327447831630707,-0.9498277730338697
8185,1.6732094241306186,3.7834579441696405,-0.38672845119675553
8187,0.5262343664653599,5.871564474888146,-0.8354951821666063
8188,0.09547151066362858,1.6961665749549866,-0.8934254507867184
8191,2.671773379202932,9.044017003849149,-0.543902153956568
8194,1.4867058107629418,1.789079951820895,-0.09230583529350152
8197,3.6852438179776073,15.3983337986283,-0.6137785176327594
8199,1.111536717042327,0.6233378816395998,0.2814029531433312
8200,0.4058465426787734,5.127889882773161,-0.8533191639513061
8205,4.570438744500279,6.580356822814792,-0.18024885006463157
8208,1.5259119495749474,2.2378686470910907,-0.1891599893326955
8209,0.870754043571651,4.4600500566884875,-0.6733123081639801
8213,0.7602689773775637,2.518975378246978,-0.5363145316854337
8217,5.8926439308561385,27.178146925754845,-0.6436345319707709
8218,0.9740176214836538,8.395560971461236,-0.7920893427976652
8222,0.23102041706442833,1.1831317096948624,-0.6732735995042094
8223,5.1656690230593085,9.113638328853995,-0.27648184946907917
8227,0.3204105459153652,7.856961816549301,-0.9216348402118614
8228,1.5387495323084295,11.1753033217974,-0.7579450785731333
8229,1.8005076805129647,2.2125679054297507,-0.10267940787362115
8230,5.579725345596671,4.591114607639611,0.09720050089298622
8231,0.8514695595949888,4.8637022487819195,-0.702031859008223
8232,0.6807162407785654,6.815566369798034,-0.8183856516245683
8234,1.5128195104189217,3.6012244056910276,-0.4083666330460972
8235,0.6889046402648091,5.014666594564915,-0.7584304247632474
8236,5.152605758048594,11.995906855911016,-0.3990609128567389
8238,3.2892140597105026,9.239242607727647,-0.4749211100742344
8240,2.364130427595228,7.470211104489863,-0.519209207879881
8241,0.5589089952409267,8.451692612841725,-0.8759441334660686
8242,0.6392887164838612,10.09835855010897,-0.8809257371541215
8244,0.9572144979611039,2.5953725837171078,-0.4611169404415249
8247,0.7314981501549482,2.3912689201533794,-0.5315064276741017
8248,0.4228156376630068,4.427949385717511,-0.8256705341835925
8250,0.14806373603641987,2.312512382864952,-0.8796511638884238
8251,0.17769647296518087,3.495744913816452,-0.9032534050468052
8258,0.9071830753237009,8.232254469767213,-0.8014794519141106
8268,0.16518979519605637,1.2180361077189445,-0.7611528314379927
8273,2.8730780868791044,11.942553079221398,-0.6121558299246445
8275,1.2829005485400558,3.360636585857719,-0.4474468443303791
8276,1.0520149320363998,9.06858291849494,-0.7921041923463911
8282,12.175251071341336,30.51994101656601,-0.4296664108561313
8284,8.205732022877783,31.671366866678,-0.5884488966659888
8285,7.075300741009414,23.249563517980278,-0.5333663702113862
8291,3.4084690995514393,1.9008414498530328,0.2839592138507001
8292,4.5535552548244596,9.591869902331382,-0.3561797960493114
8301,1.127651335671544,4.599752092733979,-0.6062259801434037
8303,1.2277471614070237,6.957034879364073,-0.699992704682529
8306,1.6592316515743732,0.18572054663673043,0.7986716980340114
8313,3.5935448417440057,3.233476583380252,0.05274163298193359
8317,1.2165176086127758,1.1082016839645803,0.046593119863543545
8318,0.03504121210426092,2.056567668914795,-0.9664935328753512
8324,1.216573832090944,8.7762435330078,-0.7565103438515008
8325,1.0925415069796145,6.309326626360416,-0.7047930367581496
8326,1.7129873177036643,2.5995358657091856,-0.2055753697545848
8338,2.3875923193991184,1.1244567092508078,0.35965773821600533
8340,3.955682246014476,3.0895053958520293,0.12294588791574676
8344,0.707118658348918,0.689696129411459,0.012473041587268294
8349,1.8783782995305955,18.86233428493142,-0.8188704180840731
8350,0.8284419341944158,8.486660471186042,-0.8221292910926424
8353,1.4797388473525643,6.570884318090975,-0.6323914765494166
8355,1.360608127899468,1.828642735723406,-0.14675377630598835
8357,5.115853069350123,3.659638558048755,0.16594107465781213
8370,2.7556653395295143,0.381305989343673,0.7568954578357475
8372,3.2534651630558074,5.560767166083679,-0.2617700460878215
8375,3.354562916327268,7.3103419886901975,-0.370915550358213
8376,0.34084925055503845,0.022000709548592567,0.8787338461178363
8379,1.1947684371843934,3.697083430364728,-0.5115271396052133
8380,1.0735326437279582,9.70817142445594,-0.800860302427279
8381,2.5435698428191245,6.444207011256367,-0.43399354832313974
8384,0.03798237442970276,0.677662119269371,-0.8938512773742625
8394,1.0571396434679627,4.913713951595128,-0.6458999951556791
8396,1.170000247657299,8.11704239435494,-0.7480359910559929
8397,1.3285244461148977,12.079346678219736,-0.8018291742521165
8398,0.7964705005288124,2.377113278955221,-0.49806240775622257
8399,1.2914689085446298,2.2494316841475666,-0.2705421263674374
8400,2.7477432740852237,4.46823542797938,-0.23842810863641523
8403,2.2123753130435944,0.9282503323629498,0.4088755317140033
8404,0.829688732046634,5.233390247449279,-0.7263143908061123
8406,0.35000861436128616,2.3998916540294886,-0.745439048546672
8407,2.045013837516308,2.770420399494469,-0.1506419828979563
8410,0.22894555469974875,3.3278865665197372,-0.8712643459699252
8411,2.9743851078674197,8.678837310057133,-0.48951714792767087
8415,2.3150131152942777,19.992002290207893,-0.7924408018543206
8416,1.9859762527048588,2.0818670401349664,-0.02357288138382075
8418,0.3194754705764353,9.598129503428936,-0.9355740682525131
8419,1.0204934617504478,5.7506862580776215,-0.698577351665181
8420,6.155347258783877,6.336974477861077,-0.014539108334393935
8423,0.7993597481399775,3.838227093219757,-0.6552690977077493
8428,1.896724320948124,3.64344939077273,-0.31528344790505386
8429,0.6929741175845265,0.6649789898656309,0.020615680736900996
8430,0.45540504856035113,4.582644188776612,-0.8192137364653939
8432,0.9633256774395704,2.2196444501169026,-0.39470014556542443
8434,0.8570155613124371,4.366957355290651,-0.6718912693482909
8436,2.757219946011901,8.788339972030371,-0.5223757070969857
8437,4.657262627966702,13.10568561591208,-0.47562053730896164
8439,0.7512474143877625,4.12914009578526,-0.6921361622116458
8442,2.687803626526147,2.4380562398582697,0.048723022707991205
8447,0.611391612328589,5.431085085496306,-0.7976354257024872
8449,0.631426396779716,12.36754896864295,-0.9028498202312523
8451,1.435149624478072,7.165371380746365,-0.6662644917426246
8453,1.2792585222050548,9.227341502904892,-0.7564847773498361
8457,1.979129538871348,0.9495792733505368,0.35153725806540126
8458,1.0971851921640337,2.620685645379126,-0.4097776710880685
8459,0.12154706567525864,3.01433561835438,-0.9224798387422256
8460,0.3853035462088883,7.922140063717961,-0.9072389619957385
8465,1.0105781448073685,4.591475595720112,-0.6392115493299307
8467,4.204625827260315,5.120730997528881,-0.09823808219683605
8469,1.8191997385583818,16.284084590151906,-0.7990199230673649
8470,1.7940182578749955,17.0042637437582,-0.8091295515494943
8471,0.8285000626929104,6.578686745837331,-0.7762983210470178
8475,0.09018205711618066,1.3429542519152164,-0.8741472718982768
8478,0.1629570829682052,3.0872337594628334,-0.8997246064192536
8479,0.17288815276697278,4.336365044116974,-0.9233184985545251
8481,0.8346438687294722,5.593242741189897,-0.7403053540360096
8482,2.4798992220312357,7.118116681464016,-0.4832475280378756
8486,1.9881302611902356,3.491349696647376,-0.27433614996743
8495,1.5617667119950056,12.613276228308678,-0.7796455758797248
8498,0.36321924440562725,1.0697126034647226,-0.4930404471842858
8500,0.7953312071040273,1.701725047081709,-0.3629849501619995
8501,0.21358736790716648,1.4252517223358154,-0.7393430884347911
8505,0.9195093517191708,5.89047158556059,-0.7299524447459518
8511,0.224922944791615,1.8652184903621674,-0.7847772968766024
8513,0.3046035021543503,1.4540969845838845,-0.653603891678442
8519,1.5166821107268333,2.620415319688618,-0.26678927134928027
8520,0.14614553656429052,2.7421711813658476,-0.8988022777020986
8521,0.4851922830566764,5.469936402980238,-0.8370506134671001
8523,8.056488913483918,26.14264043653384,-0.5288483030647679
8524,1.6436655782163143,7.302117193117738,-0.6325272767669683
8525,2.8525355053134263,8.278731246013194,-0.4874733363166046
8543,4.449850928969681,12.720795158529654,-0.48169091526386704
8558,1.8035795409232378,0.9651166396215558,0.30283673130809013
8564,2.065498448908329,0.39158661663532257,0.6812592106582022
8565,0.37511759251356125,1.1288132853806019,-0.50115048766196
8569,1.2922068294137716,0.4587722294963896,0.4759820488290989
8574,10.758927189745009,13.582684925757349,-0.11600537066375596
8575,10.407221374567598,16.51703731319867,-0.2269260598586879
8578,9.577499688602984,11.266038882080466,-0.08101019832843259
8580,0.4220949858427048,5.230789247900248,-0.8506620803151853
8586,0.7865831078961492,0.5401193592697382,0.18577168183965395
8587,0.5398293687030673,14.962828926742077,-0.9303565416439398
8588,0.6590533866547048,2.042287750169635,-0.5120546770855197
8590,4.434537560213357,4.054324522381648,0.044789635422541184
8592,0.8904568590223789,1.4327915562316775,-0.23343810056995506
8597,0.3099494790658355,1.0576970148831606,-0.5467403595337731
8598,0.6597277829423547,5.53794477507472,-0.7871046665447502
8603,1.5015645576640964,3.9832041333429515,-0.4524602067079612
8606,0.3631846448406577,5.644885743036866,-0.8791010685980329
8610,0.09504379006102681,5.374262183904648,-0.9652446615662297
8624,1.2487037982791662,6.370640805922449,-0.6722280292740883
8632,4.1844659904018044,22.067522903205827,-0.6812076976444963
8634,0.34368103090673685,1.1830328730866313,-0.5497767721797014
8635,1.0046093622222543,2.2190815308131278,-0.3767334427796105
8636,2.0432546325027943,3.6499549113214016,-0.28221344506126955
8637,0.551218172069639,3.244978676084429,-0.7095945262490652
8638,0.28296127915382385,2.444380865432322,-0.7925003434454261
8644,0.7435426143929362,4.028419585898519,-0.6883702832566999
8648,2.3748281598091125,6.110990086570382,-0.44028304852686145
8653,0.23804082721471786,3.8236797861754894,-0.8827881827073906
8656,3.4251662911847234,1.3300113523146138,0.4406049775519729
8658,1.0952672623097897,4.572078385390341,-0.6134813966201029
8668,1.184458026662469,2.3852059026248753,-0.3363756083900565
8670,1.8575823926366866,1.8028037599287927,0.014965260610410138
8673,4.103388580493629,7.5458648428320885,-0.2955104621078266
8676,0.8701237794011831,3.5401255264878273,-0.6054083481223573
8677,6.312902510166168,16.795323095750064,-0.4536229117868619
8679,0.7745245657861233,0.19357242342084646,0.6000970448638332
8680,1.2335433587431908,2.601112237200141,-0.3566340820550716
8681,0.7941221296787262,2.3814878780394793,-0.49986167838689827
8683,0.27228012681007385,2.9492215272039175,-0.8309607406401742
8684,3.3066351586021483,8.556599571369588,-0.44254071779455595
8686,1.2371285166591406,9.227425705641508,-0.7635582958664172
8695,0.17592358216643333,0.10834882408380508,0.23771128184318407
8697,0.6703309160657227,5.77827169187367,-0.792100410950794
8699,0.17134506814181805,8.362523794174194,-0.9598435197665326
8700,1.2858102833852172,5.444190820679069,-0.6178870512787827
8702,0.45146964862942696,1.8126200754195452,-0.6011910271627007
8703,0.792047112248838,3.3640578724443913,-0.6188512488658368
8704,4.367900852113962,3.0080747231841087,0.18435881668096726
8705,1.2643514527007937,3.1555533250793815,-0.4278829448737547
8708,0.1209498755633831,2.0129226744174957,-0.88663814475245
8715,1.3248785538598895,4.232446826528758,-0.523195615453599
8725,0.39198966696858406,3.1327019883319736,-0.7775750588682078
8727,2.8916572276502848,4.244266772642732,-0.1895493204435356
8730,1.646356066223234,5.143985966220498,-0.5150889135312098
8731,1.658554069697857,4.940814785193652,-0.4973597911658564
8734,0.2933269552886486,0.087328284047544,0.5411686217685987
8735,2.379314051941037,5.265621953178197,-0.3775450702666498
8737,2.6654786448925734,7.74315217230469,-0.4878329932715296
8740,0.6757645616307855,1.8458033530041575,-0.4640124045765783
8741,0.1752000479027629,1.663120249286294,-0.8093911619525032
8751,16.49292286625132,10.06341296597384,0.24210832175405989
8752,1.6929644038900733,3.3292346340604126,-0.32580752331906
8758,0.1672351756133139,2.572496859356761,-0.8779185894976919
8760,4.232552021741867,6.226167708169669,-0.19061756485604514
8763,1.8973791599273682,19.796061420813203,-0.8250734683725298
8768,1.3393636969849467,2.2632857898715883,-0.25645628203829135
8769,0.17471549846231937,1.4316659793257713,-0.7824732158848278
8772,0.9793262565508485,7.883280002512038,-0.7789981348771349
8774,1.7011983320116997,0.4184331838041544,0.6051830889640264
8775,0.2784613035619259,2.524515150114894,-0.8013102798654955
8780,0.09292034059762955,3.3821850400418043,-0.9465222890127118
8790,0.3359958413057029,4.315177099779248,-0.8555221035372832
8792,2.0747977951541543,8.259913134854287,-0.5984797621905504
8796,0.7293660044670105,2.348437390755862,-0.5260476964842271
8798,0.35831131087616086,6.975350605323911,-0.9022831117739143
8799,0.3346757758408785,4.020523960003629,-0.84630979236758
8804,1.9324213108047843,3.761771854944527,-0.32126597937404067
8806,0.444264305755496,1.8919009007513523,-0.6196636226595531
8826,2.4764270670711994,2.235865755006671,0.05104973760064483
8832,0.7763724373653531,3.6871444024145603,-0.6521252343235427
8838,2.444016761146486,4.367549257352948,-0.28239210938895487
8842,0.2685899417847395,0.6156292948871851,-0.392481116344245
8844,4.1764416308142245,16.365174256265163,-0.5933677609616399
8845,4.806205730885267,16.634834500495344,-0.5516816647868333
8847,4.861636940389872,20.432628707727417,-0.6155937469762407
8850,2.8226697016507387,11.062965322751552,-0.5934403148735305
8852,2.6803963310085237,6.6387695372104645,-0.4247561704745161
8861,0.49765659868717194,0.04466604674234986,0.8352786957388003
8870,2.837846741080284,13.735726613085717,-0.6575455780793006
8875,1.2180899633094668,3.0834231367334723,-0.4336458195152193
8876,4.273153575602919,8.78622306860052,-0.345580774332015
8877,0.8345134761184454,3.841169487684965,-0.6430410348267341
8881,1.7800018601119518,9.146651912946254,-0.6741908553007819
8882,7.548276342451572,11.40249586571008,-0.2033806053348255
8883,1.5493323504924774,0.7432416356168687,0.35160946593625436
8886,0.035762667655944824,0.7578091621398926,-0.9098691099818893
8887,0.2775336364284158,3.4012132361531258,-0.8491151220556349
8889,0.42181573901325464,2.6911000832915306,-0.7289899482721578
8891,6.7958131125196815,14.285140472929925,-0.3552651131293765
8893,3.9854021994397044,6.071360141271725,-0.20741843857515777
8895,0.1654960885643959,2.831001676619053,-0.8895403223805115
8901,0.7919715158641338,1.3926758915185928,-0.274966282258722
8906,2.4822029806673527,1.1409445675089955,0.37019149657128575
8907,7.412072418257594,1.3421921920962632,0.6933626633791329
8911,0.4059049664065242,0.8011580603197217,-0.3274502533516097
8916,2.7910663010552526,6.7768552913330495,-0.4165783500408541
8918,1.3515236359089613,3.587364476174116,-0.452701253708234
8920,0.35524234268814325,2.616577831096947,-0.7609260844097
8928,0.23576877173036337,4.008871607482433,-0.8889098954599621
8932,0.18702033162117004,0.056242436170578,0.5375993072725809
8934,0.4098631888628006,0.013289381749927998,0.9371886989548311
8936,0.5180532727390528,4.862538473680615,-0.8074363203325443
8941,7.919407142326236,6.849821754265577,0.07241985316561836
8953,2.7608644561842084,4.862866532057524,-0.2757182905738685
8958,1.0622661225497723,2.8989342525601387,-0.46366453501078975
8960,0.44563829340040684,7.605674736201763,-0.8893004676970382
8961,5.11497146403417,13.132686217781156,-0.4393832289903481
8963,1.730553570203483,10.067064641974866,-0.7066266191903998
8964,2.114827760029584,16.08332436531782,-0.7675777468543834
8969,1.3703701347112656,3.0855448609218,-0.3849208810964917
8973,6.3534752773121,13.402763777412474,-0.3568132821522134
8979,0.25581044517457485,1.9450358729809523,-0.767534477019416
8980,0.6416821321472526,2.3071033162996173,-0.5647820817309649
8981,0.3004755228757858,0.5728445928543806,-0.31187770105416646
8982,0.536401136778295,1.4636226273141801,-0.4636052366888524
8987,4.043928883969784,3.5877315413672477,0.059776944619798066
8991,0.02976339776068926,0.8108899891376495,-0.9291898463147377
8993,1.1904662270098925,11.450184528250247,-0.8116447879054153
8995,0.20079805329442024,1.8856183923780918,-0.8075187207124405
8996,0.6596671249717474,3.73002802580595,-0.6994474093012005
8997,0.8451043502427638,5.916800667066127,-0.7500395678200537
9005,1.0416726488620043,5.9956993870437145,-0.7039597612439452
9007,1.3886047471314669,4.958037740550935,-0.5624128033596474
9008,1.8991982340812683,2.5655785189010203,-0.1492527670895276
9011,0.5350946523249149,0.09642340242862701,0.6946297838892198
9014,5.1651999684982,7.069148336537182,-0.15562319467847782
9015,2.142134837806225,0.6683736378327012,0.5243752910718272
9018,1.2946831160224974,14.733404493890703,-0.8384482107245074
9019,0.5170221063308418,11.093585473485291,-0.9109396984133564
9026,1.103693863376975,4.927598666399717,-0.6340108333567577
9028,0.18711691908538342,0.2983026346191764,-0.22905075554750876
9035,0.4393904712051153,4.457468941807747,-0.8205419293688955
9036,0.2764113051816821,1.7850326970219612,-0.7318274909368677
9037,0.3270807503722608,7.841889478266239,-0.9199211794832959
9038,0.17144465493038297,1.9493111558258533,-0.8383174016911763
9042,0.25862349197268486,1.0042727878317237,-0.5904279771684267
9056,0.24678560299798846,5.8000161573290825,-0.9183748325875003
9057,1.968271316960454,5.730507758911699,-0.4886796211286986
9059,0.9092832719907165,5.551294185221195,-0.7185133130859542
9061,2.7571832379326224,7.251808267552406,-0.4490587315571438
9073,2.1665747240185738,9.356078869663179,-0.6239451778352706
9075,5.102505151182413,11.413988457992673,-0.38213215565946657
9076,9.383345908951014,8.240786920301616,0.06482923158369006
9080,0.2778318729251623,3.155675725080073,-0.8381644047696336
9082,1.6702776849269867,3.86086693033576,-0.3960462793476098
9084,0.8843525014817715,8.117848904803395,-0.8035252797466328
9086,3.9375811074860394,25.535436335019767,-0.7328009515708663
9087,2.120352078229189,8.569580737967044,-0.603299269567539
9092,5.62794223241508,11.254090348724276,-0.33326248419840204
9093,2.353954464197159,17.135380789637566,-0.7584366594818186
9095,2.905305976048112,3.083143685478717,-0.029696786227177464
9096,0.6874947482720017,6.061841922812164,-0.7962778323926859
9099,5.954520075581968,17.70632808143273,-0.4966773772379003
9100,0.19183855736628175,3.5089794620871544,-0.8963264033203869
9101,2.7130921315401793,2.133939141407609,0.11948612615000336
9106,1.5704041151329875,7.2309409361332655,-0.6431445180285542
9110,0.8098319242708385,7.909541865810752,-0.8142453933578485
9111,3.398562367539853,9.538895231671631,-0.4746166560967548
9113,0.6783797889947891,2.6638116212561727,-0.5940509050951409
9115,4.080961803905666,3.176354811526835,0.12464758536992616
9116,0.9077070448547602,2.1092370115220547,-0.39826060550485254
9118,3.3475548243150115,4.845054423902184,-0.1827866500422759
9119,2.9919781051576138,10.333864176645875,-0.5509509955339256
9120,2.0828991942107677,3.744543961249292,-0.28514130858253856
9123,1.561144697945565,10.060417123138905,-0.7313365067484102
9124,0.6076373346149921,4.4734673500061035,-0.7608247133917553
9126,0.8287139660678804,8.718022482469678,-0.8263880079783197
9129,0.6835904847830534,4.103827028069645,-0.7144220311062544
9130,1.6411267155781388,2.013038975186646,-0.10177761247891509
9131,0.6526928544044495,2.635768278967589,-0.603040554269547
9134,2.796187288593501,5.799763114191592,-0.3494175378937251
9141,1.960265631787479,6.79585558315739,-0.5522525137176056
9142,0.384080340154469,2.3665742445737123,-0.7207353171224994
9144,2.5952847888693213,3.182688363827765,-0.10166256564971217
9145,2.503777354490012,10.315637348685414,-0.6093772746317162
9146,4.566165237687528,18.466279331594706,-0.6035014673364195
9148,2.508688259869814,15.135341041022912,-0.7156331791238592
9154,0.0606081597507,0.039796833880245686,0.2072738129613586
9163,2.5199017887935042,1.868890670593828,0.1483349062922898
9167,1.707471203058958,9.251804600469768,-0.6883970741005493
9173,0.22963775135576725,1.156662367284298,-0.6687041308466856
9178,0.19610759802162647,0.4011155664920807,-0.3432686149021698
9189,13.938986723311245,21.509593889582902,-0.21356587585111075
9199,4.765107097104192,6.863122834824026,-0.18042434231189614
9203,0.49297902872785926,4.397197742015123,-0.7983798738411011
9208,1.5210919892415404,2.3983072163537145,-0.2238136972267728
9211,2.412284526973963,3.1018589376471937,-0.1250555802723356
9213,2.4610706716775894,3.189976883586496,-0.12898603396635447
9214,0.5178729295730591,12.745238304138184,-0.9219077755666819
9218,2.478737451136112,0.7586070038378239,0.5313399519951935
9222,0.5501307444646955,4.658827543258667,-0.7887751392589741
9225,0.17124443873763084,3.8006091006100178,-0.9137710204862118
9227,0.6207402357831597,4.486176151782274,-0.7569021348009745
9228,0.5468577556312084,0.38865458779037,0.16910858413909435
9229,1.46915811765939,0.8118502795696259,0.2881654617703196
9238,0.9078264506533742,1.6577163925394416,-0.2922928938315985
9241,0.4828656520694494,5.456100684590638,-0.8373906755156256
9242,0.9501155195757747,5.219315595924854,-0.691992502456518
9246,1.2711311737075448,9.3550421372056,-0.7607546693403795
9250,4.936170536093414,7.345837855245918,-0.19619489275479463
9254,2.7880929140374064,10.70420222915709,-0.5867133227597661
9262,0.1932151447981596,1.7199447266757488,-0.7980146377942742
9263,1.6671354109421372,3.72828715108335,-0.3820185938072396
9267,0.35155571065843105,2.7112701879814267,-0.7704370262671898
9268,0.45782177709043026,2.4361220356076956,-0.6836000926611435
9275,0.45977018401026726,6.320835489779711,-0.8643866916526607
9282,0.038055126555263996,1.0487287640571594,-0.929967444522417
9286,13.389541864860803,16.207579975947738,-0.09521324830988552
9291,0.2575989468023181,8.475148674100637,-0.9410039181285412
9293,7.720819192938507,24.476326304487884,-0.5204034970394557
9294,0.1906737880781293,1.2519391318783164,-0.7356549557531291
9302,2.8566822446882725,11.300266838632524,-0.5964268532894266
9303,1.698653671424836,8.905140114482492,-0.6796139748242326
9304,1.1011760360561311,11.853686186484993,-0.8299980320685266
9305,2.808085603173822,6.519516416825354,-0.3978976381811219
9308,3.5021664407104254,3.4383916445076466,0.009188712985285221
9310,0.10009215399622917,1.9405868500471115,-0.9019030883364209
9312,3.6284113475121558,6.381474226247519,-0.2750344005881626
9313,0.8870084942318499,4.135724017396569,-0.6468024159444651
9316,0.1217639921233058,1.3294197209179401,-0.8321866610967662
9317,4.436285607516766,6.382822599261999,-0.17991658411600334
9329,0.3095154967159033,2.373060617595911,-0.7692401009127073
9344,0.620514583773911,2.2450686465017498,-0.5669191686925786
9347,4.682977998629212,5.838080760091543,-0.10978959322936703
9349,1.6068110447376966,6.366875311359763,-0.5969715955759232
9365,1.1682422505691648,4.267444891855121,-0.5701583921371823
9368,0.8754311874508858,4.4240171909332275,-0.6696142221058284
9369,1.3444884195923805,4.510401748586446,-0.540729755478622
9370,1.1580314058810472,2.9708261005580425,-0.439054797083562
9372,0.5023400709033012,0.6349620153196156,-0.11661100953102727
9373,6.76686108391732,1.8546941096428782,0.5697541643000762
9379,5.170688166283071,22.00429685600102,-0.6194523631167927
9380,1.4761700732633471,4.536143966019154,-0.5089511081361394
9389,2.4800276532769203,11.814560280181468,-0.6530116622008513
9395,0.21376562118530273,1.1498334929347038,-0.6864685244041115
9401,4.464205926284194,30.623133591376245,-0.7455375079642269
9406,1.558169465046376,6.364174626767635,-0.6066392858000949
9407,0.5247975662350655,3.739999672397971,-0.7538933098710916
9412,4.77725344337523,4.166547537315637,0.06828259119115042
9413,2.5098602194339037,8.392854629084468,-0.5395898628358143
9417,2.341765741817653,7.200228568166494,-0.5091663931579523
9434,1.2219422925263643,5.357486956287175,-0.6285567497372117
9435,6.728091384284198,28.802048033569008,-0.6212741354511109
9437,0.19471582397818565,0.900217741727829,-0.6443330808788297
9439,2.342113160993904,8.576968018431216,-0.5710054495414055
9452,21.52968145860359,14.76917261746712,0.18624579241450526
9453,0.24190376326441765,2.4766062796115875,-0.8220320988706664
9456,0.3142449762672186,0.8243672288954258,-0.44802106486720034
9457,0.14366597961634398,1.5348459407687187,-0.8288174449380135
9458,0.9824179103597999,3.331953807733953,-0.5445835572118295
9462,0.982902548275888,2.02739573828876,-0.3469733197783867
9463,0.8090858301147819,4.533992893062532,-0.6971462065099427
9465,3.579565125517547,6.335987617261708,-0.277989796761575
9467,2.2735669733956456,7.056168221868575,-0.5126191846152363
9468,0.5294591262936592,2.243432193994522,-0.6181176503960908
9470,1.4765281048603356,9.656020647846162,-0.7347367368138881
9474,0.34757879422977567,13.612235151231289,-0.9502029474621668
9480,2.5314389397390187,21.344770865049213,-0.7879530327102632
9481,1.2335859490558505,4.465221873251721,-0.5670722763356396
9484,1.143813755363226,4.6654738411307335,-0.6062120401634626
9488,6.927300942130387,38.76388710271567,-0.6967773770587201
9490,0.24836380407214165,0.36535332910716534,-0.19062450550920626
9493,0.39345696242526174,0.74430789379403,-0.3083685784902088
9494,0.08325535617768764,2.0896613989025354,-0.9233699533279399
9496,0.3216999415308237,0.2847327571362257,0.06095842865299253
9497,0.07759714964777231,1.801186054944992,-0.9173963771247885
9498,0.24575189594179392,0.6284424737095833,-0.43776371829066574
9504,0.06646166276186705,1.2731376104056835,-0.9007738148361853
9505,0.08706888556480408,1.7208403199911118,-0.9036800240878434
9507,0.10587410256266594,0.30604348704218864,-0.48594522188541595
9508,0.1354509312659502,0.23215294256806374,-0.2630603706464607
9510,0.1910517578944564,0.6688974909484386,-0.5556673649013498
9515,9.84507485292852,16.237056967336684,-0.24507130622817805
9528,1.0624561784788966,10.400520746596158,-0.8146282269564374
9529,7.310850081965327,33.69762140000239,-0.6434468382865534
9532,3.0092242090031505,5.084993839729577,-0.256450915731281
9536,1.9843331398442388,5.5315320789813995,-0.47196148891171075
9537,2.5329295052215457,6.838434242177755,-0.45943203710885666
9538,1.4998378306627274,0.9278504559770226,0.23560989186020137
9540,3.2280160672962666,3.2484848336316645,-0.0031604668398119273
9544,2.587688237428665,16.5121765085496,-0.7290359621029356
9549,2.643800776451826,11.025046285241842,-0.6131640416313874
9550,0.3365699537098408,2.686385015025735,-0.7773238720449693
9553,2.15864263381809,8.32469644676894,-0.5881765118490266
9557,2.2095609894022346,6.555481780786067,-0.49582425383760814
9558,0.6011606566607952,3.3810364697128534,-0.698075892486726
9571,0.5303330747410655,1.5312398513779044,-0.4855063645604903
9575,1.6820596074685454,13.543089448008686,-0.7790419520571044
9576,1.1661598607897758,13.135778930038214,-0.8369228287373084
9577,2.56832711212337,2.2787733785808086,0.059737514024685696
9578,1.1295371064916253,14.638293316587806,-0.8567289124521854
9579,1.9298404781147838,15.744496988132596,-0.7816223118065293
9582,2.8358269948512316,6.820774386636913,-0.412665619544416
9584,2.202645219862461,1.6800248231738806,0.13460335050251762
9588,1.4327904973179102,7.6302545834332705,-0.6838169766227188
9589,2.0888202395290136,4.026216784492135,-0.31682499015988036
9590,1.5906659252941608,4.873133584856987,-0.5078232476745804
9592,8.72162960562855,16.74456673138775,-0.3150426164781104
9593,1.4880206128582358,1.1742962813004851,0.11783883888727235
9596,0.7987636998295784,3.968189093284309,-0.664874508099276
9616,1.6830235617235303,7.295939696952701,-0.6251185101804345
9617,3.1764336116611958,6.77418026747182,-0.3615602715079655
9621,0.5101875467225909,3.575051188468933,-0.7502287725179677
9623,0.4073796672746539,2.6397028621286154,-0.7326100206712811
9631,0.0967893460765481,2.579001985490322,-0.9276555350672021
9637,1.199233756866306,5.633525859564543,-0.6489752825541195
9650,0.48678451776504517,1.3320052698254585,-0.46471602041469573
9652,1.648782846517861,2.079224344342947,-0.11546155245628173
9653,6.074269143864512,22.424505547620356,-0.5737171713786189
9657,4.307766195386648,1.744508479256183,0.4235197267019792
9658,1.4020842965692282,9.702859380282462,-0.7474846631609211
9659,2.2281198618002236,5.180027709342539,-0.39846774368272514
9660,1.5284826471470296,9.142515843734145,-0.7135258432557102
9662,2.0260936906561255,6.555554830469191,-0.5278078132263784
9663,1.4444098407402635,12.53013840969652,-0.7932799236360983
9666,0.8791837226599455,1.49586321413517,-0.2596493913114455
9667,0.8656794428825378,5.913488980382681,-0.744606008043107
9669,0.8192363223060966,4.357147999107838,-0.6834716004693163
9678,1.2538383100181818,11.964895255863667,-0.8102937314275248
9687,0.9201172566972673,8.07152373995632,-0.7953394142314836
9698,1.4337988328188658,8.439735640306026,-0.7095672604938128
9709,2.3612869502976537,2.7861968700308353,-0.08254711128086328
9711,1.834759528748691,7.157502847258002,-0.591924823358241
9720,2.117325324565172,9.728135657962412,-0.6425085815252588
9721,0.4143699826672673,4.831089863087982,-0.8420081385226859
9722,3.2384501434862614,5.074325851164758,-0.22084989525275284
9723,0.6709862444549799,5.9582658829167485,-0.7975680418957298
9731,1.3001924753189087,6.858055088669062,-0.6812569206508168
9732,0.9153381511569023,7.993447868153453,-0.7945088928675026
9733,0.8542960369959474,5.827610902953893,-0.7442957393229627
9734,0.525463598780334,8.673285344149917,-0.8857532470902743
9738,0.7100916425697505,5.476847782731056,-0.770454632328775
9739,0.6728434567339718,9.451597396284342,-0.8670853103885108
9749,0.5297073386609554,5.017270369455218,-0.8090104678494352
9753,1.5334448851644993,1.408985908376053,0.04229801328263211
9756,0.9537270702421665,11.713302370160818,-0.849415827960332
9759,0.7278456008061767,3.691047975793481,-0.6705756370052298
9765,0.46615936467424035,3.9542333437129855,-0.7890868999986599
9771,4.475922719575465,24.686306515708566,-0.6930328828112844
9788,0.5971975866705179,7.525991911068559,-0.8529647531090683
9790,0.6823854628019035,5.214407904073596,-0.7685571054141043
9808,0.4751046122983098,4.353367857635021,-0.8032070741804306
9813,0.1771180545911193,4.904529966413975,-0.9302910969593079
9814,2.4088965891860425,23.259581174701452,-0.8123070163065548
9816,1.7720526419579983,5.557980690617114,-0.5164953386819819
9817,0.5738743720576167,3.640752861276269,-0.7276749091738629
9819,0.3577336627058685,3.986018082126975,-0.8352881639095364
9825,0.7075273431837559,2.176875527948141,-0.5094115664179999
9826,0.7320820093154907,0.6083743320778012,0.09228773322748687
9832,0.21048920508474112,2.6626618076115847,-0.853478495105182
9841,0.4425103389658034,8.459369813092053,-0.9005804770660818
9843,0.48481197003275156,6.462823729030788,-0.8604382869129051
9849,7.661691436544061,12.572261488065124,-0.2426896054279353
9859,2.3771621785126626,4.819227440049872,-0.3393458930069253
9861,0.9069889672100544,4.04992057569325,-0.6340506279728718
9863,4.362246100325137,25.57525907456875,-0.7085765113130571
9866,0.30532048363238573,3.2877762420102954,-0.8300516201226453
9871,13.303014044649899,52.99322955776006,-0.5986797042550202
9873,4.447523050010204,7.338196000084281,-0.24526912085611416
9874,0.6431117746978998,7.588723208755255,-0.8437500809986975
9880,3.3850915944203734,19.725892627146095,-0.7070577728782436
9881,0.3218063898384571,1.3489820882678032,-0.6147850023439078
9885,1.1302458858117461,4.0733113451860845,-0.5655872182671108
9891,2.59345814678818,11.617289934772998,-0.6350004754283727
9893,1.9008902511559427,5.462425973266363,-0.48368637357950217
9897,1.7359477179124951,9.356816419400275,-0.6870125973248408
9898,0.2679505906999111,0.6054665260016918,-0.38643155583668776
9899,0.420814823359251,5.901504639536142,-0.8668796077675687
9903,1.4023062228225172,16.13071498274803,-0.8400382676343996
9904,1.149750117212534,5.759178247302771,-0.6671697674220919
9905,0.1369304982945323,3.183055430650711,-0.9175113984061409
9908,2.33365049213171,7.183029443956912,-0.5095662546593742
9909,0.5989532014355063,9.3591263666749,-0.8797050782052346
9914,2.2467271834611893,6.422424588352442,-0.4816731226770521
9915,1.089546444825828,4.760049789678305,-0.6274797776983655
9918,0.5886152111925185,3.7319490597583354,-0.7275285475323611
9921,0.5315317111089826,2.430823772214353,-0.6411425204695547
9929,0.4812180669978261,4.34932766482234,-0.8007603721342259
9933,3.0780143165029585,9.6116096470505,-0.5148769852686346
9934,3.580150954425335,4.063626791816205,-0.06325090203316451
9937,1.9878216609358788,1.1094331918284297,0.2836022577616438
9940,0.10276222508400679,2.087416648864746,-0.9061608836549627
9941,1.1166654098778963,7.833229828625917,-0.7504629093144674
9947,0.15746362786740065,1.4759173709899187,-0.8071930211286128
9949,0.05746224243193865,1.491452842950821,-0.9258032374083285
9950,0.6115583516657352,5.249825604259968,-0.7913262955422459
9957,4.909497020766139,19.22400458739139,-0.5931384429429882
9959,0.2501965779811144,0.4567488804459572,-0.2921757258673422
9972,0.674589860253036,4.607757875695825,-0.7445871063495093
9974,0.4486677125096321,4.135968488175422,-0.8042733630890964
9976,0.47530208621174097,1.6033860445022583,-0.5426903351309819
9988,0.7414006958715618,7.603898987174034,-0.8223189761829138
9991,2.090855644084513,3.7884818064048886,-0.28874446765745254
9997,7.4782695272006094,10.808965947246179,-0.1821323088828518
9999,0.564664269797504,5.643249165266752,-0.8180824279512305
10001,0.21936473157256842,1.6199786653742194,-0.761474956838312
10013,1.2490760013461113,0.05401854030787945,0.9170919091721873
10019,2.5610988191328943,5.2534263827838,-0.3445286174251771
10028,2.2240927051752806,7.547358479350805,-0.5447774003727122
10032,5.769446294289082,5.420336117502302,0.031199013880633602
10042,5.440058950800449,10.57613268122077,-0.32068008727814135
10046,2.5013748072087765,3.1030457832384855,-0.10735649944887259
10058,2.507290668785572,22.63362796790898,-0.8005410458529194
10065,1.2856671120971441,6.409198546782136,-0.6658376717431275
10070,3.869445299729705,7.282732271589339,-0.30606461832508425
10073,1.31669663451612,3.318749531172216,-0.43190079769988465
10076,10.585198471322656,22.892288747709244,-0.36762288029161455
10079,2.1538463393226266,12.619418966583908,-0.7084129615594399
10081,4.7889598943293095,0.6797050919849426,0.7514182734958782
10084,4.018303674180061,43.98487189086154,-0.8325817562325266
10085,0.9343452556058764,3.818194438703358,-0.6068017036343833
10087,1.3638288108631968,1.2019609557464719,0.06308695171488954
10096,1.7142134639434516,6.952384678646922,-0.6044091497632565
10098,1.198472186923027,5.849042768590152,-0.6598880046403285
10100,0.2307254672050476,1.4799043713137507,-0.7302450103346806
10106,2.4923963476903737,9.292843869421631,-0.5770308790020695
10107,1.367960992269218,3.533596915192902,-0.44182604057911534
10110,2.1072466699406505,4.3129685409367085,-0.34355886812932707
10112,5.575121148023754,10.759840882383287,-0.3174001705487907
10132,2.2240858413279057,1.060208858922124,0.35437653701320493
10133,10.668093358166516,22.720741757191718,-0.36097840363052525
10138,0.360145497135818,3.3730788193643093,-0.8070592781985008
10149,4.317583692725748,10.210330623202026,-0.4056154794370807
10153,2.2041603652760386,15.64498407766223,-0.7530234155118336
10155,2.1148140616714954,1.9059006259776652,0.05195927886540146
10157,1.0696111507713795,1.6343245110474527,-0.20884866761067963
10160,2.8556979023851454,16.04247646499425,-0.6977805530977866
10161,2.5256778160110116,6.774596172152087,-0.4568594819408997
10167,5.702666651457548,10.464854849502444,-0.2945527672724501
10168,3.9024599669501185,21.80306457169354,-0.6963718860446659
10169,1.7581235971301794,9.397320383228362,-0.6847954056824522
10174,6.478047366254032,19.445986087433994,-0.5002284364563111
10176,0.759608312509954,5.99778900295496,-0.7751772532978313
10177,0.7057535452768207,6.842679239809513,-0.8130066027290842
10185,0.9421229823492467,6.946701034903526,-0.7611499558643431
10187,1.4482898376882076,0.2587552606128156,0.6968384011990119
10189,15.402102900668979,53.82565488945693,-0.5550310051247656
10202,0.7977005895227194,5.150671314448118,-0.7317919584044232
10208,0.07665163744240999,2.705162435770035,-0.9448908982228528
10209,9.352748694829643,20.42923373170197,-0.37191899713849624
10211,1.3177861608564854,0.9149541803635657,0.18042043360609372
10212,2.7404548306949437,8.270412948913872,-0.5022272748074802
10213,3.726294563151896,8.398477998096496,-0.38534194446474274
10214,3.9579668790102005,17.930916199460626,-0.6383582602345349
10215,0.21962490398436785,1.7481977883726358,-0.7767838486284598
10216,2.572263127192855,1.5173751497641206,0.25794163346236065
10218,1.6002477211877704,2.728309861384332,-0.2606092488495873
10223,0.500102243386209,4.679058078676462,-0.8068790258311834
10235,0.6548690032213926,5.938034364953637,-0.8013412402241635
10242,0.4899080074392259,4.266180499922484,-0.7939870098374666
10244,1.6379835242405534,10.491200582124293,-0.7299103534290688
10246,3.7305603539571166,8.403775465209037,-0.38512327175503114
10250,1.0876311915926635,16.670667548663914,-0.8775072761753318
10252,0.20003773644566536,0.14858233742415905,0.14759734988918707
10256,0.5489754369482398,7.580713205039501,-0.8649455197795999
10257,1.4766519330441952,1.8823176929727197,-0.12077089259346607
10263,3.1761712124571204,6.938526855781674,-0.3719691500370506
10264,3.0021257419139147,1.3960623783059418,0.3651647723352324
10269,21.27263753954321,62.93492246745154,-0.49475706129529384
10272,1.4087289576418698,13.847276657819748,-0.8153213897332914
10273,1.1085223015397787,1.8628623019903898,-0.253868179687732
10276,3.7362559596076608,24.968446417711675,-0.7396763839948268
10294,2.1795712267048657,9.704607813619077,-0.6331978474390654
10297,1.590101388283074,8.798325943760574,-0.693870624020506
10298,5.27469870634377,8.086019187234342,-0.2104168730515323
10299,4.862556636799127,9.61029656091705,-0.3280445023008173
10300,1.7740124640986323,6.790644556283951,-0.5857364842802123
10301,19.868708015419543,111.83436408359557,-0.6982802648599953
10305,4.370718645863235,21.048680988140404,-0.6561115755057539
10308,1.2855897173285484,4.116023356094956,-0.5239978503258426
10311,5.044461590703577,9.490650671068579,-0.3058929989868964
10314,1.1433779457584023,4.951612386852503,-0.6248138607731222
10317,0.5474690655246377,4.4519770364277065,-0.7809881117385244
10318,1.530498334672302,8.083704497665167,-0.6816172154128481
10319,7.966845532413572,15.529185812920332,-0.32185606877002443
10326,0.1656537833623588,3.0317321568727493,-0.8963817402971214
10329,5.8316360944882035,11.676381502766162,-0.3338325070677452
10344,0.607615714892745,1.8526083556935191,-0.5060484756998536
10349,0.5632230592891574,7.149125169962645,-0.8539425237171314
10353,1.165849101729691,10.653735047206283,-0.8027258680103319
10354,0.19646577537059784,1.9768656771630049,-0.8192031177370818
10355,0.5908336061984301,7.680687680840492,-0.8571402803194942
10356,4.099291825201362,5.873557595536113,-0.17790961193549923
10357,0.4927106173709035,2.556566506624222,-0.676834477592054
10359,1.2096238634549081,10.46716159209609,-0.7928156052776898
10364,0.7034990014508367,2.1848298823460937,-0.5128678002026628
10369,0.3580239303410053,4.177579130977392,-0.84212730898133
10370,0.1321197682991624,4.037007592618465,-0.9366199413631964
10372,2.8876552106812596,16.781660409644246,-0.7063796965363023
10379,1.5099547440186143,5.948755769059062,-0.5951164101699769
10383,2.539937731809914,9.935826084576547,-0.5928204847106684
10386,1.6540111722424626,15.781974278390408,-0.8102761467740464
10387,1.2790450435131788,5.063927651382983,-0.5967048558974078
10392,2.3840247513726354,27.833500443957746,-0.8422091328815063
10398,0.42665901221334934,0.6283706426620483,-0.1911904840933884
10400,0.3922176123596728,6.839718148112297,-0.8915317764563435
10402,2.252815706189722,9.907420749776065,-0.6294783058951441
10407,2.816734961234033,5.514243412064388,-0.32379251631186595
10413,2.12930678576231,1.251046516932547,0.25981315862142096
10416,6.019344862550497,3.7540565403178334,0.23178095617433736
10430,1.4905517864972353,3.2919906862080097,-0.3766697128131125
10431,1.869588608853519,15.094263242557645,-0.7795797056906763
10439,8.470678556710482,5.225229270756245,0.2369648895741946
10440,9.032836907543242,4.644332813564688,0.32086346689150674
10443,0.11740030907094479,3.9179873019456863,-0.941814605986839
10446,1.668392727151513,0.591233616694808,0.4766978900691586
10456,5.2340675559826195,10.395441767759621,-0.33023264549554404
10458,8.100211043842137,9.88520086207427,-0.09924653533483167
10459,2.1667643832042813,2.4708047630265355,-0.06556029036662393
10460,1.0808318359777331,2.148471772670746,-0.3306099599410253
10466,0.08727484382688999,0.7007981091737747,-0.7785107495569497
10468,0.1658726017922163,0.245174091309309,-0.1929257450498767
10470,0.5612673880532384,7.925349600613117,-0.8677288279173598
10471,1.6581812780350447,9.310304536484182,-0.6976462738657286
10472,1.0314702154137194,7.6825687950477,-0.7632624287828421
10482,0.9448209796100855,8.267142618075013,-0.7948708829357707
10483,1.5218099961057305,15.241842512972653,-0.8184393293428147
10489,0.5404751864261925,8.281050575897098,-0.8774644656744076
10493,0.9443626739084721,10.421218213625252,-0.8338206056947414
10494,4.846527193672955,11.943645798135549,-0.4226947874762621
10498,1.5400984701700509,9.884398771449924,-0.7303866528918637
10499,0.8736174050718546,9.674089492298663,-0.8343493209334325
10508,2.3896355079486966,4.99011147627607,-0.3523800983808658
10514,0.6929824817925692,0.9161276146769524,-0.13867611257541515
10516,0.05461681913584471,3.3231285959482193,-0.9676607840884484
10517,1.6733241556212306,1.2474669786170125,0.14580199590859755
10520,3.6955566108226776,1.235883672721684,0.4987737449256225
10521,8.852701968047768,5.555218040943146,0.22886606290475503
10524,4.869847302790731,6.938246718607843,-0.17516793244266116
10526,1.3698581820353866,2.5480335033498704,-0.3007166649627094
10530,2.902703986968845,10.269950420130044,-0.5592833612328241
10532,0.28082918748259544,3.2508226465433836,-0.8409643981451711
10551,4.0729874931275845,9.866155998315662,-0.41560433815348025
10553,3.273364111315459,5.201260136673227,-0.22749044310903757
10554,0.09999460959807038,1.9208912551403046,-0.9010388351531508
10556,2.3684792518615723,14.332054471597075,-0.7163588552220925
10558,2.140187123324722,5.184732891153544,-0.41564218610041176
10560,0.10382806044071913,3.249611258506775,-0.9380766725942872
10562,1.9419455146417022,1.6439476811792701,0.08310281907158805
10576,2.892254470847547,17.143043698277324,-0.7112841100308682
10577,2.9720949507318437,18.182124925311655,-0.7190068961987099
10579,0.7547920164652169,4.884227819275111,-0.7322967329599794
10580,1.6917607756331563,16.09191935416311,-0.8097400804236191
10585,1.6693515162914991,14.711060625500977,-0.7961771044780046
10598,2.4790537669323385,9.970025700051337,-0.6017289834951473
10600,3.1761669353581965,6.807044948451221,-0.36369838237943736
10601,1.3226295337080956,5.424727234989405,-0.6079562474465929
10609,1.1831592489033937,7.993511509615928,-0.742137583435614
10610,0.38550063688308,2.507481751963496,-0.7334925795817618
10613,2.097635162062943,5.08307724352926,-0.41575848089124073
10614,0.7280075699090958,2.612882563844323,-0.5641834716118145
10615,0.1300267418846488,0.47748222947120667,-0.5719347433018562
10617,1.5237078205682337,14.181740551255643,-0.805964429095546
10619,2.783752670045942,11.999804493971169,-0.6233988019037998
10623,1.9494725158438087,4.002008360810578,-0.34487817192151565
10624,0.8020487418398261,7.2558507630601525,-0.8009285816105044
10630,1.4608086105436087,5.74373200442642,-0.5944755707231215
10631,2.5624935259111226,3.7248255270533264,-0.1848692568884322
10634,0.1703341268002987,0.2781395469792187,-0.24038293991740506
10637,0.889619012363255,5.030801443848759,-0.6994743805973543
10640,0.1724970368668437,3.522496234625578,-0.9066320157072303
10653,0.9515548702329397,4.109920007176697,-0.6240009509954384
10661,1.109424127265811,5.439668073318899,-0.661197584860054
10667,1.6216856511309743,4.254590410273522,-0.44805668277483984
10670,1.398313364945352,6.349585399031639,-0.6390470739119678
10682,0.644932166673243,3.9578167414292693,-0.7197621771032142
10683,0.9813751028850675,4.841869130730629,-0.6629455803278044
10685,0.37003517942503095,0.9786500046029687,-0.45126530074260174
10691,0.5966566316783428,7.4817287074401975,-0.8522831960516822
10692,1.8032417315989733,2.0235446197912097,-0.057568640619863165
10693,1.220426356419921,3.7179266484454274,-0.505735472851864
10694,0.57134162588045,4.241406738758087,-0.7625715775714602
10696,2.08136953599751,0.8122931597754359,0.438570942658762
10698,0.16574217472225428,0.9355357391759753,-0.6990002748063461
10701,1.7082117372192442,9.283531250897795,-0.689182736702213
10702,2.8443542905151844,5.98999243369326,-0.35606912897790616
10704,1.4801279958337545,2.9105767849832773,-0.32579024565687514
10705,2.7974366978742182,3.495722198393196,-0.11095945804467648
10707,1.675767368171364,10.316730831749737,-0.7205307284210809
10710,0.14299265295267105,0.46028902381658554,-0.5259506182296138
10714,0.5066282846964896,3.704111887142062,-0.7593637868775654
10723,0.1631207810714841,2.5700819306075573,-0.8806376267849396
10730,0.3699990347959101,2.4126610197126865,-0.734068102068891
10731,0.9541281033307314,5.27331212721765,-0.6935729391184992
10733,4.8608863689005375,14.606281826272607,-0.5006067323026431
10736,0.4796783300116658,3.1306776171550155,-0.7342764331098861
10750,0.20395070128142834,0.17849583877250552,0.06655796259855438
10755,0.21857264591380954,2.6771901696920395,-0.8490396763600236
10765,1.119609197601676,7.1106192651204765,-0.7279275532451674
10767,0.7138334978371859,5.263136155903339,-0.7611386574831167
10769,2.045735740568489,8.15387564804405,-0.5988600618935794
10770,0.7016605418175459,6.456502930261195,-0.8039551500730998
10772,0.8349623749963939,9.950166403315961,-0.8451641344003552
10780,1.0191523642279208,7.869190088007599,-0.7706766205948832
10781,3.4298792518675327,10.878933428786695,-0.5205920535244617
10783,0.27819397300481796,1.363098194822669,-0.6610061530076236
10784,2.3608641671016812,11.524454624857754,-0.6599481506367552
10789,3.5642388379201293,12.426230312790722,-0.5542045947085975
10792,0.3659904832020402,5.039405370131135,-0.8645832819156848
10793,2.8881513625383377,0.9057509172707796,0.5225228008157279
10795,1.644233143888414,3.2775907018221915,-0.3318602227824397
10796,0.9812539536505938,1.5193393086083233,-0.21518307798343567
10798,2.044313951395452,12.008307484909892,-0.7090487407403911
10799,3.342264193110168,16.620640532579273,-0.6651525177285971
10800,1.080921626649797,7.27934927213937,-0.7414146886539957
10801,0.19040068425238132,0.6457190420478582,-0.5445611955714504
10803,1.277097249403596,4.576754312030971,-0.563672827709725
10806,1.0761933913454413,6.79949071072042,-0.7267047846514032
10807,1.439978614449501,2.30232404358685,-0.2304317710074272
10808,0.9267656267620623,2.7176161683164537,-0.49140036424622663
10809,3.206677661743015,10.84398377686739,-0.5435549172181287
10812,0.6084848516620696,8.025149579159915,-0.8590431743345041
10813,1.2765914732590318,5.216935521457344,-0.606811067606844
10814,2.413039674051106,12.638163052964956,-0.6793559002802911
10815,1.6088142031803727,3.32241735747084,-0.3475000379142251
10816,2.5061638858169317,0.9082954721525311,0.4679711328045109
10817,1.5648219669237733,4.34889411367476,-0.4707821797337178
10818,0.5753573123365641,2.500830111093819,-0.6259283111590955
10819,0.9755359664559364,5.205492349341512,-0.6843450906176866
10825,0.5164438164792955,4.3839110750705,-0.7892218715137349
10826,0.7006777585484087,7.803123457357287,-0.8352083401859716
10828,0.357871875166893,2.257874730974436,-0.726371144416639
10829,0.4027799880132079,0.9078418193385005,-0.3853604666821881
10830,1.4412612970918417,4.004150461405516,-0.47065112391435093
10832,2.0658453330397606,3.521995097864419,-0.260592581844499
10835,0.07253425847738981,0.838319219648838,-0.8407334215223621
10837,2.558279284276068,3.8567033275030553,-0.20240492013846337
10839,0.6597209298051894,4.743738365359604,-0.7558153420732127
10840,0.7701622629538178,7.491144408937544,-0.8135495282908068
10841,1.7512860242277384,2.826297794468701,-0.23484261846828602
10842,2.40160727314651,4.659263619687408,-0.3197419101419734
10844,0.3002690579742193,2.2848045295104384,-0.7676901273307484
10845,0.5023833983577788,5.0142270009964705,-0.8178651882260909
10847,1.267664136365056,8.218259923160076,-0.7327273276887519
10848,1.4675776464864612,6.250380889046937,-0.6196979707185367
10849,0.23748330306261778,3.1295072827488184,-0.8589343824934904
10850,2.8048827261663973,11.368816586211324,-0.6042130336831361
10852,1.099484988488257,4.829998527653515,-0.6291464558437663
10855,0.3917463142424822,0.7465130370110273,-0.3116747711121777
10857,0.6925260033458471,1.995142238214612,-0.4846640722710559
10858,4.9522657175548375,6.4388233323115855,-0.13050179910357645
10860,3.452109871432185,8.179738792125136,-0.4064383106620227
10863,1.8578199576586485,1.4890937265008688,0.11016902912758107
10865,0.9667166341096163,8.298998615704477,-0.7913346982836736
10867,0.4709382615983486,3.687946343794465,-0.7735266513583613
10868,2.612398243509233,4.412591094151139,-0.25625559899300754
10869,4.36062609963119,4.652134613366798,-0.032343975727123025
10872,1.262535554356873,4.573195607401431,-0.5673085276338345
10878,0.5931631792336702,1.246251112781465,-0.3550521143510099
10879,0.11080723255872726,1.1025830060243607,-0.8173592813989852
10880,0.6817599255591631,1.6060682917013764,-0.4040112623702938
10881,2.5001564137637615,5.636516323778778,-0.3854597586976176
10882,0.41217533964663744,3.4082842860370874,-0.7842273548051093
10883,1.125014997087419,5.676696196198463,-0.6691964815564999
10884,1.0003814678639174,4.943654590751976,-0.6633999329751057
10885,1.2250087284483016,7.984425125643611,-0.733966550418433
10887,1.9647858729586005,5.407352413516492,-0.466969881299317
10889,0.552234101574868,5.482342720031738,-0.8169766935112931
10891,0.48729366064071655,4.072082766331732,-0.7862454796413088
10892,2.072236765176058,4.881176121532917,-0.40396556369111514
10894,1.5395746338181198,11.363889712840319,-0.7613703432726269
10895,3.6693724412471056,8.520457615377381,-0.39796167391961185
10897,1.5075752078555524,9.499797753989697,-0.7260790175672962
10901,0.4086701860651374,2.6220735982060432,-0.7303169022822709
10902,1.6127303005196154,8.974846516735852,-0.6953542196942438
10903,2.8055464578792453,5.525221154093742,-0.3264614766477763
10904,0.23736283648759127,0.3257054388523102,-0.15689500942178491
10905,2.0482887234538794,7.669942981097847,-0.5784647277971748
10906,0.39958812296390533,4.92108091339469,-0.8497977903779544
10907,0.5214817961677909,4.87665826594457,-0.8067920468280211
10908,0.7426020484417677,10.947868413757533,-0.8729560027813457
10909,1.641507763415575,5.226014439947903,-0.5219505041827512
10910,1.8418836146593094,4.6571443118155,-0.43318181257343913
10911,0.5818225042894483,2.884505064226687,-0.6643003335435798
10912,0.4046288840472698,3.194653833284974,-0.7751613775160375
10913,0.82914815004915,4.803985889768228,-0.7056174611899051
10920,0.9364833729341626,4.6824448010884225,-0.6666683239468895
10922,1.9624221250414848,5.3895530118606985,-0.4661510441754293
10923,2.4737482480704784,2.0819462845101953,0.08600268537720687
10926,0.7051207371987402,1.6208796659484506,-0.39370540413933314
10931,2.677436275407672,4.818738255184144,-0.2856526313571747
10933,0.6919856569729745,4.868543297052383,-0.7511079745489283
10934,1.859245530795306,8.57257922552526,-0.6435435651525636
10938,2.6374185010790825,7.150336881633848,-0.46107796977895377
10941,1.3313834490254521,5.544740478973836,-0.6127517587039346
10943,1.5502091706730425,7.668263304978609,-0.6636733092672622
10946,2.843239809386432,4.029323413502425,-0.1725824216742897
10947,4.792253443971276,7.2827589040389284,-0.20625282925510605
10950,1.9524950999766588,7.026054782792926,-0.5650756245785513
10952,1.2876384323462844,2.524163293186575,-0.3243938037378138
10953,0.79370809905231,3.6661853259429336,-0.6440685803816137
10954,1.8382867649197578,5.512412327341735,-0.4998334874419553
10955,1.119083866942674,6.9760825536213815,-0.7235180084500202
10956,3.4112920677289367,5.529346831142902,-0.236901947094742
10957,1.0021140286698937,2.3263647705316544,-0.3978546422404825
10961,1.3428758629597723,7.991744505008683,-0.7122805620316006
10962,1.4342741542495787,11.646776567213237,-0.7807096410234577
10964,1.6523399725556374,6.139785600360483,-0.5758949321096337
10968,0.616249649785459,2.585864868015051,-0.6150983068469017
10969,0.6058795261196792,7.332316789776087,-0.847350833360756
10970,1.242790073622018,11.910360475070775,-0.8110277733047104
10971,2.4955686940811574,7.363367741461843,-0.4937448455221822
10974,1.353369696997106,4.228700675535947,-0.5151011697535349
10975,1.113718377891928,7.277948347385973,-0.7345656317504881
10976,0.7630199026316404,7.924002164974809,-0.8243310776250189
10977,4.0439135557971895,5.25253471173346,-0.13000891535721723
10978,3.467837443575263,6.254844977520406,-0.2866500635563064
10980,1.8903767787851393,15.978448023088276,-0.7884162165396192
10981,0.9624151783064008,8.304044242948294,-0.7922798483098554
10984,0.5156779168173671,1.583558561746031,-0.5086995466365724
10985,0.6753000263124704,1.0457957983016968,-0.2152673701779901
10987,0.6461777118965983,0.3172871470451355,0.34136228405089275
10988,0.5080881360918283,5.420501787215471,-0.828597308073282
10991,1.5411223787814379,1.0296763400547206,0.19894441170332386
10993,0.5127925174310803,4.095337826758623,-0.777440098638686
10994,0.6613125796429813,5.305495156906545,-0.7783362196866115
10995,0.6384853525087237,2.775626767426729,-0.6259728268554298
11000,1.990547941531986,4.39373183157295,-0.3764220829050261
11002,0.8935685884207487,0.30917331064119935,0.4858858565040842
11003,0.6716528870165348,3.045293679460883,-0.6385996543106697
11004,0.2997353384271264,3.1658827252686024,-0.8270234440618637
11005,7.4241976253688335,9.35644516395405,-0.11514740900238596
11006,2.211065565701574,5.794663930311799,-0.4476292093549136
11009,1.9394662259146571,6.133237378671765,-0.5195002019365533
11010,0.4229620797559619,0.9431749442592263,-0.3807911324838672
11011,0.9269001418724656,7.362099846825004,-0.7763541698306826
11012,0.29631246998906136,0.08832906931638718,0.5407200715962488
11013,0.9246143847703934,7.868755764327943,-0.789701930183026
11014,0.9926249543204904,2.0036312113516033,-0.33742317116066595
11016,1.0338302408345044,3.407769861165434,-0.5344784685279234
11019,2.5839826380833983,2.366543611045927,0.04392240664831739
11020,1.3806835627183318,5.106892664916813,-0.5743607429729095
11022,1.7209107698872685,10.879876107908785,-0.7268566183084864
11024,1.3306625913828611,8.51851407578215,-0.7297921163665665
11029,4.133648002520204,13.452792659401894,-0.5299051033708507
11030,5.015312977135181,10.074708906933665,-0.33528088750749657
11032,3.810278320685029,4.485842487541959,-0.08143133188066809
11034,5.262362811714411,1.8175727610941976,0.4865566946470361
11035,0.4846705496311188,1.7307477872818708,-0.5624568583225232
11036,1.8190432148985565,13.252959452103823,-0.7586195736441281
11038,0.21235662885010242,0.8987991735339165,-0.6177734420415325
11039,1.3678707666695118,3.3896854305639863,-0.4249691606522121
11043,0.6178570725023746,8.356334656476974,-0.8623035720291936
11048,0.47993807028979063,2.058023296762258,-0.621792453958769
11051,1.1490275785326958,0.8612843588925898,0.1431336173671092
11052,2.077460065484047,1.7195889530703425,0.09424980048054755
11055,1.7639374937862158,3.3250706889666617,-0.3067657074065954
11058,2.1009868644177914,4.112079226411879,-0.3236875855806662
11059,0.5778194139711559,7.193373434245586,-0.8512919637287926
11061,1.0736000961624086,3.617567171808332,-0.5422887162891179
11062,2.2199180545285344,1.3234365209937096,0.2530036197132324
11065,7.395210437476635,8.281384180299938,-0.0565284594281952
11067,2.1006364338099957,4.528182958718389,-0.3662109919066757
11069,3.36653564684093,11.292578777763993,-0.5406904470040069
11070,0.6284209573641419,4.718259884044528,-0.7649304396486263
11076,0.36498320009559393,4.031067056581378,-0.8339494870234235
11077,0.8295263135805726,5.237961991224438,-0.7265668191155766
11081,1.18595114024356,2.581907758489251,-0.3704906833732023
11086,1.0855157813057303,22.316358670592308,-0.9072283048490467
11088,1.1372050419449806,0.9203148949891329,0.10541338776961151
11089,3.5471786074340343,4.3713262267410755,-0.10407869118801777
11091,0.7425567544996738,1.8761970652267337,-0.4328930433197662
11092,1.771993895061314,7.005148711614311,-0.5962253379103382
11093,0.5863616904243827,3.3979295240715146,-0.7056632365167497
11094,1.1268855622038245,9.809176434762776,-0.7939138306793081
11097,0.5024572690017521,5.187096908688545,-0.8233755217685127
11099,0.16447540884837508,6.5933478763327,-0.9513229624664731
11107,0.612120040692389,1.6152753317728639,-0.4503714533490051
11108,1.171700653154403,6.4648217195644975,-0.6931323982391272
11113,1.1332597914151847,19.493591121397913,-0.8901180023838089
11114,1.179096233099699,3.4999378779903054,-0.4960087038881319
11116,3.3640078380703926,8.553696862887591,-0.43546044771520465
11117,0.6618077890016139,9.844075549393892,-0.874011966878908
11118,2.232392339967191,15.542849376797676,-0.7488200300688946
11120,3.621720103546977,7.3754647662863135,-0.34133687004171454
11123,0.5968680894002318,1.890377706848085,-0.5200570122174585
11124,0.18231374770402908,2.298607937991619,-0.8530274061002171
11126,0.3200689600780606,2.7262530494481325,-0.7898653135961571
11129,1.005362547468394,2.9642211087048054,-0.4934670058381683
11131,2.170555175282061,1.2829355876892805,0.25702098210589286
11134,0.9676632871851325,8.227186306379735,-0.7895205838140608
11135,0.9197546290233731,7.9123067408800125,-0.7917236779721719
11136,0.7725802194327116,1.0129829226061702,-0.1346369095067762
11139,3.271244950592518,23.139940361492336,-0.7522833669190846
11142,2.7557363715022802,4.065851864172146,-0.19205432040272466
11143,0.3538464065641165,2.351092092692852,-0.7383700911043373
11144,1.0026002335362136,8.881787584163249,-0.7971345819229577
11149,0.46656830608844757,0.9338839547708631,-0.33368909583204154
11152,0.8255958268418908,2.986418701708317,-0.5668453933431538
11155,3.4198663998395205,1.1689361047465354,0.49052673172203676
11156,1.0795110235922039,9.065974105149508,-0.7871938088925111
11158,1.8524620532989502,3.335154666332528,-0.2858138318936216
11159,0.6141263283789158,3.7255139658227563,-0.7169690173631084
11164,1.6825137035921216,3.4361484199762344,-0.3425963023246521
11166,1.3616578206419945,3.0019477591849864,-0.37590242943260105
11167,0.3557496666908264,1.1948937699198723,-0.541158646414971
11168,0.30548129230737686,1.0748163033276796,-0.5573689423589734
11171,2.6007565641775727,6.59764360729605,-0.43451980438003973
11172,0.9686490264721215,3.98907127417624,-0.6092361134831474
11173,0.7272681696340442,4.67521582916379,-0.7307652665713616
11175,1.282665804028511,11.747939946129918,-0.8031302874751901
11179,1.1683584740385413,4.086440951563418,-0.555317575644677
11180,0.6343296496197581,1.6525743771344423,-0.44525031028933565
11185,0.4138251729309559,1.1403945125639439,-0.4674817507546649
11188,0.8603785377927125,3.342026326805353,-0.5905303912809469
11189,0.34601498395204544,7.636706039309502,-0.9133090125674644
11192,0.5434858952648938,5.551033455878496,-0.8216476594948078
11196,2.5672779474407434,1.6460122046992183,0.2186570849561331
11199,1.6637928439304233,4.216465971432626,-0.4341089750730922
11200,1.0324175786226988,11.888811791315675,-0.8401982428970622
11205,0.3420648071914911,2.152051817625761,-0.7257026365261346
11206,3.6841478552669287,23.602451647631824,-0.7299665093940406
11208,0.3076813733205199,3.4461386865004897,-0.8360702599390931
11209,2.9947199895977974,0.1010358277708292,0.9347262292429921
11214,2.273360432125628,11.990875859744847,-0.6812503122341558
11217,0.4394701672717929,6.552779617719352,-0.8742979210452257
11219,2.7698581074364483,11.39218816999346,-0.6088336313586147
11222,8.593306829221547,3.910631072241813,0.3744960822647189
11223,1.3486873991787434,3.2653959887102246,-0.4154039769983431
11224,0.16511953761801124,3.1354176066815853,-0.8999438391998457
11226,1.8344015129841864,14.804897070862353,-0.7795097547242267
11230,0.8334439573809505,4.2973448052071035,-0.6751205337243761
11234,0.43632022803649306,4.967335229739547,-0.838509234555644
11236,1.1213244372047484,9.094353049993515,-0.7804698829597309
11241,0.9063247716985643,6.852612724527717,-0.7663791538107486
11242,2.473253548145294,2.250398210249841,0.04717861292364217
11246,0.9216432524845004,4.745359129272401,-0.6747334162230907
11247,0.7153382734395564,6.588913783431053,-0.8041309998969467
11250,1.505376672372222,6.836620141752064,-0.6390848124459346
11251,2.207163483835757,11.924719284754246,-0.6876334852222499
11254,0.4331283220089972,7.957896754145622,-0.8967639071320863
11258,3.270153951831162,14.52861674875021,-0.6325415943782384
11265,1.6408588457852602,3.4976752689108253,-0.36135138576092213
11268,2.5005020005628467,2.440514784771949,0.012140662215301667
11269,0.47415557596832514,0.9117992734536529,-0.31577053009160744
11270,2.200123277492821,2.3018929082900286,-0.0226053453824907
11272,0.21787043241783977,3.902864445000887,-0.8942565154520383
11273,2.534222121350467,10.439210283569992,-0.60932125866866
11277,2.6130897267721593,2.682087007910013,-0.013030213077860977
11281,1.9918247172608972,1.8568157465197146,0.03507965267520077
11282,0.33287965413182974,1.5446342290379107,-0.6454037894301335
11284,1.1251258295960724,6.637948184274137,-0.7101339424083356
11285,0.5610096622258425,6.845791580621153,-0.8485149948452976
11289,0.9308101143687963,0.1632293276488781,0.7016024808974082
11290,3.7054656371474266,2.2067019809037447,0.253504933058286
11292,0.49080284778028727,0.9458986883983016,-0.3167643586072751
11296,0.4760799128562212,5.186506128869951,-0.8318507094290404
11298,0.8005926255136728,5.731465898454189,-0.7548727946706347
11299,1.1594112045131624,2.314057809766382,-0.33241885864134596
11304,1.5000348375178874,10.146959627978504,-0.7424168368995052
11313,0.6238364791497588,7.81340104341507,-0.8521230491658494
11318,0.36313793901354074,1.7773103127256036,-0.6606898216587891
11319,0.1828239392489195,1.8913700580596924,-0.8237156799348989
11323,0.481447943020612,2.10736191412434,-0.628054612282814
11324,0.9752347627654672,3.413785482291132,-0.5556025225155148
11326,0.3378116055391729,3.7380949007347226,-0.8342397672666884
11328,0.4132738271728158,8.989716850221157,-0.9120973653272173
11330,0.8285109214484692,3.262506112921983,-0.594960903614882
11338,1.1180236572399735,4.857171806506813,-0.6257783819713834
11339,0.19895887281745672,4.143523733597249,-0.9083663006391739
11340,0.21171785984188318,4.22699325485155,-0.9046039021816548
11343,0.5526374662294984,3.8890867033042014,-0.751160835235795
11344,1.5761845614761114,7.686987818684429,-0.6596879563955336
11346,0.14861229062080383,0.568033411167562,-0.5852558935322172
11352,0.08156509511172771,0.6082745045423508,-0.7635244623445495
11356,0.655925864353776,0.8427929244935513,-0.12468453824040669
11360,1.2395159746520221,8.880700421519578,-0.7550416065962188
11366,1.0138183631934226,1.6646659895777702,-0.24299101307451348
11372,0.6151259439066052,2.1186758363619447,-0.5499849708588203
11376,5.674340100027621,8.996816936414689,-0.22646317724866555
11385,1.7433800832368433,12.377226809039712,-0.7530729243385731
11388,0.9169669980183244,8.162754409015179,-0.7980186931047454
11391,5.420703109353781,5.018459491897374,0.03853217282085041
11392,4.812597174197435,2.707468120381236,0.2799349435613995
11400,2.4918055031448603,4.72489257901907,-0.30943335171426595
11401,2.449306924827397,1.7191381258890033,0.17516574887144779
11403,0.7049913359805942,7.796376027166843,-0.8341463659041305
11409,0.9314276315271854,3.266594247892499,-0.5562540366482226
11410,3.041030639782548,8.318399224895984,-0.46458041010690454
11411,0.8620863351970911,5.066938286647201,-0.7091979237120173
11412,0.9544703406281769,3.320627580396831,-0.5534743960205676
11413,0.18107615038752556,0.11242297012358904,0.23391272908806815
11414,0.09697036817669868,2.0399924516677856,-0.9092446838319721
11421,1.1145561197772622,3.099925800226629,-0.4710827376018409
11423,1.0826273187994957,6.402989947237074,-0.7107446773395956
11426,0.5770092457532883,1.2434693109244108,-0.36609058795343324
11428,0.45029377192258835,1.2936236504465342,-0.4835836076330916
11430,1.0135611137375236,3.7197117153555155,-0.5717292662666894
11436,0.4363939017057419,2.500027095898986,-0.7027715698382045
11441,1.0891799423843622,2.6195195778273046,-0.4126351102596709
11443,0.29531342908740044,2.371365367434919,-0.7785159356478064
11446,1.7331701293587685,1.6709987157955766,0.018263316654128763
11448,0.6042305110022426,3.8753910651430488,-0.7302314489151348
11449,5.000305156223476,13.857213228475302,-0.46967516571204626
11455,6.547646355815232,12.368681381456554,-0.3077254267577284
11456,0.1568724950775504,5.454964175820351,-0.9440922805570809
11458,6.809893159661442,9.433062048628926,-0.1614957903490655
11466,0.7377292844466865,12.268205215223134,-0.8865549746593205
11467,0.47262817062437534,4.180398581549525,-0.7968512988222295
11468,0.24776544142514467,1.224790070205927,-0.6634891663254993
11470,0.4772471860051155,0.708622322883457,-0.19511011552611474
11474,4.151792726945132,28.27915494563058,-0.7439610603512307
11475,5.304358528926969,14.495970790274441,-0.4642151205249614
11478,0.7195852897129953,3.192837791517377,-0.6321536425007402
11479,1.2261179517954588,5.909914152696729,-0.6563586223150716
11481,1.0548205012455583,8.149966098368168,-0.7708104387145251
11484,1.2485310747288167,11.381311325356364,-0.8022887324831864
11486,1.191962318494916,3.0154017615132034,-0.4333923588125359
11487,0.4781505661085248,1.6886256309226155,-0.5586525578747326
11491,2.726849999278784,8.229779635090381,-0.5022465684656621
11498,1.5961821805685759,0.8206377732567489,0.32089457308724223
11502,0.4137637810781598,0.8942410005256534,-0.3673359808807334
11504,0.5094911633059382,4.088128089904785,-0.7783673961472443
11509,1.6451526544988155,4.459048803895712,-0.4609769465466694
11511,0.46759273670613766,0.2754913568496704,0.25851903105201013
11512,0.1152110593393445,3.7051395177841187,-0.9396856089440029
11519,0.06367624923586845,0.24060587584972382,-0.5814657254792898
11522,3.025956346653402,6.321726621827111,-0.35257617168729155
11523,1.035081336274743,4.288678213953972,-0.6111464740248908
11526,3.3799601080827415,3.914064550306648,-0.07322492961543814
11527,1.0420980644412339,7.099123887717724,-0.7439946802665776
11533,1.8425344517454505,13.552254291251302,-0.760628809851773
11537,3.130785770714283,9.35383120784536,-0.49845705701806275
11540,3.663774316199124,7.601483251899481,-0.34954450991435515
11543,1.2243036492727697,14.186352914199233,-0.8411094758707209
11546,1.5522413640283048,7.609988447278738,-0.6611651538988849
11547,2.3882591761648655,3.959514832124114,-0.24752860670642046
11550,0.4503436777740717,8.61490429379046,-0.9006439362305058
11552,0.6067946311086416,10.654681257903576,-0.892235327395917
11553,0.7543866075575352,6.213480482343584,-0.7834669927469491
11577,3.0462748715654016,8.051474526524544,-0.45101033330416934
11578,3.2123878356069326,6.835048523033038,-0.360555723680753
11579,0.8328808159567416,8.051444227807224,-0.8125055506514232
11582,1.4194269701838493,5.061040521599352,-0.5619368596528357
11585,4.4292278927750885,39.08804148249328,-0.7964381517332659
11588,1.4950169897638261,5.271584074944258,-0.5581187732312097
11592,0.42084360122680664,2.5546296164393425,-0.7171249274041462
11593,1.9771290067583323,6.032406627200544,-0.50630620872053
11598,2.213204733096063,6.012315442785621,-0.46186874853563575
11602,0.14578468166291714,5.366064637899399,-0.9471013544778952
11606,6.1824035798199475,21.541666236240417,-0.5540046161448634
11609,0.24121722858399153,3.009286381304264,-0.8515816270127387
11610,1.924982339143753,1.0469861258752644,0.2954258174682802
11611,2.117228203918785,22.51746449060738,-0.8281100373223128
11613,0.2951317052356899,7.088367987424135,-0.920056418359562
11622,0.4077989235520363,0.09092147089540958,0.6353809793703619
11628,1.0951482360251248,6.456323547288775,-0.709951048629918
11629,0.15797179657965899,4.57017108798027,-0.9331780783969142
11631,1.2473257179372013,9.356535164639354,-0.7647412142143258
11632,1.9524538535624743,1.5592757556587458,0.11196138132935861
11636,2.038625281304121,0.9352196776308119,0.3710366945518629
11639,2.5497942566871643,0.4451311738230288,0.7027430671303553
11647,3.4910171516239643,12.585991828236729,-0.5657131054666493
11649,1.2265841141343117,0.7198084453120828,0.26036662869596505
11650,0.8281800877302885,6.9564067386090755,-0.7872256791000103
11656,1.0074557596817613,9.03482620138675,-0.7993572051476303
11658,1.8090708516538143,5.586365224327892,-0.510760195053427
11659,4.151964705437422,10.948673007078469,-0.4500941239062552
11660,0.7242819406092167,5.356471661478281,-0.7617788886032302
11661,2.1049639619886875,0.6733797830529511,0.5152653200274778
11665,3.3717613657936454,9.648485297337174,-0.48207411840489356
11669,0.5154799767769873,4.16641047783196,-0.7797983606088312
11670,0.4934208132326603,0.28020578157156706,0.2756045786078146
11671,1.2126614581793547,2.0282246191054583,-0.2516482040643415
11673,4.178386735729873,4.089557921048254,0.010743760193022832
11674,0.39823196129873395,6.32057386636734,-0.8814575174477071
11675,2.3304752479307353,9.327271996065974,-0.6001842896137347
11676,1.7259089625440538,8.645727651193738,-0.667186765826653
11680,0.47459230571985245,0.08016480598598719,0.7109913355059425
11681,2.0049145529046655,7.295732507482171,-0.5688655767953502
11683,0.6635226481594145,8.947640933096409,-0.8619266767129256
11687,2.7976348362863064,4.4860096662305295,-0.23180357434531296
11688,1.4234028025530279,13.268661386333406,-0.8062351505882829
11692,0.10460701864212751,0.8506603762507439,-0.780989031549121
11694,1.2435614429414272,2.561909052543342,-0.34643485244881067
11696,0.5107739428058267,3.994062751531601,-0.773233092578803
11699,2.552764941006899,12.605355171486735,-0.6631818560530881
11705,4.381938132457435,5.233004441484809,-0.08851496537626617
11707,0.5214031208306551,5.8459803983569145,-0.8362268836925343
11708,1.7083520437590778,3.6086520517710596,-0.3574005161307202
11709,0.2549598356708884,2.702297080308199,-0.8275700468946978
11711,1.9081904888153076,0.1444392609409988,0.8592641844360127
11720,0.40251728473231196,9.659645110368729,-0.9199938802560481
11727,1.1032539429143071,6.086357190273702,-0.6930977427076922
11728,3.83848619973287,5.636715784436092,-0.18978271784680575
11737,2.37018233910203,2.2509761918336153,0.025795727731559352
11745,1.6076652873307467,14.950160797685385,-0.8058120336478238
11749,1.500307435169816,3.031255074311048,-0.33784100648239307
11753,0.8533529294654727,2.0591242779046297,-0.4140019861400137
11754,1.6404391918331385,3.661550175398588,-0.3811986112337925
11757,0.21000003814697266,1.6716902358457446,-0.7767963824335802
11761,0.9929420342668891,1.5633350349962711,-0.2231342633345974
11765,0.7177886925637722,4.670154985040426,-0.733557462544482
11770,1.2668341929093003,5.623949168249965,-0.6323105439505526
11772,0.21902073081582785,4.594999507069588,-0.9090071416432232
11780,1.4646967984735966,0.08613435085862875,0.8889184668541614
11787,0.4431069931015372,3.1002183882519603,-0.7498920108022076
11788,2.06353622674942,8.402827025391161,-0.6056822838959486
11790,1.4137127078138292,10.347891429439187,-0.7596054600517461
11795,4.105642951093614,13.066974722780287,-0.5218384256769284
11798,4.434869738295674,14.641669396311045,-0.5350446213537076
11803,4.343368208035827,10.05543401837349,-0.3967042341800194
11804,2.170293820090592,5.569584714248776,-0.43919176238699065
11806,1.8676023855805397,12.238890789449215,-0.7352137965959115
11807,1.3899215552955866,8.516221169382334,-0.7193818837611918
11812,4.962253793608397,8.763900490943342,-0.27696371602155717
11815,0.5418274262920022,2.558290974237025,-0.6504472692398677
11819,1.6158569259569049,5.798752100672573,-0.5641423788755802
11822,0.6121362801641226,4.547908500768244,-0.7627399349608368
11824,1.139577202964574,4.8667453597299755,-0.620540791451051
11826,5.3235794911161065,3.7816205671988428,0.1693492635023394
11830,0.17198165226727724,4.688076555728912,-0.9292265051538754
11831,0.667703109793365,6.435542598366737,-0.8120005593987201
11832,0.9510698178783059,9.41054518520832,-0.8164244053469658
11844,2.1366183650679886,5.095209707506001,-0.409106979970635
11849,2.3929019146598876,15.128222989384085,-0.7268552187413543
11850,0.298671530559659,2.201342359185219,-0.7610641030554286
11851,0.9911755858920515,9.468239420093596,-0.8104720798772717
11852,1.0782387112267315,9.824126071762294,-0.8022009476495393
11853,2.493504519108683,11.82852738443762,-0.6517945867036383
11854,8.765981633681804,8.209091160912067,0.0328063672838599
11871,5.056443446315825,4.33732898067683,0.07655225536149567
11872,0.4793749530799687,6.0542329219169915,-0.8532587316986425
11879,0.8928763037547469,1.0352468639612198,-0.07383893445720566
11884,0.8266276544891298,11.55967753753066,-0.8665255470982355
11892,0.3292502202093601,0.10974451340734959,0.5000189979344102
11897,0.26512392703443766,2.1088827960193157,-0.7766443334298654
11898,0.618412097916007,1.4539531590417027,-0.4031823339636036
11899,6.204588815569878,2.385194986127317,0.44464376724912086
11902,0.1855818098410964,5.51400101184845,-0.9348788093278197
11914,3.349476018920541,8.14125375635922,-0.41701248146544273
11920,2.3021202785894275,6.64638884505257,-0.48547400538320756
11922,1.9145832764916122,9.745227763429284,-0.671592743666807
11925,1.6935415286570787,2.2976188689935952,-0.15135381196204106
11926,1.6816119733266532,3.2419149801135063,-0.3169075789655876
11927,1.4977783355861902,10.427380071952939,-0.7488036159520256
11933,4.424167649354786,15.247985931113362,-0.5502101352291521
11934,2.148391651455313,3.982627392746508,-0.299173062107115
11938,1.8376086056232452,10.479015507735312,-0.7016051494775206
11943,1.0494872727431357,6.283836601302028,-0.7137758291412866
11946,2.1760777188465,7.830932421144098,-0.5650893346953625
11948,0.32997685112059116,0.5093502309173346,-0.2137109401510108
11949,0.2780635980889201,3.4571033157408237,-0.851110483411173
11952,0.353445615619421,0.5032980567775667,-0.17490930599897553
11953,0.2465738719329238,1.3548591993749142,-0.6920584739368457
11955,0.9214000692591071,5.782201837748289,-0.7251029873070733
11956,1.5425800681114197,12.060792187228799,-0.7732062257568167
11957,0.18347623012959957,0.36903890687972307,-0.3358508470088425
11959,0.3226097747683525,0.29975858610123396,0.03671650119738359
11961,0.14606827963143587,1.6320520490407944,-0.8357048426065441
11966,0.1362861478701234,2.067728340625763,-0.876329172442447
11969,0.598880335688591,0.027977159712463617,0.9107383738148666
11970,0.10582570731639862,0.9949539992958307,-0.8077259115859017
11971,0.1533963978290558,0.6086574867367744,-0.5974132513824794
11972,0.0312833646312356,0.6184566468000412,-0.903704977125312
11980,0.1426955321803689,1.3519644793123007,-0.8090595438647376
11981,0.4135524593293667,0.2841809205710888,0.18541686908622562
11992,0.18812766671180725,0.019083157181739807,0.8158092630146431
11995,0.14562907256186008,0.25302714109420776,-0.26940021214552967
11997,0.07362041901797056,0.922105073928833,-0.8521270781156353
12001,0.14029760798439384,0.8430139198899269,-0.7146426050998501
12004,0.7425877638161182,0.2669001817703247,0.4712167036021223
12015,0.3194393329322338,0.5501831537112594,-0.26533791883575686
12016,0.3105495125055313,0.8797688437625766,-0.47820763937572663
12023,1.9903619699180126,0.3511119680479169,0.7000932085084126
12025,0.31611275114119053,0.6247130306437612,-0.32801001575101457
12026,0.26715272292494774,0.045185184106230736,0.7106647442439604
12031,0.185712531208992,0.02221321500837803,0.7863351180613388
12033,0.2821708582341671,0.18123707920312881,0.21780761803303791
12036,0.21263580955564976,1.605051200836897,-0.7660369377782899
12040,0.1575393509119749,0.750227140262723,-0.6529077632983851
12042,2.4278313163667917,4.191742794588208,-0.26646902786419174
12043,1.6218361430801451,6.368322730064392,-0.5940415781890038
12044,3.394484401680529,4.173131337855011,-0.10289197588435804
12046,0.782911024056375,1.5752969468012452,-0.3360118923083631
12061,0.6802675370126963,0.40719124116003513,0.2511141583787323
12066,0.8249965971335769,1.9276658119633794,-0.4005827998323796
12068,0.1875004805624485,0.29653534386307,-0.22526196987548408
12069,0.15703816432505846,0.8094879370182753,-0.6750462008069202
12072,0.20607859455049038,0.6682822303846478,-0.5286188752428564
12075,0.29576032515615225,1.0101265599951148,-0.5470353083113068
12079,1.1365887224674225,17.80133599601686,-0.8799669193574838
12081,1.0298363715410233,3.5319389649666846,-0.5484931652378592
12088,2.1481506186537445,3.714333330048248,-0.2671534327596758
12095,3.2569705741479993,16.15918709244579,-0.6645092576939599
12096,0.1589611992239952,0.7938668504357338,-0.6663381199134595
12102,2.225114273838699,3.50563473906368,-0.22344731244410737
12105,0.8380162324756384,5.127393395639956,-0.7190415127483147
12123,0.7138505326583982,2.8185772178694606,-0.5958300732112504
12127,1.7145968521945179,3.328091465868056,-0.3199671508337701
12135,0.3336154567077756,1.1245112679898739,-0.5424054013176066
12147,2.212762100622058,1.5088904085569084,0.18912880510175345
12148,1.7109077405184507,0.44189810287207365,0.5894677597340514
12149,0.6471487395465374,0.20473523810505867,0.5193353943110525
12150,3.220129828900099,3.235539894318208,-0.0023870591400739476
12157,0.8368228357285261,0.5924809440039098,0.17095168654083168
12161,5.521182301454246,9.369321254082024,-0.2584290677796982
12162,1.2695250902324915,5.374105246737599,-0.6178218757391661
12169,11.384684753604233,25.756511104060337,-0.3869510934847808
12171,4.431717673316598,2.299079588847235,0.3168477672708033
12175,2.8904051585122943,6.187745125964284,-0.3632171603382684
12191,1.0486256834119558,0.8873284487053752,0.08331666129408156
12192,5.312150354497135,6.285433593671769,-0.08392120665168525
12193,2.4771005557850003,2.3903398108668625,0.017824716562023245
12195,0.927390999160707,3.661688007414341,-0.5958269631739718
12205,0.8800206137821078,3.9421713408082724,-0.6350122010615074
12209,2.127519367262721,12.137520430609584,-0.701715607189487
12230,2.654384793713689,9.679017560556531,-0.5695616314998528
12233,1.8101940075866878,7.668554647825658,-0.6180521135448865
12239,4.365243259817362,7.397520476952195,-0.2577861194011654
12240,0.5332233114168048,7.18502252548933,-0.8618278498288987
12248,5.142536438535899,27.1497691469267,-0.6815008191393237
12255,0.7729229731485248,2.9913000017404556,-0.5893319931869256
12267,1.913101326674223,12.760808803606778,-0.7392513229685485
12271,2.0892042629420757,0.66153893340379,0.5190107645942019
12278,3.1333569260314107,10.09765835525468,-0.5263618309830713
12288,1.9345068661496043,3.918072765227407,-0.33892164208123127
12311,0.6694461558945477,7.14067717269063,-0.8285696325831942
12318,0.9133490957319736,8.031855633482337,-0.795790230993943
12323,2.703062773682177,8.41857879748568,-0.5139093889359011
12338,2.9899994637817144,2.6211583828553557,0.06573350652527983
12341,1.0231647565960884,5.145282588899136,-0.668258574876664
12357,2.946314448490739,4.7017794558778405,-0.22952974026432302
12367,6.507863143458962,7.435662867035717,-0.06653982090888443
12368,6.645832760259509,7.0368914301507175,-0.02858046865881138
12385,1.519085924141109,5.477566160261631,-0.5657677684080338
12386,1.5159000493586063,5.526917744427919,-0.569518879021325
12388,0.718539941124618,2.7105105710215867,-0.5809102615550669
12389,0.48370134364813566,2.739283027127385,-0.6998425756981896
12398,1.4326829328201711,8.080642379820347,-0.6988050159670478
12411,1.1080244034528732,7.225285252556205,-0.7340733875995468
12414,4.012159449514002,20.769613274838775,-0.676200771095634
12416,2.1531761954538524,12.67214047908783,-0.7095271227289623
12417,5.721490014810115,25.46249856147915,-0.6330495054657143
12419,3.778998597059399,10.765172188635916,-0.48034182866218644
12430,4.236385761760175,5.917773129418492,-0.16558608011529555
12436,3.4829241815023124,14.952504818327725,-0.6221488329309035
12438,3.7371932342648506,12.356794687919319,-0.5355789687012601
12442,1.7961213616654277,9.04182019084692,-0.6685493545129144
12446,2.6678150920197368,16.139327657874674,-0.7162976718475673
12452,1.5022635255008936,7.785094910301268,-0.6764928292828446
12458,1.356169062666595,4.714848062954843,-0.5532316794352471
12459,3.096031750086695,5.562924169469625,-0.2848949044550682
12474,4.188758631236851,5.530617010779679,-0.13806014182041504
12477,5.136006611865014,26.07872975897044,-0.6709242358577776
12478,1.0961187910288572,2.10821325937286,-0.3158519318298501
12483,3.972990909591317,7.062676189467311,-0.2799726787825334
12484,0.300400048494339,0.5554771209135652,-0.29802999955635046
12485,6.601056573912501,4.041367412544787,0.24051749532105965
12490,1.127150728367269,7.05880216602236,-0.7246134340352381
12497,2.0773971239104867,9.469441767083481,-0.6401790752391832
12502,2.41734474664554,9.316559966187924,-0.587972664546702
12517,1.6170837935060263,2.463159035425633,-0.2073590414570815
12524,1.0035552405752242,6.645797837059945,-0.737610427864876
12526,1.593090621754527,17.75261534936726,-0.8353029220920629
12527,1.5926895719021559,17.951721055433154,-0.8370184087643966
12531,2.843157851602882,13.437922902405262,-0.6507408943471684
12532,4.185560625977814,2.655911086127162,0.22358486656371598
12535,2.038169794715941,0.6299631590954959,0.5277872804682725
12538,1.1875979723408818,3.6211378248408437,-0.506066449715472
12542,3.646478204987943,2.2609810372814536,0.2345335127820544
12550,0.2798435566946864,0.8086465131491423,-0.4858133033127625
12555,0.3725255914032459,2.316300648264587,-0.7229083933295535
12558,6.522276179399341,13.76400742167607,-0.35697673288430587
12569,1.1582031575962901,6.308235615491867,-0.6897575423048447
12571,1.7294919146224856,9.453588436357677,-0.6906948961568989
12574,1.387858219910413,8.249273767694831,-0.7119769197525245
12579,11.837888339534402,7.8589415811002254,0.2020094997249067
12581,0.46097051724791527,7.571900703012943,-0.8852289537305968
12593,2.773147246800363,14.246322228107601,-0.6741206004230405
12594,0.9532253090292215,6.116705586202443,-0.7303438115151897
12596,3.6828958988189697,9.103065497707576,-0.42391568618067577
12597,2.49320581369102,2.2760999579913914,0.04552147966453348
12601,1.1657821061089635,8.752832393161952,-0.764930453503352
12609,1.8825269783847034,8.833532037213445,-0.6486531147981086
12613,1.1867834874428809,5.255698603577912,-0.631575696858428
12614,1.2058403035625815,7.022880759090185,-0.7069191446928941
12621,2.6893680160865188,3.198358476627618,-0.08644940643402363
12632,2.2548104766756296,4.40362298861146,-0.32272043013391555
12640,1.077274119015783,5.973647047765553,-0.6944302471877178
12642,2.399750023148954,6.375137093476951,-0.453041391586146
12645,2.6466669822111726,11.427181129343808,-0.6238886534467422
12646,1.8294438943266869,9.123049332760274,-0.6659310612851942
12650,1.1358514339663088,5.754405249841511,-0.6703021422595453
12655,3.4552107607014477,7.828814415261149,-0.3875925112145293
12656,1.8751887725666165,4.787126601673663,-0.43707595115739545
12660,12.000922637991607,17.03017001459375,-0.1732365859179638
12662,2.663224187679589,5.9889442338608205,-0.38437994779449114
12666,3.894598092418164,23.833122494164854,-0.7190827078441454
12670,1.4374791150912642,7.918170700781047,-0.692703522816158
12678,2.892949590459466,2.235286856070161,0.12824345001374293
12685,2.5885921819135547,7.899041974451393,-0.5063534552561045
12686,2.350055026821792,8.766357748303562,-0.5771918379855987
12688,1.7495067724958062,10.032848965376616,-0.7030293752084468
12689,1.6577074564993382,8.933319153264165,-0.6869600053744558
12690,1.52289052400738,11.422491740435362,-0.7647206559221188
12699,2.5898447991348803,7.005765784997493,-0.46020218798420903
12700,1.1431917687878013,3.9582982347346842,-0.5518204414793623
12701,2.229667673818767,5.252511301543564,-0.4040057899815219
12703,2.578375497367233,12.958005026448518,-0.6680854342599076
12705,4.780512294732034,17.123152487911284,-0.5634965799403174
12707,1.3434777506627142,17.421979757025838,-0.8568137493996408
12710,0.5707870498299599,1.5582344084978104,-0.4638033847920784
12714,4.0411382196471095,2.4745388510636985,0.2404353916840552
12720,1.6554155349731445,3.346656615845859,-0.3381080939817041
12723,5.396257933229208,5.704109187470749,-0.027733429975251224
12728,2.8592197597026825,14.01117137633264,-0.6610369330921213
12733,2.6588376201689243,9.834608742967248,-0.57436282305345
12743,4.039710292592645,11.981841715984046,-0.4957154849379953
12744,1.625833417288959,8.117140913149342,-0.6662552189612201
12761,1.2051405566744506,8.800134222954512,-0.7590989586555819
12767,0.5345669956877828,3.6612629261799157,-0.7451912943839237
12768,2.270326614845544,18.901872481685132,-0.785537004966295
12776,4.170860020443797,7.41970032826066,-0.2803005385481405
12781,1.8060155315324664,4.918143398594111,-0.4628278271528895
12785,2.3122612992301583,21.301381390541792,-0.8041588644659134
12789,0.05365627724677324,1.6567700803279877,-0.937259763322027
12799,8.69099242426455,6.753857539501041,0.1254227065531877
12802,2.7057129768654704,6.19248832995072,-0.3918517049523168
12807,0.26818542648106813,3.9563683941960335,-0.8730349107312257
12812,0.27757168002426624,0.3861593995243311,-0.16360198105195198
12813,0.29165434278547764,0.4361343327909708,-0.19851915103083817
12820,9.154389627743512,13.160720250336453,-0.17953443404408967
12822,3.4122269842773676,8.96530222054571,-0.4486416589592097
12825,0.8795660561881959,9.662236591801047,-0.833127960073056
12826,1.9995679156854749,7.560308157932013,-0.5816749296146215
12829,0.5771996546536684,8.504307135939598,-0.8728846064946018
12831,1.6965485559776425,14.956726415082812,-0.7962504601735996
12832,5.530403557233512,22.35844545532018,-0.6033967873866436
12836,3.2428131867200136,3.682736467104405,-0.0635217856161632
12840,2.3538830410689116,1.860402777325362,0.11709700884299733
12841,2.486669261008501,2.072799312416464,0.09077153223605988
12844,2.458425361663103,5.058595278067514,-0.3459043204778597
12845,2.515042879153043,6.233822937356308,-0.42505853172252334
12847,0.5196574260480702,5.163552738726139,-0.8171253882992291
12848,5.230167015455663,13.649584393016994,-0.4459495888162228
12850,2.5590965026058257,14.735802753362805,-0.7040634391989292
12851,10.638638940639794,13.372608046978712,-0.11386202089998018
12854,2.3388094259425998,14.559363384731114,-0.7231878911232753
12862,1.2835911656729877,15.801716989837587,-0.8497432818898953
12870,3.8733592946082354,2.1921220193617046,0.2771811812154213
12879,1.7331306599080563,0.4324780162423849,0.600594492434845
12882,4.403670249506831,1.5532279163599014,0.4785111737312551
12898,1.135181624442339,1.156497466377914,-0.009301407872049049
12904,4.398945156019181,19.16241370118223,-0.626596650670258
12913,3.3419060138985515,19.592304616700858,-0.7085658566822397
12916,1.7837729072198272,3.78843169240281,-0.35976044119384687
12926,0.15987225249409676,0.44979672506451607,-0.47554407923285025
12927,1.988098562695086,13.676016121404245,-0.7461588346625704
12931,0.3511876226402819,2.0448503643274307,-0.7068597204628811
12933,1.0663180998526514,4.013509058393538,-0.5801754403702634
12934,1.1774349017068744,7.793223301880062,-0.7374919710492496
12938,1.2781766969710588,12.106974406167865,-0.8090157238984443
12940,0.4395269420929253,5.6659939009696245,-0.8560231130509465
12941,1.014704389963299,6.49947183765471,-0.7299226530689645
12942,2.2520970720797777,12.536890130490065,-0.6954359292854368
12946,1.0640152161940932,8.939376642927527,-0.7872691120813663
12956,2.3304805867373943,8.79527195636183,-0.5810655364282443
12957,2.5533369472250342,12.698346698656678,-0.6651731039654991
12958,0.7447340982034802,2.5272516403347254,-0.5447815744230777
12959,0.6292132283560932,2.781789457425475,-0.6310684650122249
12960,2.1834939923137426,12.20519471494481,-0.6964985431629221
12963,1.408391194883734,12.496761979535222,-0.7974288844979971
12965,1.3855691403150558,10.64302826486528,-0.7696208304854031
12970,2.2619157657027245,6.822300942614675,-0.5020119316105718
12971,0.8008826379664242,5.510207084007561,-0.7461983038592274
12979,2.456392559222877,17.604292409028858,-0.7551038199233209
12980,1.159242028836161,4.34630091348663,-0.5788818501713963
12981,2.9437584402039647,1.8438933286815882,0.22972955524252095
12986,3.5038492074236274,30.049207306466997,-0.7911457511494688
12995,2.2891906341537833,12.676658156327903,-0.694078075196101
12996,1.64309620577842,8.651406561024487,-0.6807818224932013
12997,3.3976149703375995,22.93991252128035,-0.7419943864192052
13002,1.7768944054841995,19.9365870449692,-0.836332611190039
13011,1.9712776076048613,2.68853415758349,-0.1539239321503973
13018,0.7403832911513746,5.692790594883263,-0.7698233238311777
13019,1.125353876966983,5.9195020091719925,-0.6805175591507839
13023,3.951927786692977,0.7309714998118579,0.6878124191486614
13031,1.731453102082014,15.227616213262081,-0.7958080045682884
13032,3.094469389412552,7.854263204615563,-0.4347346849806855
13035,0.9944663112983108,4.6309898011386395,-0.6464406471503585
13047,2.011030038818717,6.340375227853656,-0.5183972099056633
13056,4.747039331123233,8.983754624146968,-0.3085557402452519
13059,1.9875539243221283,5.0737295197322965,-0.4370559006533408
13063,0.25037291273474693,1.4259629845619202,-0.7012855083055133
13064,3.0947179598733783,7.15575411147438,-0.3961804025545382
13065,2.712437827140093,7.750622650142759,-0.4815211413468336
13066,4.21072864625603,14.550478425808251,-0.5511239090233013
13069,2.139939270913601,6.412137993145734,-0.49955099683042253
13071,4.206290716305375,7.933524450054392,-0.30702557515678836
13072,0.6088980855420232,2.002030997071415,-0.5335774612975649
13075,0.6426660935394466,5.244134020060301,-0.7816585985125796
13080,2.8839893960393965,13.528817311860621,-0.648568407906545
13081,3.0113145634531975,15.470958204008639,-0.6741402314162387
13083,1.542842204682529,6.880937019363046,-0.6336935801264065
13085,3.935871017165482,3.2343002161942422,0.09784575265190804
13086,0.744969277177006,6.241402696818113,-0.7867364406160032
13088,10.299691058695316,6.693800091510639,0.21219247624351537
13101,2.6918551744893193,4.7214581267908216,-0.27377811645310524
13105,1.2257012538611889,0.52856320515275,0.39739621077422865
13112,5.678901171311736,5.790541687747464,-0.009733734916996242
13118,0.8590875682421029,7.236484823748469,-0.7877636004855091
13135,1.9931816067546606,11.57991581549868,-0.7063040889270925
13136,8.481223937589675,14.123688369989395,-0.24961231238696915
13138,5.5638104900717735,19.626291643828154,-0.5582542333097985
13142,2.0356933651492,4.96238550869748,-0.4182136549625837
13144,6.251454204320908,12.81335730617866,-0.3441892461534996
13147,4.0842087510973215,4.008771805791184,0.009321280926829632
13154,8.975286816246808,7.767276656581089,0.07215204300262439
13168,2.052930409088731,8.223899701610208,-0.6004740008396598
13169,1.5950221586972475,2.2613601670600474,-0.17278836797691613
13172,3.1505276104435325,2.87402995955199,0.04589509647456187
13173,2.5743138482794166,2.1656447309069335,0.08621786679041991
13175,1.393925013486296,6.679505373351276,-0.6546882931549906
13176,1.14066126011312,9.570404469966888,-0.7870125552660588
13177,1.2602900685742497,8.656973314937204,-0.7458391453694788
13179,1.985589625313878,2.7274836900178343,-0.15741195077326806
13181,1.5029252278618515,2.763087189756334,-0.2953957556920955
13183,1.9976501297205687,12.067743790801615,-0.7159482143182289
13186,2.9309846134856343,7.245159801794216,-0.4239498784854377
13190,0.42181832529604435,1.71214035525918,-0.6046612062923394
13206,4.1224868767894804,20.291934753768146,-0.6622908427509079
13207,5.592515191063285,8.33573363861069,-0.1969535783782677
13215,3.1311541004106402,4.320530486525968,-0.15961174580580592
13231,1.7326029799878597,0.4323500036261976,0.6005917847649922
13241,1.4293129164725542,6.759047812782228,-0.6508915609039221
13242,1.3202414764091372,6.948725870810449,-0.6806756101526016
13244,3.7595275696367025,7.429296953137964,-0.3279852477828371
13246,2.050409459043294,9.58668441628106,-0.647607988556083
13248,0.23414137586951256,6.0614968072623014,-0.92561790590275
13251,6.123994057066739,13.296295376494527,-0.36932000132977283
13253,8.24614234175533,14.293913015164435,-0.2683121482020753
13254,2.413698869291693,11.696515467949212,-0.6578792055735712
13255,2.595241205766797,1.9351091948337853,0.1457132346419282
13256,2.3890529070049524,1.8231951626949012,0.13433628194415373
13257,1.775783559307456,7.060675963759422,-0.5980780413983197
13258,2.0616231337189674,18.042857749387622,-0.7949090905946538
13260,1.4980543684214354,6.46009635925293,-0.6235169652637308
13261,1.006942120846361,10.04708625562489,-0.817814449800026
13264,2.972073820885271,14.843266205862164,-0.6663466634458374
13265,1.3522768011316657,16.211744433268905,-0.8460174030667256
13268,2.6376092354767025,5.86581668141298,-0.3796360993189774
13270,1.716836997307837,6.980098788626492,-0.6051857712724974
13271,1.7774043837562203,5.36828654166311,-0.5025241359282082
13274,2.008504825178534,8.706004432402551,-0.6250869215017529
13277,4.69979950459674,14.455097790807486,-0.5092848129522884
13278,3.7257658317685127,13.222129795700312,-0.5603270265920044
13281,2.8434962816536427,15.58292911760509,-0.6913675636981248
13292,0.9784178100526333,9.90543762780726,-0.8202074962058792
13295,1.011521426960826,4.579154934734106,-0.6381398737756728
13304,4.5111177721992135,11.69589904975146,-0.4433130017993679
13307,1.6331698433496058,13.293501894921064,-0.7811742802432383
13308,0.46966853365302086,4.402778591960669,-0.807214518066517
13311,2.43725102301687,7.6160520343109965,-0.5151342779345318
13316,1.9372139214538038,26.06814433587715,-0.8616540517958109
13320,1.6043938719667494,16.5550793572329,-0.8232995140643877
13321,4.139408558607101,5.033455196302384,-0.09746646866052873
13322,4.468577058520168,25.88733703130856,-0.7055877121474794
13324,7.616892157122493,10.152187998406589,-0.14268019610992994
13327,1.2652331972494721,4.262697158847004,-0.5422398200605472
13329,3.2832432594150305,11.84828236978501,-0.5660393618103545
13330,0.7227088622748852,6.638516480103135,-0.8036444128086376
13331,0.09701095800846815,2.633415639400482,-0.9289408050002211
