ID,p_positive,p_negative,polarity,Datum_standardisiert,Category
7,0.2608260223641991,3.77054949849844,-0.8706019714537421,1984-08-15,W
8,4.258305826224387,1.130556722637266,0.5804098871008035,2006-09-20,W
11,2.465296902693808,8.087461724877357,-0.5327673095349685,2015-12-23,W
12,2.24249507766217,16.451473768800497,-0.7600835760366765,1985-10-20,W
20,0.393577185459435,2.3372089536860585,-0.7117480715037264,1982-10-08,W
21,0.7996223708614707,1.6574344616383314,-0.3491217945918557,1986-04-15,W
24,0.7999705485999584,0.2380220899358391,0.5413800038661812,1984-01-29,W
25,1.6123075354844332,3.6956862318329513,-0.3924983313235968,1983-04-24,W
28,3.456767711788416,4.283749338705093,-0.1068380344002787,2020-06-14,W
29,1.859666770324111,7.929244451224804,-0.6200462486102386,1985-07-31,W
34,0.9312747456133366,3.630150320008397,-0.5916737720269017,1987-06-21,W
36,3.229114736430347,4.333593248389661,-0.1460427288976509,1982-05-09,W
37,2.107079901266843,9.03767173923552,-0.6218704607809143,2023-07-18,W
40,1.3023294331505897,6.713906129822135,-0.6750770550789618,2024-12-22,E
55,1.3708562143146992,1.3535744524560869,0.006343256251439,2000-03-21,W
57,0.8147042212076485,6.596560891717672,-0.7801443589469802,2002-01-31,W
65,0.9906634404323996,8.233736911788583,-0.7852080563276359,2023-03-16,W
70,1.2888486022129657,8.259937576949596,-0.7300497512394054,2018-05-06,W
81,0.0620806273072958,0.9467012286186218,-0.8769196195529247,2012-08-10,W
87,1.7052414757199583,8.129664764739573,-0.6532266939759644,1981-09-13,E
90,1.5789301916956902,8.277896543731913,-0.6796270779477116,2020-08-07,W
93,2.4719415679574013,2.579733090940863,-0.0213377800950762,2015-06-04,W
94,3.248151797801256,9.23189251869917,-0.4794647013381244,2015-08-05,W
103,0.4255574052222073,2.710833607241512,-0.7286324290999132,1984-04-05,W
105,0.6677504382096231,2.7029798589646816,-0.603794798551695,1985-08-01,W
108,0.9554065759293736,4.218396247364581,-0.6306753045832467,1981-10-13,E
110,1.2461463240906596,3.48406804073602,-0.4731121137523514,2014-01-02,W
111,1.4936025766655805,2.4600474764592946,-0.2444437132288968,1988-12-22,E
120,0.2549169538542628,2.739551397971809,-0.8297414272558763,1992-02-28,W
124,0.7886458840221167,2.757492977194488,-0.5552086847767564,2022-09-04,E
126,1.896792167797685,8.152035356499255,-0.6224848793131805,2003-06-21,W
127,0.3479514326900244,4.410685822367668,-0.8537600518633216,1986-04-04,W
130,0.2730475105345249,0.1679569166153669,0.2382982742329721,1980-10-15,E
136,0.2077205078676343,2.680042626336217,-0.8561374335673619,1982-03-20,E
137,0.1817448288202285,1.0186614207923412,-0.6971944641587209,1982-02-28,W
139,0.27902398025617,5.904534867033362,-0.9097529474053826,1980-07-14,E
140,1.5812682379037142,5.183949636295438,-0.5325299887429962,,E
142,1.1998748956248164,3.06184552796185,-0.4369058613116534,1984-09-13,W
143,1.7664804803207517,2.9081386351026595,-0.2442248505369952,1982-06-11,W
148,0.523167060688138,1.710372134577483,-0.531535366115492,1988-05-27,E
151,0.0210717674344778,1.0414907336235046,-0.9603378297013548,1980-08-10,W
155,0.6144194225780666,11.16847363859415,-0.8957099212581008,2011-03-16,E
163,1.1868453919887545,0.8480273075401783,0.1665057890485458,2023-12-07,E
164,2.007428530137986,10.179320205934346,-0.6705555232797398,1981-01-13,E
165,1.461212232708931,4.7436442244797945,-0.5290101413977798,1981-06-28,W
171,7.60038551595062,21.55280181253329,-0.4785897383834283,2023-04-19,W
177,3.4167213728651404,3.462934922426939,-0.0067174212748705,1982-05-26,W
179,3.4251509802415967,3.342419137712568,0.012224748482403,2021-10-20,W
180,0.8404141939245164,1.3532485393807292,-0.2337799414968767,2007-01-25,E
184,0.4645749079063535,8.902502037584782,-0.9008068556263056,1981-02-01,E
186,2.0115935131907463,0.9370005533564836,0.3644424887187792,2007-03-15,W
190,0.899332663975656,9.447177741676567,-0.8261572977330076,1983-07-03,W
196,4.081211599055678,7.964037857018411,-0.322353328764346,1985-07-16,W
200,0.1064195148646831,5.716883406043053,-0.9634504622855592,1982-04-18,E
203,0.8991590263321996,2.673997133038938,-0.4967143968929157,1983-07-15,E
206,0.4050591471605003,4.836025044322014,-0.8454292538100417,2018-03-21,W
208,1.023567101918161,10.860720275435597,-0.8277444714322467,1980-10-28,E
212,0.23734912276268,1.1787951849400995,-0.6647952874971732,2001-08-07,W
214,2.147569721098989,4.545036839321256,-0.3582262152388299,1982-03-31,W
215,0.1351567916572094,1.0466914474964142,-0.7712789389027018,2005-05-23,W
219,1.21259431168437,3.3564877435564995,-0.4692175377792903,2002-03-03,W
222,3.637638721615076,5.79399791941978,-0.2286304360393464,1980-06-16,W
223,0.1489617023617029,0.1607395187020301,-0.0380296089884175,1996-01-28,W
229,2.6704169660806656,4.247823647689074,-0.2280069124032177,2015-04-06,W
231,2.1246477467939258,6.134075377136469,-0.4854779086520505,2018-06-11,W
232,5.3885962860658765,18.40707774553448,-0.5470944610427794,1982-05-30,W
235,1.9884858494624496,8.986727823503315,-0.637640612982174,1986-05-03,E
242,0.5173844136297703,0.2036491162143647,0.4351188737128357,2004-04-01,E
243,7.944847047328949,22.637634915299717,-0.4804315060473068,2023-04-20,W
247,8.915971354581416,29.28479677904397,-0.5332046034575103,1988-03-06,W
249,3.993199283257127,0.6369537787977606,0.7248670744740178,2021-08-24,W
252,0.3557736212387681,3.2637988310307264,-0.803416770388946,2012-10-07,W
253,1.213912833482027,1.4628785979002714,-0.0930090262167288,2003-12-16,W
256,7.133258095011115,1.4928064888808876,0.6538846946106045,2022-12-14,E
263,2.077619617339224,5.923799238167703,-0.4806871993935037,1984-02-19,E
274,0.4688863223418593,1.5953453215770423,-0.5457037743574543,1991-07-20,E
275,1.068697975948453,8.930934118106961,-0.786252540914147,1998-04-19,W
276,3.8387370109558105,1.9438894437626004,0.3276794000149804,2009-04-30,E
277,0.7410118505358696,6.866453384980559,-0.8051882387640069,2018-05-08,W
284,2.8690369920805097,4.615078770555556,-0.2332996754528847,2011-04-15,E
294,1.238400952890515,2.8334562671370804,-0.3917267301026246,1998-03-12,W
300,2.5583259277045727,5.386816514655948,-0.3560025018394343,2016-05-09,W
302,0.5991545505821705,3.3496534693986177,-0.6965390327659262,2005-10-29,W
308,3.499912341125309,4.228344801813364,-0.0942557225018749,1980-11-09,E
318,6.118362572975457,4.940196672454476,0.1065388243055046,2009-07-14,W
320,2.7984935846179724,13.343542568851262,-0.6532663465734032,2014-12-28,W
325,2.28161814250052,11.974571891129017,-0.6799119347990378,2019-07-01,W
328,5.122330732643604,10.88631933555007,-0.360054631611826,2008-10-07,E
335,1.147529122419655,4.1775804264470935,-0.5690120130339296,2015-07-15,W
337,1.0447494410909712,8.250410596840084,-0.7752057120419623,2021-01-04,W
340,3.2404078086838126,13.096276552416384,-0.6032967599716925,2011-04-14,E
341,0.6831788858398795,3.2247193828225136,-0.6503599434413909,2023-03-07,W
346,0.0433299643918871,1.5427168011665344,-0.945361050716428,2004-06-27,W
350,1.0798031757585704,11.461523262783883,-0.8278008022436136,2006-12-02,W
359,0.5092620067298412,5.494751861318946,-0.8303594835313867,2021-11-25,W
360,1.882229087874293,7.090671280864626,-0.5804636158822929,2015-03-24,W
361,0.302248515188694,2.075948619283736,-0.7458171059010071,2013-07-09,W
365,3.414000451564789,16.839629070367664,-0.6628751949996782,1990-11-18,W
368,0.2941727638244629,0.6242363601922989,-0.3593862340172621,2003-04-07,W
371,2.3664896306581795,14.428116549737751,-0.71818456411072,2021-02-09,W
373,1.7298457375727594,5.194489098154008,-0.5003575712001375,2021-04-15,W
377,2.7697883136570454,15.112432329449804,-0.6902187520289798,2021-02-10,W
381,2.3582873474806547,8.55732170958072,-0.5679054947547159,2021-09-13,W
386,0.5277010928839445,6.641113098710775,-0.852778694277475,2001-12-17,E
388,0.1578878005966544,4.27784164249897,-0.9288108967769092,2002-04-22,E
389,1.1892932802438736,4.202238822355866,-0.5588291945175701,2020-01-15,W
400,0.5009498130530119,2.036348295863718,-0.605131291989029,2001-12-17,W
402,1.791480552405119,5.481943740043789,-0.5073900599294766,2002-04-23,E
405,2.148650515358895,9.741042575798929,-0.6385692214448947,2018-05-03,W
408,0.3538632588461041,2.2067989483475685,-0.72361582261623,2001-11-17,W
415,1.3269764631986618,8.242623736150563,-0.722668359062845,2018-09-27,W
422,3.1517402166500688,14.278825752437116,-0.6383662788414391,2001-11-04,W
428,0.5356632694602013,1.9215814070776105,-0.5640130797107127,1986-01-05,W
429,1.151408608071506,3.579814459197223,-0.5132723223145531,2002-10-18,W
431,2.730448140297085,6.6202259957790375,-0.4159890291197578,1981-06-22,W
432,0.53031684178859,1.5590352695435286,-0.4923624037207214,1982-11-14,W
441,5.571212494745851,3.714605817105621,0.199940017701019,1994-01-08,W
450,2.349560024216771,14.37952804332599,-0.7191048292972202,2004-03-10,W
451,1.3657108899205923,1.649355502566323,-0.0940757435234047,2011-09-05,W
452,1.313188597559929,6.746931571513414,-0.6741516081611372,1995-01-08,W
453,0.7943882253021002,6.031794117763639,-0.767252562155932,2009-09-29,W
456,4.026314954273403,9.85663470486179,-0.4199626083605027,1995-05-29,E
460,4.852443697862327,5.788938471581787,-0.088004993976106,2009-03-18,E
461,2.3493286157026887,4.266953316517174,-0.2898341879108533,2018-04-27,W
464,6.954333656467497,14.332720825914294,-0.3466138152440566,2022-04-27,E
467,0.4525236478075385,1.2708866894245148,-0.4748509533317895,1982-03-12,W
468,4.4490936463698745,5.162233076989651,-0.0741978138030076,1993-04-06,W
469,2.4281387822702527,11.69781584199518,-0.6562159730996804,1982-04-02,W
474,1.7414664360694587,3.759215330705047,-0.3668179655152802,2006-04-20,W
478,8.738965555559844,10.522793443873525,-0.0926098124457929,2005-02-23,W
479,0.8408588324673474,8.747704165056348,-0.8246121274512319,2023-05-31,E
483,0.9941642037592828,5.220104361884296,-0.6800382238849496,2012-06-14,W
484,3.073779511731118,5.816003663931042,-0.3084691828825577,2022-09-10,W
496,1.938675528392196,5.436870655976236,-0.4742964168535156,2024-10-22,W
498,0.0812936197035014,2.7825464978814125,-0.9432275431824536,2010-07-11,W
506,0.3040420059114694,1.432775128632784,-0.6498859898781733,1983-12-28,E
509,1.5798206785693765,4.523558442946523,-0.4823127821110229,1987-04-05,W
511,4.383131802082062,5.664856821298599,-0.127560357327034,2016-01-18,W
515,0.1753468438982963,0.9048793138936162,-0.675351605524791,1989-05-26,E
517,2.245411862619221,4.092729438561946,-0.2914604594880474,2022-06-21,W
518,2.396983705461025,3.646557031664997,-0.2067617942123766,2022-06-11,W
519,2.073669472709298,7.385813260450959,-0.5615681044714376,2013-02-13,W
523,0.6570635251700878,6.3834922052919865,-0.8133489598476991,2021-08-30,W
524,0.8343000132590532,4.620975708588958,-0.6941309456025898,1994-06-18,W
529,4.538090156391263,4.126160440966487,0.0475436058544233,2015-07-27,W
531,4.0877542262896895,13.042396805249156,-0.5227416011961761,1991-11-07,W
532,2.9566988879814744,2.051397597417236,0.180767541760327,2018-04-28,W
534,0.6951055871322751,2.5990431499667466,-0.5779755908989671,1994-01-14,E
538,2.9000542708672583,8.207599990069866,-0.4778277748405851,2020-12-27,W
539,1.806645403150469,8.03118042089045,-0.6327144969906165,2013-11-24,W
540,0.9510749317705632,15.44113366305828,-0.8839601233392022,2006-10-10,W
543,0.2080696187913417,2.6323480792343616,-0.8534936471235255,2001-11-13,W
546,4.822703880723566,9.213370699435472,-0.3128130157500092,2023-08-01,W
547,5.274676165077835,10.907019458012655,-0.3480687947743494,2024-11-11,E
549,5.661836865823716,13.272581666707993,-0.4019529191143451,2004-02-12,W
551,0.7299340963363647,0.3230745452456176,0.3863781692039272,2012-07-03,W
561,1.8941414509899916,19.823347851401195,-0.8255653381828211,1984-01-22,E
563,1.2530549243092537,4.80634562112391,-0.5864096077114602,1991-06-04,W
570,2.160327548161149,10.094157291576266,-0.6474225434338595,1981-06-14,E
572,0.9657961991615592,10.916675245389342,-0.837441864906837,2016-05-26,W
575,1.5385707532987,5.194540483877063,-0.5429837116594757,1985-09-26,W
588,2.366715661715716,23.6089088935405,-0.8177741092090727,2021-02-12,W
592,0.7238089866004884,3.9899166226387024,-0.6928930334077466,2004-11-21,W
594,0.1376979704946279,2.8149339077062905,-0.9067286568896744,2022-04-01,E
595,3.0460576163604856,5.299002733081579,-0.2699734959821412,1986-10-29,W
600,0.2560341022908687,1.0486160283908248,-0.6075053437393334,1998-08-07,W
602,1.0091846864670515,2.1102552078664303,-0.3529705840459179,2004-09-12,W
604,0.1809572000056505,1.17474649194628,-0.7330431405029568,1995-08-13,W
605,0.5536609077826142,4.478959988802671,-0.7799711445943913,1988-02-04,E
606,3.670718080829829,5.793514742515981,-0.2242967498062324,1996-09-03,E
607,2.4448222806677222,9.32462008902803,-0.584547474065041,1992-02-27,E
610,1.3114463351666927,0.244638186879456,0.6855721094659875,2002-09-21,W
614,0.58622673060745,3.046195577830076,-0.6772254540745005,2023-05-31,W
617,1.002076187171042,1.6869740057736635,-0.2546987856155834,1982-05-02,W
619,1.0377763099968431,8.778448546305299,-0.7885589775725295,1983-11-29,W
620,2.827785363420844,3.94329999643378,-0.1647467981465117,1984-06-17,E
621,0.3328904332593083,3.127651739865541,-0.8076079315865617,1995-06-10,W
626,5.003574264701456,5.422846264671534,-0.0402124582246494,1989-03-12,W
631,0.180059184320271,3.805670070461929,-0.909648060462368,1984-03-27,E
634,2.3230846440419555,3.5685099312104285,-0.21139018838799,1983-11-19,W
636,0.7470458773896098,3.002280194312334,-0.601503916648785,1983-06-10,W
641,0.0567666888236999,1.344390206038952,-0.9189716882780296,1991-03-15,W
645,0.617627527564764,14.820349381305276,-0.9199859500747976,2003-06-08,W
649,0.3474758621305227,0.774517435580492,-0.380609736547267,2003-07-16,W
654,0.3311139452271163,2.2845237012952566,-0.7468197128392589,1991-04-30,E
655,0.2981464341282844,2.1815963964909315,-0.759534391673822,2003-06-21,W
657,0.1655320646241307,3.735128805041313,-0.9151261439250492,2003-07-08,W
664,0.7109453864395618,9.4540486484766,-0.8601188777882336,1991-03-29,W
666,0.7655346542596817,7.304707877337933,-0.8102821194622662,2003-07-09,W
669,0.0718089779838919,2.74388574808836,-0.9489937759804408,2003-05-20,E
671,1.3111928747966886,8.369451918639243,-0.7291104254365118,2003-05-04,W
673,1.6472988966852429,8.437532826326787,-0.6733115748621373,2003-05-08,W
676,0.8246543016284704,1.8701413525268435,-0.3879652430364683,2003-05-15,W
677,1.3894467977806926,6.278928918763995,-0.6376164003588792,2003-05-12,W
679,0.3898372435942292,2.9997608587145805,-0.7699802561671968,1984-03-15,E
682,0.6588997594080865,2.490312295500189,-0.5815462738487653,1985-04-05,E
684,1.9241124596446757,7.409718945622444,-0.5877121888961516,1996-12-10,E
689,0.346779047511518,1.6298648789525032,-0.6491234026836703,1986-06-22,E
691,1.9902225527912376,2.664567172527313,-0.1448711240527157,1986-11-05,W
696,1.1904542995616794,6.659594954922795,-0.6967014445464885,1991-11-15,W
697,2.789392980281264,21.869316620752212,-0.7737600202595563,2021-09-19,W
699,0.8334793215617537,3.1869257502257824,-0.5853754501451426,1981-12-01,W
700,0.5587126156315207,3.638991468586028,-0.7338008566480304,1981-10-19,W
703,1.1027698367834091,2.081207307986915,-0.3073004066031944,1985-06-17,W
705,4.732397336047143,23.42339296755381,-0.6638419817012041,1989-11-19,W
708,0.2919603353366256,1.8842397471889851,-0.7316787756039841,1981-06-18,W
710,2.616558087989688,2.8823621440678835,-0.048337499883807,1984-09-29,E
711,1.5875272136181593,1.820140361785889,-0.0682616901503604,1980-09-23,W
714,0.1221867105923593,3.1330829858779907,-0.9249299001398824,1996-02-18,W
716,2.9468638198450208,7.760647139046341,-0.4495707114082918,1983-02-20,W
721,18.887791304849088,25.60737271071412,-0.1510182410725477,1982-07-11,W
724,0.2194089512340724,4.845298338681459,-0.9133576972270836,1980-09-25,W
726,1.5093201585114002,2.1421626950614154,-0.1733111072753999,1983-06-07,W
730,0.2552526704967022,0.9946880787611008,-0.5915763676821266,1986-12-27,W
734,0.5482940301299095,0.7019086740911007,-0.1228717898644957,1989-07-15,W
739,3.7317069806158543,6.316228972747922,-0.2572191944820849,1982-07-19,W
742,0.9680312215350568,4.296545551158488,-0.6322472771006458,1985-08-08,W
748,1.0242819259874525,4.265960982069373,-0.6127656352309196,1981-06-20,SPLIT
751,4.237404018640518,8.362967523746192,-0.3274160203314052,1983-11-19,SPLIT
754,0.9999268469400704,3.1715049585327506,-0.5205833902745575,1981-07-25,W
757,4.036368747241795,9.598526544868946,-0.4079354977404961,1989-01-22,W
761,1.5106454640626907,9.714850775897505,-0.7308545775133745,1981-08-31,W
762,0.2120939148589968,0.6948925284668803,-0.532310727641034,1980-12-10,E
770,0.0417139269411563,0.2726282700896263,-0.7345954355759705,1986-08-02,E
772,0.0794452605769038,0.1348570734262466,-0.2585684057378005,1984-01-25,E
775,0.2343113729730248,0.7355899158865213,-0.5168345981913331,1985-04-26,E
777,0.1200857288204133,2.3922692770138383,-0.9044038533232768,1982-10-19,E
778,0.0328102326020598,0.5865569412708282,-0.8940524006225733,1984-01-16,W
779,0.2230639094486832,2.772400915622711,-0.8510655791501125,1982-12-22,SPLIT
780,0.775773536413908,1.55073678586632,-0.3331011438163457,1982-05-04,W
782,0.5147748328745365,0.2193399735260754,0.4024368624256266,1982-03-11,W
784,0.2943318821489811,2.28278985992074,-0.7715809250726471,1982-03-02,E
785,1.0586617952212691,3.25882017519325,-0.5095929514119628,1982-06-22,E
787,0.1425390066578984,1.7753717321902514,-0.8513601245656202,1984-10-17,E
789,0.2650848915800452,2.4789742920547724,-0.8067936047725373,1981-11-16,E
792,0.0545455534011125,0.4424688071012497,-0.7805071332491467,1986-02-03,E
794,0.1716633141040802,1.7364287413656712,-0.8200681003703161,1982-02-09,W
799,0.099665337242186,1.015515104867518,-0.8212570208744885,1982-10-05,E
803,0.0392323043197393,1.4806041419506073,-0.9483729918222596,1981-06-21,W
804,0.1097432738170027,1.7621115148067474,-0.8827438170050241,1981-01-29,E
805,1.4310289383865893,8.723939595278352,-0.7181618173127932,2018-10-06,W
813,0.2567689679563045,0.2106719929724931,0.0986156088934072,1982-02-25,W
814,1.104014815762639,0.7611955683678389,0.1837965573810761,1984-01-07,SPLIT
815,0.792457852512598,0.1136425943113863,0.7491611560062795,1983-08-18,E
818,0.5690041398629546,0.6164895705878735,-0.0400554050234654,1985-11-22,W
824,0.0617738300934433,0.5560410022735596,-0.8000247748757587,1982-03-26,W
827,0.758196447044611,1.263945084065199,-0.2501054596029034,1985-08-04,W
830,0.4548833649605512,1.2055646628141403,-0.4520956303939179,1983-07-24,W
831,0.0854959040880203,2.666672557592392,-0.937870152006402,1985-02-14,E
836,0.1072102701291441,0.9139750897884368,-0.7900277964459027,1986-10-07,W
837,0.5909102540463209,0.424613029230386,0.1637552063594183,1983-03-08,E
839,0.0966072995215654,1.2459105737507343,-0.8560804270165587,1985-07-15,W
845,0.3804464992135763,0.0738900750875473,0.6747341980929228,1983-06-25,W
846,0.4551527267321944,2.1964100440964103,-0.6566909659918864,1981-09-22,E
850,0.2375545334070921,0.858676515519619,-0.5665976919008846,1981-05-03,W
851,0.4755113534629345,0.1292879851534962,0.5724598990152728,1980-09-01,E
858,0.6832165354862809,3.5598420863971114,-0.6779603600275707,2018-08-13,W
867,0.8259167931973934,0.8464352805167437,-0.0122692390208051,2003-01-31,W
870,1.8762411223724484,8.593370079994202,-0.6415834196500734,2018-05-02,W
879,0.2802239628508687,2.133095590397716,-0.7677688704970368,2019-11-08,W
888,2.711487900465727,7.891535088419914,-0.4885443701653346,2004-01-11,W
890,1.653209759388119,3.999041620641947,-0.4150261026148725,1982-01-23,E
891,1.0132327051833272,2.2669978253543377,-0.3822185997290632,1984-07-31,E
892,1.122976979240775,1.898848774842918,-0.2567559676640433,1986-05-16,W
894,0.3747392017394304,2.723706673830748,-0.7581115070013287,1982-08-06,W
898,7.137660969980061,12.808563802856952,-0.284309582262369,1983-05-06,E
900,1.1408262392506003,6.7045305371284485,-0.7091716102228068,1981-04-03,E
906,0.5524142468348145,5.615129293408245,-0.8208640950061441,1984-09-25,E
907,0.2418192895129323,1.6097099054604769,-0.7387896554158578,1987-05-07,E
909,2.6526711089536548,9.463480875827372,-0.5621264717897351,1995-01-26,W
911,0.5264001861214638,2.477929801680148,-0.6495723251046889,1981-06-13,W
916,1.5012682056985795,8.593258686829358,-0.7025579857912542,1983-03-17,W
917,1.792163798585534,2.049848891794681,-0.0670703389018684,1982-10-07,W
921,0.5782206375151873,6.048834859393537,-0.8254969683639081,1984-07-24,E
922,0.211812911555171,2.1427229177206755,-0.820080961247699,1983-11-03,E
924,0.0262838536873459,0.6929892897605896,-0.9269155148437376,1987-04-10,E
925,0.2405781792476773,2.6413926277309656,-0.8330460678744296,1984-02-15,E
929,0.4231921872124076,3.3535860255360603,-0.7758977819855476,1984-10-14,E
930,0.3184383790940046,0.215453153476119,0.1928954091516073,1983-09-22,E
931,0.1977407075464725,2.337399714626372,-0.8440001935850063,1987-05-08,E
933,1.3473092895001173,4.790938162244856,-0.5610117382552291,1984-08-28,W
940,0.8817217517644167,5.349984084255993,-0.7170207403987972,1991-03-07,E
942,1.8067375561222436,7.609696872998029,-0.6162586656929877,1982-10-25,E
945,1.1983079663477838,13.778976541012526,-0.8399832805794245,2005-08-09,W
946,0.0744891436770558,2.835520881228149,-0.9488048886154908,1981-08-19,E
949,1.35033039143309,8.541841541416943,-0.7269901088254923,2008-05-27,SPLIT
950,0.1324750748462975,3.7991556525230408,-0.9326106218854368,1984-11-11,E
951,0.5870938831940293,6.650555614382029,-0.8377666994260857,1982-01-09,E
952,0.1817319002002477,1.5787829272449017,-0.793546867805285,1980-10-19,W
954,0.1632234980352223,7.352410167455673,-0.9565642751361966,1985-02-23,W
955,0.3263888163492083,1.06395198777318,-0.5304909193749846,1991-10-04,E
957,1.1872483426705005,1.6569333765655756,-0.165138897672496,1986-09-23,W
958,0.0899472278542816,1.9490913869813085,-0.9117748656643364,1982-04-06,E
959,1.3742499807849526,6.424422117415816,-0.6475682107208149,1982-09-26,W
960,2.85536549706012,7.491989676142111,-0.4480975187833077,1983-11-22,W
961,1.0777945052832365,4.029279914684594,-0.5779209713218494,1990-05-09,E
962,4.094370022416115,14.523613726720214,-0.5601704161325924,1983-09-18,W
966,1.7399951010011137,21.009903563652188,-0.8470327163518332,1983-10-16,E
968,0.8182784589007497,2.1362026897259057,-0.4460763716286788,1992-09-06,W
969,0.2737202849239111,1.6811715960502625,-0.7199637610772938,1995-08-06,W
973,1.9085077084600923,2.824158009607345,-0.1934745354296775,1986-09-15,W
974,0.2226691795513034,1.89647214114666,-0.7898496175060569,1984-06-03,W
975,7.122827964834869,24.40254287654534,-0.5481209086691715,1988-05-01,W
976,3.476997008547187,1.0646718684583902,0.5311539007834417,1982-12-29,E
985,1.9500061180442567,8.157195998821408,-0.6141353273641116,2004-06-24,W
988,1.9456120091490448,10.78342360071838,-0.6943033127126814,2014-03-23,W
989,1.2442423943430183,2.137648191768676,-0.2641734777270191,1989-01-13,E
993,3.140912302769721,1.9502271567471323,0.2338739992275422,1997-10-26,W
994,5.576297000981867,5.430433567613363,0.0132522035003448,2013-11-24,W
997,4.237641144543886,7.253123906441033,-0.2624266311700817,2015-07-15,W
999,6.02748136408627,19.56004730705172,-0.5288735038420992,2005-05-29,W
1014,0.389557879883796,3.845977464690805,-0.8160525892514635,2022-12-05,E
1015,0.0630188197828829,1.8889838755130768,-0.935431626262385,1991-11-17,SPLIT
1017,2.12784685799852,3.469123907852918,-0.2396433903206418,2022-08-16,W
1020,1.948560890275985,4.020716913510114,-0.3471368047101925,1991-05-25,E
1023,5.067617610562593,24.659302552230656,-0.6590553220575037,2024-04-14,W
1024,5.105141495354474,6.278947006911039,-0.1031093100974107,2010-01-20,W
1030,3.3366942633874714,7.564568102359772,-0.3878334175550417,2004-05-29,W
1038,0.2680785590782761,2.781373755075037,-0.8241792089455113,1991-10-06,E
1041,2.2230305457487702,6.854540173429996,-0.5102146566476676,2010-02-08,W
1046,1.1797562795691192,6.646135789807886,-0.6984992205078072,2013-04-10,W
1047,1.3473617415875196,5.339855895377696,-0.5970336798551464,2012-05-28,W
1048,3.470297299325466,9.847256221808491,-0.4788386179460658,2016-02-20,W
1055,2.06968267634511,2.056026142090559,0.0033101061794578,1996-11-07,W
1057,4.149158958345652,3.198399158893153,0.1293980645381628,2015-06-19,W
1058,0.623227609321475,4.701487464830279,-0.7659113771749974,2011-05-29,E
1059,0.3518051956780255,6.167856705375016,-0.8920786994731587,1989-05-04,E
1061,1.3517018319107592,6.268589403480291,-0.6452361753227096,2004-06-12,E
1065,1.0493779149837792,4.923421273939312,-0.6486143659642075,1990-12-16,E
1066,0.711908208206296,1.0153805878944695,-0.175692901136779,2010-09-25,W
1067,5.058951713144779,15.892402406781912,-0.5170763966675068,2010-04-12,W
1069,7.97147652413696,9.522367799188942,-0.0886535427198222,2005-04-03,W
1070,0.2505585355684161,1.7021509241312742,-0.743373460578901,2006-12-18,W
1073,0.9901461731642484,3.462958394549787,-0.5553007309357617,2007-09-25,W
1074,0.9077946748584508,4.381930670700967,-0.656770582381617,2011-12-21,W
1077,0.0724958647042512,1.022892992943525,-0.8676344675253284,1988-06-24,E
1081,0.2637702282518148,1.212566358037293,-0.6426692521179819,1988-12-21,E
1084,0.9315628195181488,1.829146825242788,-0.3251280001240549,2022-12-21,W
1085,1.0668576578609643,3.432283559348434,-0.5257505348885457,2022-12-24,W
1090,1.181914355605841,5.699143879581243,-0.6564730844560176,1996-05-26,W
1094,0.4424323104321956,0.4559811353683471,-0.0150808349980376,1996-06-03,W
1101,0.6544976942241192,4.287222348153591,-0.7351134064205002,1983-11-22,W
1103,0.3145281756296754,4.680042101070285,-0.8740519571433765,2004-09-09,W
1107,1.4508343702182174,8.990669643506408,-0.7221024158374966,2009-03-15,W
1113,0.6659672074019909,0.1484381114132702,0.6354687083097023,1997-06-12,E
1116,1.3197476821951568,18.27984010055661,-0.8653290368323964,2011-11-06,W
1118,9.909025675151495,10.722198381554335,-0.0394146612032207,2008-01-24,W
1124,1.7846425380557775,1.940990777220577,-0.0419655467766183,1987-09-05,W
1126,0.7718417253345251,5.1140362760052085,-0.7377309807783278,2004-01-20,W
1132,1.2299431534484029,6.449791230261326,-0.6796912257648647,2011-12-12,W
1137,1.2776709729805589,1.627231036312878,-0.1203345456107908,2023-08-06,W
1140,1.2015897291712463,9.334427397698164,-0.7719081670611021,2008-09-29,W
1144,1.6271122600883243,3.9067258900031447,-0.4119407846933016,2015-08-08,W
1145,6.9007291262969375,9.6620013944339,-0.1667160052311805,2023-10-03,W
1146,2.1912067434750497,8.134296294068918,-0.5755738513643323,2024-10-11,W
1147,0.357639561407268,2.1733757369220257,-0.717394389797879,2004-03-11,W
1149,2.4337404873222117,3.693029254674912,-0.2055387782440161,1995-06-13,W
1159,3.042479963041842,5.2589299264363945,-0.2669968105301682,2013-07-23,W
1160,1.9421222992241385,3.602045114384964,-0.2993998361387795,2011-04-22,E
1163,4.136251616291702,4.859144396614283,-0.0803625298191812,2023-07-28,W
1164,3.188725826796144,4.748218785505742,-0.1964853019501057,2023-07-22,W
1165,4.139951265417039,7.132023974787444,-0.2654435132804514,2006-04-13,W
1168,8.075858902651817,10.427907319972292,-0.1271118749027728,1989-12-15,W
1171,0.6176753221079707,6.000836929306388,-0.8133491943068076,1992-01-13,W
1173,0.9309935588389636,3.76872247364372,-0.6038085908150257,1996-01-28,E
1184,4.551927189808339,22.456696819979697,-0.6629278716191516,2011-06-18,E
1186,0.2751658479683101,3.1403568275272846,-0.838873359007167,1991-11-27,W
1193,3.51336529571563,2.383364586159587,0.1916317572946889,2005-05-17,W
1200,1.1872751247137785,6.327477538026869,-0.6840148497233125,1983-07-15,W
1201,0.2290624324232339,0.4923377837985754,-0.3649504747223794,1985-04-12,E
1206,3.579328376799822,9.445715811103582,-0.4503929007589495,2022-12-18,E
1207,1.5237214379012585,5.848525213077664,-0.5866330821421378,2023-10-21,W
1208,1.1715179975144565,11.449393177405,-0.8143528654503283,2022-03-11,W
1211,1.4532677554525435,10.347253231331706,-0.7536943060258987,1988-04-23,E
1212,2.503922552336008,3.232039117254317,-0.1269388825902294,1987-07-22,W
1214,0.3609563931822777,0.2307436689734459,0.2200654225625928,1991-12-14,E
1218,4.005874203518033,5.245167802087963,-0.1339625955453236,2001-03-02,W
1220,0.6288422988727689,3.4212303571403027,-0.6894661640504238,2010-11-22,W
1224,3.2984230662696064,10.951788037084045,-0.5370702872614115,2004-12-02,W
1226,0.7336972309276462,3.497023648582399,-0.653157345131716,2004-03-25,E
1229,0.330232004635036,0.7469667829573154,-0.3868689633909977,1981-06-19,E
1231,0.2090992741286754,3.0732849943451583,-0.8725930561284746,1981-08-07,E
1232,0.1998374499380588,0.3316035531461239,-0.2479411683387642,1982-04-17,E
1234,0.1946238353848457,1.198918397538364,-0.7206775212302723,1982-08-08,E
1235,0.1238565016537904,4.012363761663437,-0.940111264019132,1981-09-27,E
1254,2.937752936966717,12.12582641467452,-0.6099528713078486,2023-05-20,W
1263,6.310713704209775,25.33740533795208,-0.6011950223137813,2006-03-05,W
1268,1.8688086606562135,6.150356109719724,-0.5339143878025414,2022-08-27,E
1273,3.069445732049644,18.440189383924007,-0.7145980658899652,1993-03-07,E
1275,2.725068839266896,13.533744419924917,-0.6647887154092715,2024-06-27,W
1276,4.895664508920163,20.26510306028649,-0.6108493514393343,2006-11-20,W
1282,3.8987413123250008,14.602847172878684,-0.578550640076852,2016-05-06,W
1283,2.4007990388199687,12.45487737096846,-0.6767836115172222,2013-03-11,W
1288,2.9452471025288105,2.404321499168873,0.1011157429008713,2012-04-14,W
1296,2.407084421720356,8.111004692967981,-0.5422962487816968,2015-04-01,E
1301,0.9962675701826812,1.5610140971839428,-0.2208386092966411,1990-03-25,W
1307,2.5564199900254607,7.045765755698085,-0.4675337349802406,2013-09-25,W
1308,0.5356174940243363,2.6206194842234254,-0.6605974153930458,2014-11-19,E
1316,10.250942791812122,5.001424911199138,0.3441772440075801,2010-01-01,W
1322,8.104904698207974,5.286449774634093,0.2104682486965417,2010-08-07,W
1323,1.0307628377340734,10.166823751293125,-0.8158955361426626,2015-08-07,W
1326,1.313504735007882,3.532468671677634,-0.4578984964316985,1990-10-18,E
1331,2.535617512650788,9.093422606121749,-0.5639162842756263,2004-02-15,E
1335,0.6534449188038707,6.608479680493474,-0.8200353336448832,1993-06-21,W
1341,2.075299268588424,1.426916889846325,0.1851348830026803,2008-12-23,E
1344,1.1666426369920373,3.6982966540381312,-0.5203875866885662,2006-06-18,W
1350,1.9267869065515697,7.980020218528807,-0.6110175796853938,2002-12-27,E
1351,1.5212255315855143,2.895411203149706,-0.3111384870656027,1992-02-13,E
1352,0.4184048511087894,5.120439546182752,-0.8489198030860693,2005-05-12,W
1353,0.4090937003493309,7.948071246035397,-0.9020974928760372,1993-02-11,W
1355,0.5169246159493923,2.734690204262733,-0.6820505228746554,1999-04-24,E
1358,0.471803717315197,4.3078753054142,-0.8025793300880784,1983-12-07,W
1360,3.345878073945641,6.552717815618962,-0.3239691545599657,1998-03-03,E
1361,0.4845388946123421,4.06506273150444,-0.7869972211055746,1994-03-02,E
1363,0.1885715946555137,1.8102768324315548,-0.8113197658206373,1984-02-10,E
1364,0.4745855405926704,3.624504934065044,-0.7684434908050259,1984-03-01,E
1365,1.0512808188796043,0.0877834064885973,0.8458675032821008,1993-01-12,E
1367,1.0381691232323649,0.1352343540638685,0.769500676142768,1984-05-05,E
1370,0.1805995479226112,0.1786272283643484,0.0054904580851227,1984-06-24,E
1372,0.3625673721544444,2.5380840487778187,-0.7500096912449472,1994-09-27,E
1373,0.2060296949930489,2.488532812334597,-0.8470774424915427,1987-01-19,E
1377,0.6381280198693275,0.2043920308351516,0.514807913082887,1984-08-19,E
1379,0.2542832586914301,0.4480455890297889,-0.2758854786710891,1983-12-21,E
1386,0.1104004229418933,2.3572320863604546,-0.9105211796925458,1988-12-04,E
1387,2.1184765128418803,8.686054770834744,-0.6078540647028794,1995-03-29,W
1392,0.1264723837375641,0.4958150293678045,-0.5935242105999469,1981-11-12,E
1396,1.5742194838821888,22.52735285554081,-0.8693679016694137,1989-12-14,E
1397,0.2897918433882296,4.741073660552502,-0.8847944381889459,1988-11-16,W
1399,0.1627721386030316,1.4105616882443428,-0.7930863293906432,2001-04-10,W
1401,0.0718147438019514,0.0809506177902221,-0.0598033081124785,1993-04-23,E
1405,1.3212743187323213,4.338641366921365,-0.5331116602737913,2003-11-04,E
1406,0.7095153164118528,1.311706893146038,-0.2979343754913552,2007-04-19,E
1407,0.8476442657411098,7.837526730261743,-0.8048065452869907,2005-11-25,E
1410,0.8078973814845085,2.922195101156831,-0.5668217958431386,2009-03-27,E
1412,0.4199743261560797,1.1526261446997523,-0.4658855393477574,2009-03-28,E
1414,1.651009675115347,10.302301226183772,-0.7237569258009892,2009-08-26,W
1416,1.295947117265314,5.908964565489441,-0.6402600963541204,2006-11-23,SPLIT
1417,1.9453423582017424,5.487684458494186,-0.4765679160924354,2012-02-25,W
1418,1.5681628389284017,11.988833344075829,-0.7686562985250792,2006-02-01,E
1421,1.5789005002006888,2.415328332222998,-0.2094090917456418,2009-07-03,SPLIT
1422,3.3055314756929874,2.721724880859256,0.0968610857573657,2006-07-30,E
1423,3.626049231737852,0.4602254843339324,0.7747456956213931,2006-08-20,E
1427,1.7016726545989511,14.003492972813548,-0.7832977129984331,2011-08-07,W
1430,0.8773972867056727,3.0923126712441444,-0.5579539583495973,1989-01-05,E
1431,6.779982951469719,8.523718713317066,-0.1139420906158606,2008-09-07,W
1434,5.167159643024206,6.1765519035980105,-0.0889825394823512,2015-03-04,W
1436,0.5872686840593815,4.371766140684485,-0.7631520225954068,1993-04-02,E
1437,3.430944566149265,19.199532678350806,-0.6967854871921941,2013-09-15,W
1438,4.828111650422216,6.438674456439912,-0.1429478460620307,2013-09-25,SPLIT
1439,1.17539305659011,3.619755706749857,-0.5097574175064099,2023-04-09,W
1440,2.3064691917970777,2.5418383893556893,-0.0485466719301253,2015-09-22,W
1442,0.0860040672123432,1.3481839136220517,-0.8800658374465709,1989-10-25,SPLIT
1448,2.239386416040361,5.890676717739552,-0.4491097106648354,1989-02-19,E
1449,4.528845257125795,5.306408214149997,-0.0790587613522135,2013-06-12,E
1452,1.210516968742013,8.366704297252,-0.7472091465526461,1988-10-08,W
1458,0.8990715397521853,1.7066050246357918,-0.3099131703143557,1990-02-10,W
1462,0.530092628672719,1.491115901619196,-0.4754696304429334,1995-08-13,W
1465,2.890640643425286,3.5432107120286678,-0.1014275948495606,2006-04-03,W
1471,3.8751031374558806,8.12318991869688,-0.354057594806139,2015-07-07,E
1473,0.5565632246434689,6.759163310751319,-0.8478447159140953,2015-06-25,W
1474,0.5196735095232725,2.8151480071246624,-0.6883350386643916,2013-02-17,W
1478,2.95891599310562,14.479613073170183,-0.6606461494704656,1981-05-02,W
1479,1.2825062163174152,9.751450863666832,-0.7675346737310981,1981-01-25,W
1482,2.860262922011316,1.9302796348929403,0.1941290106645362,1992-02-18,W
1487,1.377531141974032,5.96951621863991,-0.6250109535542089,1983-04-26,W
1510,2.005578922107816,5.097540761809796,-0.4352963172931112,1980-12-26,E
1511,0.5047934567555785,4.208627545274794,-0.7858059118680362,1981-03-15,W
1518,0.6525146891362965,8.055515513755381,-0.8501349504001396,1986-01-18,E
1538,0.9057009341195226,1.684089507907629,-0.3005604473458957,1982-04-11,W
1542,2.639724307693541,10.810099055059254,-0.6074707843369671,1982-10-26,W
1550,1.6695441734045744,5.024120385758579,-0.5011569048170073,2001-09-18,W
1553,2.773208787664771,6.307545165531337,-0.3892117764761387,1982-11-08,W
1556,0.8900517397560179,3.56317320978269,-0.6002664361931616,1984-08-30,W
1557,7.813770344480872,4.224180097691715,0.2981894853307783,1987-02-03,W
1567,0.633768449537456,4.703044952824712,-0.7624918085922509,1997-02-12,W
1573,1.603074735030532,2.777438446879387,-0.2680881584144806,1990-01-20,W
1575,4.270117942243815,5.977306311484426,-0.1665968273558433,1995-08-07,W
1577,1.3649250017479062,1.748618420213461,-0.1232336815215266,1981-02-20,W
1581,1.471318489406258,6.533558958210051,-0.6323944997197419,1986-09-21,W
1582,1.5412680744193494,8.887890635058284,-0.7044309867450661,1981-05-18,E
1589,2.0852173967286944,4.162175319157541,-0.3324519550607254,1980-11-16,W
1590,1.8035136219114063,5.718151394277811,-0.5204483002021804,1981-10-21,W
1591,1.0837066434323788,1.8687330181710424,-0.2658907428143892,1981-11-23,W
1593,1.8759523923508823,5.730778044089675,-0.5067651185943809,1981-11-24,W
1597,1.6010638833977282,4.338235554285348,-0.4608576650506327,1981-12-01,W
1601,0.3623957796953618,1.2692446894943714,-0.5557896650165778,1982-05-19,W
1608,1.3704049438238144,0.8023999072611332,0.2614155782461538,,W
1611,0.2139422828331589,1.1010366771370173,-0.6746072913009216,1981-12-06,E
1612,1.6351454383693635,7.652985580265522,-0.6479064657703307,1986-08-24,W
1613,3.05646219663322,3.5886789057403803,-0.0800911073080112,1980-07-16,W
1614,0.7244728258810937,6.44053984247148,-0.7977748653309589,1989-07-16,W
1616,0.617022093385458,4.386331779882312,-0.7533566047836437,1981-10-11,E
1624,2.051358856726438,4.094140077009797,-0.3324028272251431,1983-05-24,E
1632,1.634753148071468,7.682769624516368,-0.6491013356294146,2004-11-21,W
1634,1.879248988814652,4.253894904628396,-0.3871824886339441,1981-10-16,W
1637,3.553915717639029,8.204885058570653,-0.3955309244069374,1992-01-06,W
1648,0.2586148483678698,1.3030870109796524,-0.6688038157600026,1980-09-24,E
1650,0.9841088159009814,1.4585674367845058,-0.1942372102572777,1983-08-12,W
1655,1.2435198752209544,2.1667905589565635,-0.2707292199802357,1983-05-31,W
1662,2.4923071078956127,0.5190677235368639,0.6552619633270449,1987-02-11,E
1667,0.8233378091827035,4.832131236791611,-0.7088348278489376,1987-11-11,E
1668,0.4010399086400866,1.580117237754166,-0.5951457870262485,1992-02-26,E
1680,3.350743416696787,8.000736724119633,-0.4096376199172913,2014-09-23,W
1684,0.1988218268379569,3.844340216368437,-0.901650329759856,2008-06-11,W
1690,0.3683530511334538,3.729324603453279,-0.820213749257925,1999-12-16,E
1696,2.538223911076784,5.237103836378083,-0.3471081879711614,1989-04-28,E
1697,1.1844661994837224,10.631911784410477,-0.7995212744381472,2006-01-30,E
1698,5.240255389362574,11.54582321154885,-0.3756426960757548,2003-04-09,E
1699,0.5254438011907041,2.1232392857782543,-0.6032414721292296,1994-06-10,W
1700,3.559925037901849,15.237076135352254,-0.6212241511196468,2006-10-14,W
1701,3.5438951309770346,10.310781043022873,-0.4884189155387324,2024-10-27,W
1702,2.3301590150222182,9.954961482435465,-0.6206534538257499,2006-02-06,W
1706,1.0094153713434937,4.897254787385464,-0.658211701612593,1991-11-29,W
1713,0.7925363946706057,7.852125506848097,-0.8166414363685455,1995-07-29,W
1724,1.0377644142135978,0.7255246653221548,0.1770780256709092,1989-07-22,W
1732,2.6765001341700554,3.4843100989237428,-0.1311207348043725,2005-02-01,W
1738,1.4023778028786182,8.15600840933621,-0.7065659889141436,2012-04-12,W
1741,0.4347770749591291,11.976172944530845,-0.9299365359981586,2010-06-11,W
1748,2.917781860101968,11.134941915981472,-0.5847378904482444,2023-05-19,W
1754,0.6109491409733891,5.115076275542378,-0.786606207086821,2022-10-06,W
1758,1.2393398424610496,3.852605420164764,-0.5132155675129141,2023-05-19,W
1772,0.4311004462651908,7.377038466278464,-0.8895766453199034,2023-05-04,W
1773,7.083668006584048,4.162586494116113,0.2597381654741867,1997-03-05,W
1775,0.6469180737622082,4.579418069683015,-0.752439163495468,2004-05-01,E
1786,1.2643918124958873,5.495540753006935,-0.6259158504187974,2007-03-15,W
1788,1.242528882808983,11.228670420125129,-0.8007362639907369,2016-01-07,W
1789,3.597648411057889,3.3634239146485925,0.0336477607831048,2006-12-18,E
1797,2.78848177799955,8.175178669393063,-0.491322849447977,2004-11-30,SPLIT
1798,0.8256822470575571,0.991460935678333,-0.0912303940579346,1988-07-07,SPLIT
1802,1.1349828173406422,3.405800696462393,-0.5000938433242716,2004-08-19,W
1803,0.6311881868168712,1.8435833677649496,-0.4899018572857547,2009-02-07,E
1804,1.810177695006132,7.196115504950285,-0.5980193727170262,1988-07-02,E
1806,0.9821476731449366,6.771680710837245,-0.7466676783370069,1999-12-12,W
1817,0.7317340169101954,2.840204119682312,-0.5902874076041323,2003-04-18,E
1821,0.6196692055091262,3.153669888153672,-0.671553926043818,1988-11-03,W
1826,4.340396796353161,6.425297459587455,-0.1936615153345666,1993-03-08,W
1831,1.5982542354613545,9.26885073678568,-0.7058546430639236,1993-06-21,W
1841,0.5309497658163309,5.537756219506264,-0.8250204352951465,2007-06-03,W
1846,1.4261534251272678,9.468154279515147,-0.7381837444301473,2009-10-26,W
1847,1.0726367644965649,1.380493750795722,-0.1254955594004956,2005-10-26,E
1852,1.180761597584933,10.592090846505016,-0.7994094289055524,2006-02-12,W
1853,0.1384489610791206,0.8722000867128372,-0.7260197070744514,1994-05-30,W
1859,2.575654350221157,6.029192641377449,-0.4013480186838619,1990-10-18,W
1860,2.481021241284907,5.5714890086092055,-0.3837893615055694,2003-01-09,W
1862,1.0208722138777375,5.276364705991,-0.6757713813634457,2003-12-28,E
1864,1.6614649491384623,5.845600984990597,-0.5573597025209829,1990-10-17,W
1865,2.207118295133114,0.8711711594369262,0.4339900959321423,2004-11-07,W
1866,3.2807715237140656,1.1679338524118066,0.4749331530562574,1990-12-05,W
1868,0.2778976284898817,9.641815580427648,-0.9439706324895498,2007-11-15,W
1869,4.73515681643039,5.529764070175588,-0.0774099734935075,2003-10-07,W
1870,3.215600648894906,2.399490274954587,0.1453423257090695,1995-06-08,W
1871,7.722478716634214,2.0410455295350403,0.5819039358997564,1991-11-11,W
1876,0.2436650646850466,0.6422560201026499,-0.4499169985469668,2003-04-28,W
1880,0.307043997105211,2.240139227360487,-0.758914871803149,1991-07-28,W
1881,6.389397849794477,10.01318985177204,-0.2209280674433617,2012-08-09,E
1887,3.2729570865631104,0.3575685410760343,0.8030210620995092,2010-11-03,W
1889,0.1868362291716039,6.046837002038956,-0.9400558154904148,1987-10-06,E
1890,12.407719197217377,7.490065889665857,0.2471457645199427,2015-10-22,E
1891,12.105334603693336,6.9852245359215885,0.2682011579821521,2015-10-21,E
1898,1.3298274260014296,6.66412380291149,-0.6672915838685687,2001-10-01,E
1900,0.9006153764203191,5.176514031365514,-0.7036050029585251,1981-10-24,E
1902,0.1608979296870529,4.487561583518982,-0.9307736555603352,1988-07-31,E
1907,1.910735064186156,5.0644083227962255,-0.4521302407195351,1997-05-19,E
1908,4.6428320007398725,1.6379485013894737,0.4784251731661674,2005-04-24,E
1916,0.2221997240558266,0.5475434469990432,-0.4226652930183674,2007-10-17,E
1917,2.5919688548892736,1.0840371875092387,0.4102092461185762,1998-03-20,W
1919,4.651334558613598,4.3982311063446105,0.0279685745857427,2010-12-04,E
1920,3.3132978631183505,20.035387956071645,-0.7161897771226551,1992-03-08,W
1921,1.9681812366470692,4.511682204902172,-0.3925238535037084,2002-02-16,E
1924,0.7160177798941731,12.10844311118126,-0.8883356133289165,2004-09-21,W
1925,0.6581500861793756,6.2146954126656055,-0.8084781372459527,2008-04-30,W
1929,0.4312794487923383,4.604617141187191,-0.8287179090806128,2007-09-21,W
1931,1.7428510952740908,0.9890194372273982,0.2759397449761854,2006-04-11,W
1932,1.2262407084926965,10.428450138308108,-0.7895713023001906,2008-06-21,W
1933,1.3343580206856132,10.281629359349608,-0.7702549121257822,2004-02-11,W
1934,0.5431339051574469,3.522642130497843,-0.7328264516319944,1989-11-14,E
1936,1.6127188988029957,4.760650165379047,-0.493919500796956,2004-02-12,W
1938,1.3403588733635845,4.753160990774632,-0.5600707298085008,2006-05-11,W
1941,2.293704582378268,6.608014793135226,-0.48466032557981,2003-06-19,W
1942,0.4007436335086822,3.2871499098837376,-0.7826707149792412,2004-08-10,W
1944,1.0691703986376524,4.4225297989323735,-0.6106231730890752,2005-06-09,SPLIT
1945,1.6785317682661116,4.32466831151396,-0.44078766459244,2006-02-23,W
1946,0.8239505686797202,5.632403599098325,-0.7447628964370598,2008-01-14,E
1947,1.667659864295274,6.721396279521287,-0.6024201446011824,2006-01-27,W
1948,10.501274038106205,7.139675420010462,0.190556558538796,2006-03-03,W
1949,1.9371047937311232,8.27081017382443,-0.6204700372430112,2005-11-19,W
1955,2.108712162356824,3.5758648584596813,-0.2580935557263089,2006-02-04,W
1960,2.2619516011327505,3.979111975990236,-0.2751390614176036,2003-03-12,W
1961,1.010003220755607,5.656945677474141,-0.697011860695636,2004-03-14,W
1966,0.6622571987099946,5.247848588973284,-0.7758899002821461,1981-05-02,W
1967,1.348758869804442,7.270891210064292,-0.6870502033592237,1992-02-26,W
1968,1.047433139756322,4.367312345653772,-0.6131182370144957,1989-05-19,W
1972,2.0539235253818333,7.573294939938933,-0.5733090439817529,2004-11-24,W
1974,0.0626918668858707,1.3996995985507965,-0.9142611696415937,1994-01-05,W
1977,2.179761549457908,4.047595778014511,-0.2999401078714759,1982-08-06,E
1980,0.1290159681811928,0.9401606563478708,-0.7586629463800718,1984-02-19,W
1981,3.084637784864753,8.72052131826058,-0.4774085197973561,1982-02-28,W
1985,7.343077129684389,15.31452547153458,-0.3518222330115799,1981-03-08,E
1987,2.472962842322886,4.918895984068513,-0.3308955432174245,1983-08-28,E
1990,5.20906299771741,19.766275245696303,-0.5828634673973722,1997-12-03,W
1993,0.3345883400179446,4.595161016099155,-0.8642574638796995,1983-08-31,W
2000,1.0327081345021725,3.045456224586814,-0.4935426610745458,1982-05-07,W
2001,1.15526532381773,6.059480194700882,-0.6797488363649788,1980-10-30,W
2002,0.8242995049804449,5.550189707428217,-0.7413755118210181,1980-06-19,E
2003,1.7769377334043384,3.61889754422009,-0.3413669461804534,1980-10-06,E
2008,0.0743523892015218,2.757706619799137,-0.9474923446399288,1984-02-16,E
2014,0.8937714947387576,6.985358972102404,-0.7731294085050306,1993-04-09,E
2015,2.6277708103880286,5.050934692379087,-0.3155693210421374,1982-10-16,E
2020,0.1577366013079881,4.364784810692072,-0.9302439559976808,1982-04-29,E
2030,2.509960032068193,14.045570072252303,-0.6967828856880256,1986-05-04,E
2036,0.3464039023965597,8.436112143099308,-0.9211151108400936,1981-08-10,W
2037,0.4919727146625519,2.256560370326042,-0.6420107021088199,1982-10-10,W
2040,2.3368225190788507,6.049012282863259,-0.4426738483954209,1988-11-13,W
2041,3.944992047734559,9.75024376064539,-0.4238884086507108,1987-02-22,W
2045,2.0620747646316886,8.449184359051287,-0.6076445760934729,1984-02-08,W
2046,1.275989092886448,1.152882895898074,0.0506845142752579,1982-10-14,E
2047,1.5156756658107042,3.7583724106661975,-0.4252325182354431,1982-09-30,W
2048,0.4828531201928854,3.790595921687782,-0.7740218191623609,1983-10-07,W
2049,0.7266131825745106,2.8610328999347985,-0.5949359742493927,1984-12-12,W
2053,0.2960683703422546,1.3071504943072796,-0.6306575766156657,1980-10-17,E
2054,3.562147649936378,3.5193055011332035,0.0060499092332055,1992-09-11,W
2055,2.6898427032865584,13.926658219657838,-0.6762443891454057,1985-05-05,W
2057,2.2438707728870213,2.875434670597315,-0.1233690594715346,1984-05-03,W
2058,4.278194850310683,4.71725940098986,-0.04880960298538,,W
2061,0.233181623276323,6.130928866565228,-0.9267198067510006,1983-10-29,E
2065,0.1852162275463342,1.5567733608186245,-0.787350936212457,1984-09-09,E
2072,0.3976806132122874,6.882702065631747,-0.890752826944565,1993-07-13,W
2074,0.0963723044842481,3.545637607574463,-0.9470774068101064,1982-02-11,E
2082,2.85557929193601,16.281746414722875,-0.7015696617482187,1983-12-11,W
2085,0.2863676454871893,2.53999653365463,-0.7973596979462576,1986-11-15,E
2087,0.3175411466509104,2.4598931251093745,-0.7713420980795743,1992-06-03,E
2088,0.1294302809983492,0.0416933270171284,0.5127109870940335,1992-09-19,E
2090,1.27874362654984,2.025373903568834,-0.2259696485409074,1994-05-14,E
2094,0.3368573505431413,5.7696334179490805,-0.8896723623061299,1980-10-30,E
2095,0.3099882723763585,5.818780170753598,-0.8988415779603195,1980-11-01,E
2096,0.6539286924526095,9.679037254769357,-0.8734286562458176,1980-11-06,E
2098,1.509248061105609,6.44444194668904,-0.6204911029655795,1984-08-05,E
2102,3.5471537932753563,4.607602888951078,-0.1300405563279252,1985-06-30,W
2104,0.3964350074529648,2.180859943851829,-0.6923634935515549,1990-08-25,W
2110,0.1861683325842023,3.825530041009188,-0.9071872731957664,1984-02-21,E
2119,6.191103842109442,8.764880315866321,-0.1720900775616399,1981-03-10,W
2123,1.946110944263637,6.563761153258383,-0.5426227510915014,1983-04-24,W
2124,2.9549582549370825,5.058459776919335,-0.2624974154124698,1986-09-26,W
2125,0.0534700425341725,0.8907766938209534,-0.8867456132472008,1981-08-26,E
2127,0.4705787468701601,0.3805718314833939,0.1057473467982219,1987-04-29,W
2133,0.2444982398301363,4.020837678574026,-0.8853556931937704,1984-02-04,E
2134,0.6310606272891164,1.5031465236097574,-0.4086228911532472,1983-08-15,E
2136,0.7795922248624265,7.069464830681682,-0.8013539156752162,1985-10-22,W
2137,0.9445083821192384,5.816543573979288,-0.7206031285508333,1981-04-28,W
2138,0.1697505284100771,1.2767711663618684,-0.7652983304377994,2003-03-23,W
2144,1.5446709282696247,5.114640875719488,-0.5360869189682357,1999-05-05,E
2157,0.200341320130974,3.145780675113201,-0.8802546228642242,1985-09-01,E
2162,1.299909591674805,11.140933774411678,-0.7910254870310914,2002-03-11,W
2164,3.3984971437603235,7.374612246640027,-0.3690777619340198,2013-12-01,W
2170,3.3244044478051364,5.69871568819508,-0.2631363879238084,2012-04-04,W
2174,0.7861090898513794,0.94381459383294,-0.091163272385285,2007-01-30,W
2175,10.370179645717144,11.543505076086149,-0.0535430460584082,2005-11-20,E
2179,1.4945940217003226,5.844357514753938,-0.5926954921894152,2007-12-13,E
2182,1.0299491211771965,3.349328599870205,-0.5296260311478368,2017-07-11,E
2184,1.2630090033635497,2.280107649508864,-0.2870632682444882,2009-12-18,E
2187,3.879182666540146,0.031428035814315,0.9839267888282076,1982-02-25,E
2188,1.197792423889041,1.20190403284505,-0.0017133871013016,2017-07-11,E
2194,2.818341637495905,7.757944542914629,-0.4670451254020926,1995-12-31,W
2204,1.025855720974505,4.793275046162307,-0.6474196019899444,1990-11-28,E
2205,1.340497653931379,0.5036728354170918,0.4537676008520646,2005-09-25,E
2210,2.8684595990926027,1.7013548607937992,0.2553943378978149,2005-06-05,E
2234,1.4735777247697115,1.3845859910361469,0.0311359819038365,1988-01-21,W
2237,0.8263075212016702,7.585991804488003,-0.8035477604372268,1989-10-17,W
2243,0.4780300264246762,5.812237020581961,-0.8480096241215764,2005-01-21,W
2246,0.4740988677367568,5.091532068327069,-0.8296333791501929,2007-10-22,W
2251,0.5783301698975265,8.969218086451292,-0.8788526322423362,1991-11-03,W
2263,1.133990382310003,7.757708065677434,-0.7449327844519862,2007-01-27,W
2264,0.8151405546814203,1.6126583041623237,-0.328494161110364,2006-04-08,W
2265,0.6602736292406917,3.526048501953482,-0.6845567022561224,2008-01-08,W
2269,2.9145382968708877,10.94927467382513,-0.5795473722803899,1991-01-06,W
2271,2.357840533368289,9.90171976480633,-0.6153466395169709,2013-09-25,W
2272,1.757031938061118,0.3197955384384841,0.6920345651649111,2007-02-11,W
2273,1.121231535449624,3.1052798237651587,-0.4694293046177141,1991-12-19,E
2275,8.225908342283219,19.942072082776576,-0.4159390756346022,2024-02-04,W
2276,1.1359994802623987,5.350865407846868,-0.6497539258617626,2014-06-10,E
2278,1.207548726350069,1.9292696486227212,-0.2300805580682313,1993-07-26,W
2281,1.333333283662796,3.4109761714935303,-0.4379231387556774,1994-06-11,W
2282,2.253861263394356,9.054720531217754,-0.6013892273444064,1999-05-14,W
2283,0.8461601994931698,1.2258005642797798,-0.1832275839505369,1995-05-16,W
2286,2.690833907574415,6.892099592834711,-0.4384112323309446,2015-05-17,W
2292,0.0581118967384099,1.2924185022711754,-0.9139421122523662,1994-12-12,W
2294,1.93481488712132,3.3807804649695754,-0.2720232602504649,1999-07-15,W
2295,0.9103188114240766,3.5188182862475514,-0.588940784017311,2003-07-18,W
2296,1.4902416318655014,3.2638358464464545,-0.3730680079724606,1994-05-26,W
2298,0.2569917058572173,6.110340390354395,-0.9192780580706384,1995-05-18,W
2300,0.0618564691394567,0.242267882451415,-0.5932159406756959,1992-01-31,W
2301,1.2091416763141751,2.2995362617075443,-0.3107707816602427,1994-03-30,W
2302,0.1112300185486674,1.3868036605417728,-0.851498641049741,1982-07-14,W
2303,0.9312996249645948,1.7296135053038597,-0.3000150103579008,2012-10-25,E
2309,0.9766497518867254,6.939863009378314,-0.7532626343594662,1991-11-15,W
2314,1.1220463179051876,0.3545928066596389,0.5197299045365614,1993-07-07,W
2322,0.8822051780298352,6.730151447933167,-0.7682175911146002,2016-01-09,W
2328,0.3905072789639234,3.124270688742399,-0.7777912103966271,2005-07-15,W
2332,2.2261386094614863,6.221689701080322,-0.472967837974693,1992-05-22,W
2341,0.6222949912771583,21.35846849484369,-0.94337821871651,,E
2342,0.442707147449255,1.3608734058216214,-0.5090797063134888,1990-03-02,E
2346,2.0704127810895443,4.038840739056468,-0.3222043333895817,2004-08-29,W
2347,1.5122437803074718,6.184673136100173,-0.6070520711782401,1994-05-21,E
2352,1.6219479739665985,3.4756383132189512,-0.363640796804528,1990-05-01,SPLIT
2353,7.029385559260845,2.6495287355501205,0.452515301851406,1995-11-29,W
2354,0.8652996229939163,9.17914810962975,-0.8277058836826047,2003-04-24,W
2355,0.2657442577183246,0.5234291199594736,-0.3265250317985629,2009-08-02,W
2361,0.9824200375005604,3.8197523783892393,-0.5908434964766578,1988-07-14,E
2362,1.2628030572086573,0.3784275748766958,0.5388489984541247,2005-04-12,E
2369,1.763766341842711,5.221290228888392,-0.4949886736111714,1993-09-18,W
2370,0.6054878127761185,3.161485718563199,-0.678528236134868,1999-03-19,E
2376,0.568192076869309,7.322062052320689,-0.8559762290120136,2010-02-17,W
2377,1.2180585246533155,0.8003867529332638,0.2069274685609747,1994-06-17,W
2379,0.4614179898053407,4.906551320105791,-0.8280847139145087,2009-07-27,W
2382,1.023186745122075,6.019335048273206,-0.7094260337022997,2009-07-23,W
2385,1.0899015348404646,4.2893714383244514,-0.5947773833832737,2011-01-10,W
2392,1.099690182134509,0.8941173427738249,0.1031056592937838,1994-03-16,E
2396,0.0923103662207722,0.5565801113843918,-0.715482444551147,1991-10-30,E
2405,0.1905516237020492,2.023698068689555,-0.8278860560692692,1990-10-30,E
2406,1.92199841234833,3.143443359062076,-0.2411329557882587,1992-11-17,E
2416,0.8676708834245801,2.1520701870322227,-0.4253342500696337,1989-06-21,E
2418,5.631060193292797,7.363610497675836,-0.133327757631214,2007-12-20,W
2419,4.029703716747463,18.222260573878884,-0.6378114161862738,2022-03-05,W
2420,3.593231846112758,17.952703826129436,-0.6664585005011149,2022-03-04,W
2421,1.575559003278613,8.663995907641947,-0.6922602560393296,2022-03-04,W
2425,0.2795076537877321,0.3983717057853937,-0.1753469113919286,,W
2428,0.795460538007319,5.720805521123111,-0.7558538798786101,2011-04-10,E
2429,1.408420117106289,3.776574085466564,-0.4567322307100582,2014-01-28,W
2432,1.2545291655696929,4.80855203513056,-0.5861743809648815,2013-11-16,W
2433,0.5085812006145716,6.364251525141299,-0.8520024505444183,1999-04-07,SPLIT
2437,2.280453521758318,0.6827980987727642,0.5391561796222618,2016-01-28,W
2441,0.1726671811193227,0.3778418488800525,-0.372699913315845,2008-08-22,W
2443,0.1445517672691494,5.903392422944307,-0.9521980485522556,2023-03-07,E
2450,1.863426229916513,4.668552713934332,-0.4294451204038424,1999-08-06,E
2452,1.0165196806192398,1.0181770576164126,-0.0008145572585962,1981-11-15,E
2453,6.6316741881892085,10.332820576615632,-0.2181701512328406,1997-01-05,E
2464,0.6356250885874033,9.048017642460763,-0.8687219042995328,2012-03-07,W
2471,0.0961963543668389,1.7780505046248436,-0.8973493231099345,2013-01-10,E
2474,0.0348591543734073,0.3525895476341247,-0.8200579628054105,2008-12-15,W
2479,2.1787989791482687,1.4328448069281876,0.2065414576862933,2014-02-06,E
2484,1.801367735490203,10.957612186670303,-0.7176313864462086,1997-11-19,W
2501,0.3830949878320098,5.987274829298258,-0.8797259817468409,1995-08-26,W
2502,2.8509633392095566,0.0869317720644176,0.9408203705222196,2012-08-05,E
2503,2.8481760788708925,2.3283560411073267,0.1004185863654319,2023-07-21,W
2509,4.546834368258715,27.51284461468458,-0.7163518467743782,2022-06-21,E
2517,1.3347100969403982,8.966393277980387,-0.7408607508608693,2015-08-22,W
2519,5.0886542638763785,7.908277914393693,-0.2169453230841124,1996-02-25,W
2524,3.3600603211671114,5.5906484867446125,-0.2492079916180031,2000-04-24,W
2525,0.0546605959534645,1.1085084080696106,-0.9060143525749708,2007-06-13,W
2529,0.0575167573988437,1.7570710629224775,-0.936606256522622,1986-07-28,E
2530,0.2370290094986558,1.7277965247631073,-0.7587276779888823,1990-11-22,W
2532,0.1673629954457283,0.1366319330409169,0.1010907075249459,1984-06-03,E
2534,2.0137419290840626,0.5951665597967803,0.5437428623244934,1981-11-19,W
2536,5.8705644980072975,4.787714374717325,0.1015970905078276,1981-01-16,E
2540,2.5899915215559304,6.860572661273181,-0.4518863696493474,1983-03-20,E
2543,0.4600731832906604,4.5347573813050985,-0.8157802642787733,1984-02-19,W
2544,0.0987986903637647,0.2507397010922432,-0.4346904787629506,1995-12-10,W
2547,0.2400592328049242,3.118829347193241,-0.8570603179665555,1985-06-27,E
2552,0.6626855162903666,4.020086678676307,-0.716968714812555,1987-02-01,W
2556,1.1382038360461593,0.9205965138971806,0.1056961750345834,1983-04-21,W
2562,0.838557512499392,2.7122280169278383,-0.5276777459240565,1981-06-03,E
2564,2.3804687103256583,1.7340037091635168,0.1571197799503648,2001-10-11,W
2570,1.4155005989596248,9.995695151854306,-0.7519102064550883,1984-02-28,E
2573,5.536451954394579,17.040063126711175,-0.5095388340932848,1984-04-30,E
2579,1.0953094568103552,2.974965085275471,-0.4618006989527095,1980-09-21,E
2581,0.4845978012308478,0.7639737739227712,-0.223756473598501,1981-09-10,E
2582,2.8548854966647923,9.32224470935762,-0.5311070098842953,1981-11-01,E
2583,1.08198249200359,11.868666302412748,-0.8329068281937346,1982-04-08,W
2584,1.6544973379932344,6.745257896371186,-0.6060605834739594,1982-04-04,W
2586,7.775258154608309,4.824927043402568,0.2341498212003471,1982-03-17,W
2591,3.9808027991093695,13.728746387409046,-0.5504343157261086,2011-04-11,W
2592,6.633737524971366,20.81136110960506,-0.5165812582204257,1986-02-09,W
2595,3.3327247444540262,2.57626467756927,0.1280185176952996,1981-09-22,W
2597,0.2978354953229427,0.1694792564958334,0.2746676374483701,1987-03-24,E
2601,0.2256589941680431,0.7092037610709667,-0.5172361014412022,1983-09-14,W
2602,0.479222915135324,8.851049404591322,-0.8972756852717858,1988-10-03,W
2603,1.3349902210757136,1.9554365915246308,-0.1885610608547177,1988-10-16,E
2607,0.9817339228466152,2.0542367110028863,-0.3532652049390948,2011-01-24,W
2612,0.9218182084150612,5.426746198907495,-0.709597902999244,1997-03-25,E
2616,1.1678798072971404,4.112838777713478,-0.5576814827389364,2005-03-09,W
2617,2.857898135203868,11.613813837058842,-0.6050366203139231,2011-03-18,E
2631,0.8762646410614252,0.0854814257472753,0.8222370151586189,2014-11-11,W
2632,1.8439576905220747,1.7573490641079843,0.0240492222171068,2006-09-17,W
2634,2.8924333890900016,12.898449651896954,-0.6336578034828461,2013-01-16,W
2637,2.931670772843063,10.79958572331816,-0.5729930798885096,2009-04-17,E
2639,1.104985514190048,7.951965019106865,-0.7559917082183314,2012-02-17,W
2642,3.1292337574996054,10.469351670704782,-0.5397706954122401,2014-05-09,SPLIT
2645,2.240103736985475,16.829230438917875,-0.7650569530826591,2016-06-19,W
2646,4.059993370901793,25.50643712002784,-0.725364658263521,2022-10-09,W
2647,3.4405031157657504,26.69032313395292,-0.7716290228982181,2022-10-09,W
2656,1.0063634971156716,4.262537551112473,-0.6179987105833364,1994-08-07,W
2657,0.5428255847655237,6.373175334185362,-0.8430232756972251,1997-04-23,W
2659,1.7807526402175426,3.618093150667846,-0.3403209837094915,2007-08-14,W
2664,1.3221109611913562,0.9795683426782488,0.1488229128780332,2004-02-19,E
2667,0.5551142003387213,4.668538657948375,-0.7874612975253703,2003-01-14,E
2670,0.1564450562000274,3.190250366926193,-0.9065077418641568,2002-05-14,E
2675,1.3815081492066383,1.0739710181951525,0.1252452617371517,1994-07-07,E
2679,1.455752252601087,11.360989798326043,-0.7728358350636904,1998-06-23,SPLIT
2682,1.242883807979524,6.991375542245805,-0.6981188580255583,1989-02-13,SPLIT
2686,2.932641805149615,3.4935745829716325,-0.0872881870051567,1989-10-31,E
2687,9.753392395563424,12.07007660367526,-0.1061556349356076,1988-06-07,W
2689,1.987554060295224,2.2228256445378065,-0.0558789469682417,1988-04-19,W
2692,0.5605371631681919,7.895006161183119,-0.8674154594999657,2009-09-22,W
2695,2.9052500459365547,4.520826518535614,-0.2175545132847245,1995-04-30,W
2696,1.6238772124052048,0.1233974522911012,0.8587543735569722,1993-09-28,W
2697,0.415018355473876,4.125355668365955,-0.8171875914648546,1993-03-23,W
2699,7.420751822646707,16.158751864451915,-0.3705760798767694,2016-01-07,W
2704,0.6833342821337283,3.84163630194962,-0.6979718345406638,2012-08-25,W
2706,2.6733862534165382,3.1472410038113594,-0.0814095679819249,2004-02-28,W
2708,1.8471707147546117,9.207008743658662,-0.6657968650311583,2010-12-07,W
2713,8.102628292515874,11.67600046051666,-0.180668347266123,1995-04-17,W
2716,1.294929985422641,9.53313896432519,-0.760819774710951,1989-03-19,E
2717,0.8504035603255033,2.6180903865024447,-0.5096410295866423,1992-06-02,E
2718,3.470252403523773,21.429921032860875,-0.721266808651756,2001-03-04,W
2721,0.8221471700817347,8.562410935759544,-0.8247872386084085,1988-10-21,E
2725,2.951758025214076,9.678540944121778,-0.532590949370131,2006-03-03,W
2727,1.29397528572008,13.091506261378528,-0.8200998303068318,1985-12-31,W
2736,0.4553544148802757,7.586629809811711,-0.886755705517898,2001-04-29,W
2738,1.0756179494783282,5.448124987073243,-0.6702451460948485,1991-09-30,W
2743,1.9981598369777205,1.7196571961976588,0.0749102600517482,2002-09-22,W
2744,1.2611182895489037,4.177514770068228,-0.5362370376066695,1986-03-14,E
2746,0.1422763424925506,5.262593805789948,-0.947352539990906,2011-11-19,E
2748,1.0792439677752554,6.846999580040574,-0.7276783229622013,2014-01-28,W
2755,0.7340175830759108,6.031253554858267,-0.7830042379349663,2005-08-23,W
2757,1.7428600378334522,2.245873166015372,-0.1261084917127131,2013-01-27,W
2762,0.1244437908753752,4.927577018737793,-0.9507350442266372,1995-05-16,W
2766,4.044340853113681,15.691027377732098,-0.590142853600999,2024-08-17,W
2768,2.2453650888055563,10.834300914313644,-0.6566632376896449,2004-11-20,W
2769,0.3947430495172739,6.148941870778799,-0.8793514497333551,2010-02-21,W
2770,0.8808243121020496,2.2542719542980194,-0.4380878689165796,1991-07-09,E
2782,0.4769797716289758,0.258991633541882,0.2961910429606855,1993-07-30,E
2789,1.4258784991689026,3.000347920227796,-0.3557137100259638,2003-07-28,E
2800,1.3070617029443383,3.360855645034462,-0.4399807856450099,1989-04-01,SPLIT
2801,0.717116785235703,0.8885418586432934,-0.1067630869493842,1991-12-12,W
2802,2.536972085945308,5.756083165295422,-0.3881694962623229,1991-06-24,E
2808,2.129587406758219,10.39877525018528,-0.66003739433927,1988-10-31,W
2815,1.947817919775844,9.34068578761071,-0.6549023731990928,1987-06-21,W
2817,2.6217709854245186,6.56757172010839,-0.4293887888529473,2001-05-13,E
2827,3.9859107746742666,29.880277798511088,-0.7646082454149787,1982-06-21,W
2828,2.577943922951817,3.692868500947952,-0.1777958743825084,1982-05-17,W
2829,1.132013950496912,3.055581783875823,-0.4593489809891081,1987-02-28,W
2834,0.1680018547922372,2.169068505987525,-0.8562286719201627,1983-06-24,E
2835,0.578835841268301,1.7208104822784662,-0.4965870748543584,1983-08-03,E
2837,1.818279568105936,1.1964416168630123,0.2062671514510627,1991-12-26,W
2841,0.1776733277365565,0.8751164302229881,-0.662471397743755,1985-01-10,E
2842,1.3946072980761528,0.0412761471234262,0.9425076634710272,1987-02-16,E
2843,0.2024070434272289,1.8068983815610409,-0.7985303369906446,1981-02-02,E
2844,2.6591822495684028,14.218390634283423,-0.6848857039020101,1980-06-22,W
2845,0.8330711405724287,0.3138217190280556,0.4527444889009063,1980-08-25,E
2846,1.578517914749682,3.825123993679881,-0.4157577643006149,1981-10-11,E
2847,2.314893166534602,1.532696601934731,0.2032952086029809,1985-06-09,E
2863,0.2111198273487389,4.603835195302963,-0.91230662535538,1989-01-09,W
2869,2.9167345836758614,13.691805897280574,-0.6487668995333394,1981-06-11,W
2876,0.9288496170192956,7.994274349883199,-0.7918106662050274,1981-10-01,W
2877,0.49136812845245,6.9717593332752585,-0.8683211211458707,1990-11-29,W
2878,0.3059536144137382,5.734169289469719,-0.898692917583688,1990-12-06,W
2884,2.7529261740855877,10.14459417713806,-0.5731076828539851,1987-04-27,E
2895,2.649380645249039,10.861973695456982,-0.6078290038967474,2004-05-23,W
2898,2.5931366495788097,2.188587916083634,0.0846031024873651,1990-04-29,W
2899,0.8641776498407125,11.498834693804383,-0.8601995006038553,1990-10-21,E
2903,1.1504079177975657,3.6083456221967936,-0.5165087209794069,1981-06-20,E
2906,2.0534202908165757,9.933029224164784,-0.657376391858086,1988-10-05,E
2913,3.193299124483019,9.39696809835732,-0.4927352902104863,1986-08-19,W
2919,4.504065897315741,9.141691624186931,-0.3398584299598602,1984-11-27,W
2935,2.9347445419989526,19.762034511193637,-0.741395505051937,1982-06-24,W
2937,2.373697486706078,7.133469928056002,-0.500650954558639,1994-05-20,SPLIT
2940,0.27344985678792,3.914383351802826,-0.8694074748595951,1994-07-28,W
2941,3.664757030084729,12.910830502863972,-0.5578127142944093,1982-04-25,W
2942,0.2168963635340333,1.4516938794404268,-0.7400244134860098,1980-10-09,E
2947,1.0305609502829611,8.040361685678363,-0.7727770389755662,2011-09-06,E
2950,3.3559535522945225,18.03909749351442,-0.6862869319536155,1995-07-15,W
2953,2.291435440070927,11.957577651366591,-0.6783727510997615,1995-12-14,W
2957,8.022825266234577,13.982800687663255,-0.2708387134233155,2010-04-22,E
2958,3.749421024695039,1.7566762920469046,0.3619160029352541,2002-11-29,W
2959,2.0139717664569616,6.4506927244365215,-0.5241461091283868,1996-08-04,W
2964,0.1606973940506577,2.0210612136870623,-0.852690033185924,1997-12-18,E
2968,0.9273343728855252,2.7471683928743005,-0.4952599401873001,2007-09-04,E
2971,0.4053550697863102,0.1709423419088125,0.4067565168956576,1982-12-06,W
2972,16.20627985475585,19.603407078888267,-0.0948661525700364,2003-09-11,W
2973,1.2791582066565752,1.6373111233115196,-0.122803594392244,2003-09-20,W
2979,7.644134840462357,33.01478626206517,-0.6239873251340416,1994-08-20,SPLIT
2983,0.873412252869457,2.2732720579952,-0.444868206286839,1995-03-23,W
2984,1.1178967980667949,4.418064489960671,-0.5961327256804522,1995-04-21,W
2985,0.6923605492338538,5.847168441861868,-0.7882536952808155,2005-01-05,W
2994,1.078159037977457,1.6128638600930572,-0.1986994694466513,2007-04-18,E
3004,0.8766786642372608,1.4375612074509263,-0.2423614552990445,1994-03-15,W
3015,0.7420211704447865,4.888362178578973,-0.7364225046687763,2005-09-25,W
3018,2.998708841856569,6.28274907823652,-0.3538280585499503,2003-10-22,W
3019,3.056701583787799,5.546547058504075,-0.2894075922060879,1988-10-16,W
3020,0.9888068572618068,4.469949887134135,-0.6377171932868221,2004-02-07,W
3022,2.86935321521014,1.7533861957490444,0.2414081608872906,1999-05-28,E
3023,6.021786470897496,5.448223995510489,0.0500054012214495,2007-07-31,E
3025,0.2846819991245866,2.842556994408369,-0.8179339668546535,1995-11-11,E
3026,0.908572554588318,4.366332935169339,-0.6555113427708492,1989-06-28,SPLIT
3027,2.7066154023632407,4.327465010806918,-0.2304280749205927,1994-01-06,E
3028,0.8302760063670576,4.278713631443679,-0.6749744801897158,2000-07-01,SPLIT
3030,1.1897330693900583,0.8479256187565625,0.167745193354351,2023-12-08,E
3031,0.6006307937204838,4.776871430687606,-0.7766134652647273,2004-05-26,E
3032,2.1498820297420025,0.2438366543501615,0.7962695817424038,2013-12-13,E
3033,1.5996878994628787,2.63934378977865,-0.2452578717338031,2003-05-01,E
3034,1.4630996584892273,4.138736260589212,-0.4776356610137338,1994-10-16,E
3035,0.3638677690178156,4.995037572458386,-0.8642007104689727,2002-03-04,E
3037,0.0716050583869218,2.903293866664171,-0.951860510093688,2006-05-23,E
3038,0.6803491599857807,7.354462127201259,-0.8306496230792287,1988-10-04,E
3039,1.6178720239549875,9.584969811607152,-0.711167568425434,1990-02-08,E
3040,1.3514510174281895,4.578735837247223,-0.5442130069264292,1993-05-06,E
3041,0.4120493927039206,5.1246484369039536,-0.8511569872927204,1999-12-08,E
3043,1.4537642933428288,6.259499667212367,-0.6230482190736542,1992-02-17,E
3044,10.07997938292101,13.08409010572359,-0.1296883833073939,2011-03-15,E
3045,0.3813244514167309,0.9953754916787148,-0.4460311365168452,1989-01-06,E
3046,4.675021380651742,2.7588453830685467,0.2577630267648199,2004-04-26,E
3047,0.9547668769955636,0.407411681022495,0.4018233826621504,2013-02-02,E
3048,1.074826207943261,6.796415149234235,-0.7268979163080727,1994-06-28,E
3049,0.3842761907726526,1.4050816195085645,-0.5704870333200215,1995-11-10,E
3050,0.6652403138577938,2.398914490360766,-0.5657919678586667,2009-03-23,E
3052,0.281009467318654,0.0953999757766723,0.4931053004812173,1983-08-06,W
3053,1.3453138037584722,6.505123958457261,-0.6572640037390488,2002-10-27,SPLIT
3056,0.8633957356214523,4.230081170331687,-0.6609798172982131,2003-08-19,W
3057,4.970231021288782,12.14828277938068,-0.4193151252307173,2010-03-09,W
3075,0.6617166763171554,8.885153034701943,-0.8613751530402001,1989-02-17,SPLIT
3076,0.2107983352616429,1.4483960680663586,-0.745902788920698,1994-11-03,W
3077,1.8550470294430847,5.630322218872607,-0.5043539021509866,2003-02-12,W
3085,0.4380675107240677,4.517001889646053,-0.8231841068899024,2000-09-25,E
3089,0.7383404402062297,4.254702568054199,-0.7042523210855262,1992-10-01,W
3091,1.5253401147201655,4.057279385626316,-0.4535396458147566,1994-10-24,W
3093,1.179728358052671,7.281481532379985,-0.7211442870866528,1994-06-09,W
3096,1.9062271965667603,7.603074826300144,-0.5990815746553894,1992-01-13,W
3099,0.1562611954286694,4.62784512154758,-0.9346748650318872,1991-12-19,W
3108,3.1596459075808525,1.387771253939718,0.3896441849747216,2013-07-17,W
3130,1.19284212263301,3.799904744140804,-0.5221699980139167,2008-06-11,W
3133,0.7865145392715931,1.467475002631545,-0.3021134085585358,1981-04-05,W
3135,0.1654064022004604,1.2020156159996986,-0.7580755611664755,2004-09-12,W
3136,0.6982510294765234,2.9285192750394344,-0.6149460975748107,2004-10-23,W
3138,0.3972726757638156,3.881849395111203,-0.8143204754694057,2022-12-05,E
3139,3.7440850054845214,6.775871810037643,-0.2881938450621243,2004-11-16,W
3141,2.2316747894510627,3.651659653522074,-0.2413571551701865,2007-12-04,W
3155,3.4071699054911733,8.72744183242321,-0.4384377548981235,1988-06-20,W
3158,0.4493190497159958,1.9126435238868,-0.6195375365063966,2004-12-02,E
3162,8.058757172431797,4.842712315032259,0.2492774067732529,1992-02-15,W
3163,0.8934495421126485,8.637812184169888,-0.8125222939478496,2015-06-25,W
3166,4.396590535528958,2.28751516668126,0.3155359090371625,1998-03-17,E
3168,1.4823894333094358,4.962599521502852,-0.5399869747789565,2013-10-17,W
3184,0.2849449403584003,0.8446545372717083,-0.495493852464485,1994-11-09,E
3186,1.633975728880614,6.5341646005399525,-0.5999148734025667,2000-03-23,W
3193,0.5291207367554307,10.291509351693094,-0.9022014924397536,1995-08-30,W
3194,7.176752879284322,12.885498078074306,-0.2845515795273107,1998-05-19,W
3195,1.5169967412948608,9.138748284429312,-0.715271576481416,2011-03-16,E
3196,2.3149622855708003,5.739827764686197,-0.4251961202894043,2016-01-07,W
3198,2.71014425996691,5.211000993847847,-0.315719085276997,1995-06-12,W
3199,0.1459676567465067,1.5143216773867607,-0.8241660007734504,1991-12-17,W
3200,0.204245344735682,1.261033933609724,-0.721219909740788,2004-01-16,W
3201,2.104941780678928,7.742540204897523,-0.5724913670799683,1994-08-17,W
3203,7.293006790801883,4.279191923327744,0.2604358032492146,2024-04-26,W
3204,0.139027209021151,3.750470831990242,-0.928511490400204,2014-10-07,W
3205,1.5020525115542114,9.419774457346648,-0.7249448254707636,1990-07-31,E
3231,1.6018641600385308,8.061779666692019,-0.668476158939559,1982-03-28,W
3237,2.1827160846441984,5.941066416911781,-0.462635518805097,,E
3244,0.9444629326462746,0.7283531103748828,0.1291892334323632,2003-04-11,W
3247,0.2901578368619084,4.829948084428906,-0.8866594397370589,2002-10-16,W
3263,4.52974722860381,11.113571213558316,-0.4208713138006099,1995-07-30,W
3264,2.247163826599717,2.320097342133522,-0.0159687639570691,1998-05-17,W
3272,0.141938236542046,3.0007195957005024,-0.9096699391920652,1981-09-09,W
3275,1.2564967423677444,1.2067424803972244,0.0201987129429723,1983-06-29,W
3277,0.0928385001607239,4.78069680929184,-0.961900963359745,1982-06-23,E
3278,0.8026837818324566,3.196949594654143,-0.5986213203681894,1985-02-18,E
3279,1.5021792305633426,1.6282676635310054,-0.0402780935864112,1984-09-30,W
3280,0.5808737985789776,0.3386766095645726,0.2633865276653028,1982-11-21,W
3281,0.2201521955430507,0.2741008270531893,-0.1091518494447337,1983-04-10,SPLIT
3285,0.8485268019139767,0.4574748817831278,0.2994268116282494,1983-10-03,W
3287,0.8913645790889859,5.177974918857217,-0.706272954613606,1981-06-23,W
3291,2.72308727260679,15.224460647441449,-0.6965504942805781,1984-01-16,W
3294,7.755782377906144,18.43955112434924,-0.4078500754923707,1982-05-23,E
3295,2.3118615965358917,18.363863048143685,-0.7763694732575012,1982-05-29,E
3299,0.9433108419179916,5.856104113161564,-0.7225317624676972,1986-12-13,W
3301,0.3907176461070776,4.271022309083492,-0.8323726120018973,1984-04-05,W
3304,2.1807493157684803,4.734608791768551,-0.3693025634082863,1986-08-08,W
3308,0.8696490162983537,9.154399786144497,-0.8264874735871528,1986-02-23,W
3313,2.9159205378964543,4.6222136814612895,-0.2263548371403217,1986-05-22,W
3315,2.478711506351829,5.843884642235935,-0.4043417553613638,1982-08-24,W
3320,1.623236236628145,8.188309925608337,-0.6691171381578715,1982-07-18,W
3323,1.3235566117800772,5.680346814915538,-0.6220517242611863,1982-12-10,W
3324,3.264156349003315,9.177410029806197,-0.4752820907561821,1982-10-08,W
3326,3.180239126086235,9.628651455044746,-0.5034325407117839,1983-07-11,W
3329,2.3076746221631765,4.010804664343596,-0.2695474599113135,1982-05-13,W
3334,0.613254296593368,2.494635120034218,-0.6053564240010048,1986-03-06,W
3337,3.198580987751484,18.83289292827249,-0.7096353153725734,1983-11-25,W
3339,0.6117761954665184,4.8573180311359465,-0.7762787876313636,1988-07-27,W
3340,0.6941140787675977,5.653212353587151,-0.7812893078163355,1986-01-17,W
3344,2.316157554276288,6.809808571822941,-0.4924027719865,1981-09-07,W
3345,0.5300995162688196,9.619664818048475,-0.8955444680667212,1981-06-12,W
3350,0.4369123224169016,5.097217204980552,-0.8421026033979402,1985-02-10,E
3353,5.997890747152269,9.875762864481658,-0.2442961281759998,1980-06-01,E
3355,1.6080082301050425,1.2487136516720057,0.1257716338173629,1980-08-22,E
3359,3.7167596258223057,1.0305387312546372,0.565842020559477,1981-01-24,E
3360,1.729925014078617,3.327345273923129,-0.3158661034261976,1982-10-15,W
3364,0.4313853355124593,7.783333536237478,-0.8949725870725966,1981-12-13,E
3368,0.8988691456615925,3.927125890739262,-0.6274885743221702,1982-11-28,W
3369,1.1490819286555052,9.649663791060448,-0.7871823342301787,2004-09-12,W
3377,1.940636295825243,3.84306148160249,-0.3289288719755704,1980-06-30,E
3378,1.0387301621958611,0.8546087075956166,0.0972469627797931,,E
3380,2.686707121320069,3.0580461896024644,-0.064639689153632,1987-11-29,W
3381,0.1756698153913021,0.3528725020587444,-0.3352667909771573,1990-06-07,E
3382,0.4317397344857454,1.4450188800692558,-0.5399091485311921,2014-05-11,W
3387,1.852404044009745,7.166192851960659,-0.5892034946505456,2006-02-08,E
3388,3.615297762211412,15.882503295317292,-0.6291584110900805,2022-08-05,E
3391,3.2696369336918,7.815266822464764,-0.4100739157295712,1989-01-13,SPLIT
3392,1.4772909339517355,6.690795863978565,-0.6382773664142787,1998-11-29,SPLIT
3393,4.27676502102986,18.54957753233612,-0.6252781179436459,2022-08-06,E
3395,0.633747567422688,5.094900738447905,-0.7787444669020345,2004-10-30,W
3396,0.6779280924238265,5.062573507428169,-0.7638087610874676,2006-07-09,W
3398,0.5209309058263898,4.009922083467245,-0.770051728865302,1995-03-15,W
3402,4.167738824617118,20.17491389811039,-0.6575772680085734,2012-01-01,W
3404,1.1960462527349591,2.222347881644964,-0.3002291685993283,2001-01-31,W
3406,1.8168266522698104,10.459072917699814,-0.7040010563926994,1988-12-11,W
3407,7.489663669839501,17.277400555554777,-0.3951916463187137,2024-02-04,W
3411,0.5758145777508616,4.115443978458643,-0.7545159488218479,1992-03-02,W
3413,1.8644544840790327,16.697256792336702,-0.7991074792281266,2022-06-16,W
3416,4.853479807265103,13.619283859152349,-0.4745258592693717,2023-02-04,W
3417,4.561636455357075,13.401569556444883,-0.4921133285049126,2023-02-03,W
3418,1.1199728716164827,2.7798825362697244,-0.4256336430566582,2023-02-07,W
3420,1.4180323467589917,3.874615661799908,-0.4641501401695026,1988-05-09,E
3421,0.2906697252765298,3.965848244726658,-0.8634237057964335,1989-11-02,E
3424,2.752345906570554,10.537328602280468,-0.58579182586635,1982-03-16,W
3425,0.899501446634531,6.949420960620046,-0.7707961934230543,2015-07-02,W
3438,3.4854809576645494,5.453124726656824,-0.2201287134125818,1998-06-02,W
3441,0.1396170891821384,1.32461772672832,-0.8092968591301669,1982-02-14,E
3443,2.3876293879002333,11.218204475939274,-0.6490285840919743,1991-05-01,E
3448,2.685075324494392,8.917041456326842,-0.5371404416591983,2009-04-08,W
3457,5.571393248159438,10.054424461908638,-0.2868989832679535,2010-05-09,W
3460,1.677241375669837,7.094329661224037,-0.6175733244100641,2007-09-19,E
3484,1.731769143603742,9.174196539446712,-0.68241800975121,1988-05-27,E
3487,1.4198207510635257,1.3505244934931395,0.0250135818654798,1988-04-10,W
3489,1.865721391979605,8.108198635280132,-0.6258800177100454,1998-09-30,W
3490,2.5047800010070205,7.736602187855169,-0.5108511810580999,2001-11-27,E
3492,2.148046578280628,16.858631833456457,-0.7739692826123113,2024-11-19,W
3496,0.6692537581548095,4.733290284872055,-0.7522449598466484,1992-08-23,W
3499,0.7484404626302421,2.4137563668191437,-0.5266325893060699,1997-12-01,W
3500,1.305874022655189,3.5761873684823517,-0.465031707702001,1995-05-07,W
3502,1.587604271247983,10.785647282376884,-0.7433812342102993,1982-04-04,W
3505,0.674322746694088,1.7260532681830227,-0.4381524040275585,1988-10-11,E
3508,0.7316663777455688,10.70080876722932,-0.8720021047992207,2000-04-30,E
3509,5.95112631097436,1.090159116545692,0.6903522438430698,1993-05-04,W
3514,0.3576838262379169,0.5491699520498514,-0.211154356299059,2009-03-03,W
3518,2.2032408379018307,0.1139487866312265,0.901649148239528,2015-08-04,E
3521,3.68221179349348,6.598241829778999,-0.2836479928944034,2022-07-06,E
3526,0.4503227788954973,1.9291221951134505,-0.6214892264248556,1995-10-02,E
3527,0.1502388343214988,0.1622962094843387,-0.0385792742342582,1996-01-29,W
3528,2.07094578910619,7.02284652646631,-0.5445363788306208,1996-01-30,W
3532,2.626312519889325,6.886384858284146,-0.4478301126417571,2015-02-24,E
3534,0.200885321944952,3.0712909176945686,-0.8772160744205384,1995-12-28,W
3538,1.0038968450389802,2.345386971719563,-0.4005304417523159,2022-07-20,E
3539,1.0058844611048698,2.3259294107556343,-0.3961940853896641,2022-07-19,E
3540,0.6437525823712349,0.0234068557620048,0.9298312984135731,2007-06-27,E
3543,0.6936975410208106,3.460326626896858,-0.6660117933936428,2009-08-28,E
3546,0.3339729104191065,0.775014840066433,-0.3976977468451124,1990-07-04,W
3547,1.8901590113528075,4.257057837210596,-0.3850358437266687,1995-08-11,W
3559,0.8657456710934639,0.2209667898714542,0.5933297945704069,1991-01-25,E
3560,1.0840802881866691,3.236101683229208,-0.4981321178785315,1997-08-17,W
3572,2.1057539600878954,7.988074259832501,-0.5827640585496722,2014-11-20,E
3573,4.0570464776828885,24.558873631060123,-0.7164482943573988,2022-06-18,E
3576,1.0682143792510033,0.1009617783129215,0.8272941546743522,1983-03-24,E
3581,2.162775839678943,9.833462764741853,-0.6394243377449583,2010-11-29,W
3583,11.279265670105817,11.322332434821874,-0.0019054743171752,1989-12-12,W
3586,3.0285696145147085,4.723313640803099,-0.2186235228872382,1992-05-30,W
3588,3.1494490932673216,11.33202602621168,-0.5650375300467441,2024-01-07,W
3589,7.411831269972026,22.063626212999225,-0.4970845643868778,2004-01-04,W
3591,10.090294072404504,11.148060514358804,-0.0498045381827035,2014-01-28,W
3594,1.7264261655509472,1.3555235941894352,0.1203467286217656,2006-11-08,W
3604,1.009108416736126,0.1789900520816445,0.6986949200261157,1998-06-17,E
3605,3.489187816157937,4.350121079012752,-0.109822597166068,2010-06-19,W
3607,1.2270276313647628,10.570432662032545,-0.791984443965132,2011-09-06,W
3613,0.4344051638618111,3.814075362868607,-0.7955009273884929,1991-04-16,W
3614,0.9052474480122328,4.848903345409781,-0.6853584549617888,1989-11-01,E
3615,3.096925374120474,1.4429405643604696,0.364324592878412,1989-04-17,W
3616,2.6851899856701493,2.0746288567315787,0.1282740266287872,1989-04-04,W
3617,2.8827699553221464,6.1266625775024295,-0.3600551544574273,2011-06-24,W
3620,2.3761302083730698,1.0771508691832423,0.3761580103142556,2005-07-03,E
3621,5.76244518533349,18.507031412329525,-0.52512818625115,1997-05-27,E
3623,0.6158559937030077,2.044362315442413,-0.5369883805505299,1989-08-15,W
3626,2.014484821353108,11.07219166122377,-0.692131944419125,2015-08-24,W
3639,0.1434713453054428,2.7889571208506823,-0.9021484432021228,1986-09-28,E
3650,3.002791656181216,2.5803227887954563,0.0756690323204452,1983-12-11,W
3663,0.5762343560345471,1.6577554689720273,-0.4841208768414212,1985-05-07,W
3665,2.6441161343827844,9.550387295428663,-0.5663429594157815,1991-10-06,W
3666,1.7441487032920122,2.5277009359560907,-0.1834222406764789,1985-08-15,W
3667,1.5024855770170689,3.463175716344267,-0.3948497538380393,1986-03-30,W
3668,3.294259820133448,2.911634821910411,0.0616550908922554,,W
3670,0.7002014573663473,5.596685070544481,-0.7776039144859586,1986-05-17,W
3671,1.55890274932608,7.362078757956624,-0.6505086916604895,1986-05-15,W
3674,0.0655669812113046,1.1653507314622402,-0.8934665078962258,1987-01-15,E
3687,0.7872061543166637,3.34533267095685,-0.6190205645485392,1984-02-17,W
3690,1.60327903740108,1.6791504337452352,-0.0231144026127804,1997-07-04,E
3694,1.4015270536765456,2.248718617949635,-0.2320916564214249,2007-01-19,W
3695,0.9582711914554238,5.551531398668885,-0.7055913207231441,2010-04-18,W
3699,1.3504649121314287,9.763951238244772,-0.7569886004158488,2004-01-27,W
3701,0.5246613980270922,16.73106131888926,-0.9391898668476844,1990-08-05,W
3702,0.7867009378969669,6.951662194915116,-0.7966751044386613,2022-10-17,E
3717,1.8959688674658537,1.4537847763858736,0.1320049586008961,1994-07-06,W
3722,0.6063507739454508,3.5513238753192127,-0.708322163181746,1989-01-29,W
3736,1.7578879240900278,2.7800821415148675,-0.2252536272048677,2015-12-04,E
3739,0.4987745536491275,1.07296091504395,-0.3653199745322933,1988-01-16,E
3745,1.5538546149618924,9.496837656479329,-0.7187769640499455,2006-02-05,W
3747,0.5163319669663906,5.607962891459465,-0.8313823945767626,1991-09-27,W
3750,1.1936476305127144,4.780146122910082,-0.600371998169809,2015-06-19,W
3751,0.3528941343538463,5.557770767249167,-0.8805907151804261,2012-04-01,W
3754,3.5153427189216018,2.265352973714471,0.2162351750844201,2014-02-13,W
3757,1.1939162742346523,8.7465984756127,-0.7597878370929702,2004-01-01,W
3759,8.573593116365373,3.683736552949995,0.3989332664892011,1999-02-27,W
3765,0.2981265485286712,0.7155410200357437,-0.4117863532891902,2002-05-25,W
3767,0.8833438525907695,7.0341018326580524,-0.776861405127935,2014-05-01,W
3768,2.654330731369555,2.918815329670906,-0.0474569651332494,1997-06-22,W
3769,1.0784371276386082,6.453184925951064,-0.7136242047289222,1998-05-16,W
3776,5.276606668718159,7.143036423251033,-0.1502804662510468,2010-03-19,E
3778,1.616951207164675,1.9724685125984247,-0.0990458996690181,1988-10-25,W
3779,1.207181017845869,0.1233977479860186,0.8145201905288534,1991-04-21,W
3784,5.890672904439271,3.3286191835068166,0.2779013503956529,1995-04-20,W
3786,0.1748001910746097,0.7157478393055499,-0.6074323110898482,1986-09-30,W
3787,0.7073373664170504,7.976176656782627,-0.8370849947319297,2002-05-11,SPLIT
3793,1.1179547114297748,5.479776863008738,-0.6611093680254044,1992-01-22,W
3799,0.504755443893373,3.1582836667075758,-0.7244061946087568,2003-05-27,W
3800,0.885316623840481,5.564126828685403,-0.7254595282964718,2004-11-17,W
3801,0.7109119454398751,3.914850756060332,-0.6926293062073151,2012-05-10,W
3804,4.864123811013997,20.691350864246488,-0.6193282360962661,1991-01-29,W
3807,6.147849103901535,7.778253505006432,-0.1170754264055096,1990-02-11,W
3814,10.264881572686136,40.71873617451638,-0.5973262774884321,1982-04-07,W
3820,0.6899272315204144,1.622392488643527,-0.403259656954618,1986-12-14,W
3821,1.557502017356455,14.219666205346584,-0.8025625390600017,1986-12-13,W
3822,7.052434050478041,9.55773642542772,-0.1508294197572293,1984-06-12,W
3826,0.9917494463734328,3.805483195465058,-0.5865326864808257,1986-09-24,E
3828,1.3151399679481983,4.986577241681516,-0.5826090177646145,1981-06-09,W
3829,0.1265544584020972,2.5664875423535705,-0.906013750719789,1984-01-26,E
3831,0.9393772138282656,3.4198660776019096,-0.569018221270068,1982-09-03,E
3832,0.2527374261990189,2.7247212789952755,-0.8302327916363551,1984-06-07,E
3833,1.6861923835240304,7.019353219307959,-0.6126164951738801,,W
3836,0.559089869260788,1.5201080278493464,-0.4622061997676171,1982-06-23,E
3837,0.1755203213542699,0.8028956679627299,-0.6412153454746471,1987-02-22,E
3838,0.1703428328037262,2.459774763323366,-0.8704675159354128,1984-05-08,E
3842,3.1337500447407365,13.632956770248713,-0.6261937326965753,1986-05-08,E
3856,2.4415404526516795,16.667344159446657,-0.7444601815109346,1985-08-04,W
3858,2.680445212405175,7.822643343359232,-0.4895891435792356,1985-08-05,W
3860,1.0011369977146387,4.309092830866575,-0.6229402379812122,1985-08-06,W
3862,1.8827492184937,5.283196773380041,-0.4745287724386997,1983-11-24,W
3867,1.605906058102846,0.0577599147800356,0.930563086915324,1987-08-02,E
3870,0.0580775551497936,1.5179054476320744,-0.926296723952301,1988-10-23,E
3871,0.9374571032822132,0.5063070631586015,0.2986291321983627,1998-09-23,W
3872,0.6420849915593863,0.9877976984716952,-0.2121089505561312,1985-07-17,E
3877,2.8633346669375896,5.059192951070145,-0.2771663779550783,1982-06-24,W
3878,1.131712925620377,7.300167166162282,-0.7315633255449966,1981-06-05,E
3879,1.8161433348432183,2.986119536217302,-0.2436301870154528,1989-04-27,E
3880,0.243196377530694,3.4184370152652264,-0.8671650864832049,1985-03-25,E
3881,2.9673074977472425,6.389878822490573,-0.36576928230451,1982-08-06,W
3882,1.5381628167815506,7.594064158853143,-0.6631352197255305,1983-03-17,W
3883,3.1214261003769934,13.627621199935676,-0.6272712060083517,1983-11-13,W
3887,1.567039572633803,4.01076699513942,-0.4381162008421468,1981-10-13,W
3888,0.5744368620216846,4.799462419003248,-0.7862122708364125,1985-07-14,E
3891,3.194328179582953,5.392987567931414,-0.2560356988136386,1980-07-28,W
3894,4.576739629264921,7.611738539999351,-0.2490055664527133,1980-12-16,E
3896,1.2356339544057846,6.847957617603242,-0.6942859016566969,1985-03-31,E
3897,0.5916756512597203,8.479924874380231,-0.869554297593276,1980-11-03,E
3902,1.917406456079334,8.8273746073246,-0.6430999487536839,1987-05-17,W
3903,1.1721688732504845,0.3532806448638439,0.5368176518868782,1989-04-02,W
3906,4.538834908045828,11.946239032549784,-0.4493400606631355,2004-02-16,W
3911,0.6630501025356352,8.897199619561434,-0.8612902127433918,1988-04-29,W
3916,0.4657635763287544,2.060805408284068,-0.6313074535738871,1989-11-11,E
3920,4.653725878801197,4.55847268877551,0.0103398976180268,2013-10-02,W
3924,0.7638108767569065,3.725747405551374,-0.659738963734077,1991-08-18,W
3927,0.3965597152709961,10.459237650036812,-0.9269404720948906,1992-12-24,E
3928,4.064690753817558,9.292908595874906,-0.3914040019606761,2001-11-25,W
3934,1.8940432975068688,9.052796855568886,-0.6539561606780158,2005-12-10,E
3935,0.3694189507514238,1.5492550693452358,-0.6149226529547519,1985-12-11,E
3936,0.7636367371305823,2.608675369992852,-0.5471138418547895,2022-03-30,E
3937,1.787007052451372,5.30601255223155,-0.4961223422329722,2011-11-18,E
3945,0.3117783088237047,4.051290968433023,-0.8570830353534229,2015-03-31,W
3946,0.3743549259379506,1.3185133635997772,-0.5577270502946751,1988-05-07,W
3948,0.2831802852451801,1.189087281934917,-0.6153141024659312,2002-02-17,W
3951,1.7650614129379392,2.489926713285968,-0.1703565976789553,2012-02-10,W
3952,0.6655457867309451,0.4753725482150912,0.1666843565316899,2003-08-10,W
3955,2.306231159716845,0.2226537817623466,0.8239114970311584,1992-04-16,W
3956,1.5454327380284667,7.167044427711517,-0.6452368921881634,2008-01-14,E
3960,0.6041535194963217,0.3330401317216456,0.2892821429403097,1990-12-19,E
3961,0.8844505250453949,1.1604412961751225,-0.1349659518736126,2000-12-28,W
3963,1.0526546793989835,6.3496008068323135,-0.7155854235624935,2002-10-24,W
3969,1.9544830592349167,4.914813117822632,-0.4309510002603114,2004-07-27,E
3970,0.6658592713065445,6.599919884465635,-0.8167135947758688,1990-08-16,W
3975,0.9805650915950536,10.625757788307965,-0.8310291551007303,2006-09-01,W
3977,1.561141386628151,4.68971852120012,-0.5005034796338008,2009-04-08,W
3982,1.952313424553722,6.046668751165271,-0.5118595387097501,1990-04-19,W
3983,0.4410530552268028,3.2164152693003416,-0.7588205741827149,1994-08-04,W
3984,0.0248481412418186,1.2109838128089905,-0.959787184396954,2009-05-31,W
3986,0.4938460164703429,3.8201058879494663,-0.7710470457657331,1984-12-09,W
3987,1.632438162341714,2.764628690201789,-0.2574876766326391,2011-07-01,W
3988,3.3296591015532613,12.317739858757704,-0.574413727163332,2010-08-06,W
3992,4.642997001763433,29.34580724686384,-0.7267925657048487,1995-08-06,W
4003,0.2368247769773006,1.0362247303128242,-0.6279409785378554,2006-02-12,W
4005,1.3605632334947586,2.8005329314619303,-0.3460553760073491,1992-02-24,W
4009,1.4889098517596722,0.2260605369228869,0.7363679998032912,1995-08-18,W
4013,2.052771351765841,3.5498957349918783,-0.2672163739238271,2022-08-17,W
4017,2.493099497165531,12.420474068261685,-0.665660348107929,2023-06-14,W
4028,0.9492050390690564,0.4507284332066774,0.356071638927026,1988-04-13,W
4035,0.5814328752458096,6.056535717099905,-0.8248160209987507,1992-05-21,E
4037,0.5049208551645279,0.0140070780180394,0.946015324584254,1984-03-16,E
4045,5.839732720516622,6.855004501529038,-0.0799758012516569,1991-03-17,W
4050,0.1782569102942943,2.093632302712649,-0.8430760538197325,2004-07-14,W
4055,0.8708407394587994,3.2004704978317022,-0.5722062555754697,1994-08-30,E
4059,6.866549992933869,54.519869019277394,-0.7762843930815273,2024-03-10,W
4060,13.080153472255915,67.5810840385966,-0.6756768461307976,2004-10-03,W
4061,1.3318785671144724,6.446905242279172,-0.6575612332852271,2024-12-21,E
4064,2.101481944322586,12.39866217970848,-0.710143302528951,1997-12-20,W
4066,1.1923707840032876,7.696851009503007,-0.7317266209119233,1988-12-31,W
4068,4.804567050654441,9.358300738502294,-0.3215262442352194,2023-07-31,W
4072,2.121682639233768,12.347545932978392,-0.706731754406207,2004-02-15,W
4075,2.476590150501579,10.623779429122806,-0.6219053003888003,2022-08-27,E
4077,0.9033546838909388,4.958146344870329,-0.6917667745996476,2007-12-11,W
4084,1.422579089179635,5.606166496872902,-0.5952111022476552,1992-03-18,W
4088,1.331846336834133,9.88861179817468,-0.7626039292140778,2022-03-05,W
4090,2.5459153125993907,10.083584394305944,-0.5968303778165214,2012-04-13,W
4091,0.2208974622189998,0.9167510895058512,-0.6116595729245363,1994-08-13,E
4095,0.7344425730407238,0.1778753576800227,0.610058398085406,1996-03-24,W
4115,1.3684436781331897,3.6403030729852617,-0.4535784114747492,1981-10-11,SPLIT
4123,0.1599712297320366,2.363073160871864,-0.8731919023476369,1983-01-16,E
4124,1.7924996842630208,5.058875764720142,-0.4767474946861099,1989-12-03,SPLIT
4127,0.905149208381772,6.477525767870247,-0.7547909907198248,1989-07-02,E
4128,1.0137314032763245,3.617794658988714,-0.5622473501613668,1989-07-23,E
4131,2.280424161814153,10.538405663333831,-0.644207124531642,1996-02-18,W
4136,4.952331438660622,7.149820073973388,-0.1815783443975661,1992-12-06,W
4137,3.753628211095929,1.6545951324515045,0.3881187860239534,1983-01-02,E
4138,0.2638502242043614,1.306550869718194,-0.66397091134769,1982-09-26,W
4139,0.2826483631506562,2.1742170229554176,-0.7699113962454286,1980-08-17,E
4147,0.3412838764488697,4.211477760225534,-0.8500761060275548,1985-02-13,E
4148,10.020922904834151,15.703684641048312,-0.2209076164166219,1985-07-14,W
4149,1.7870491640642283,7.132576901698485,-0.5992995332116048,1982-09-27,W
4151,1.789248094893992,2.4455615147016943,-0.1549806202197147,1986-04-01,W
4154,5.412382245995104,6.616852247156203,-0.1001285661067417,1981-08-23,W
4156,1.284481380134821,3.0956181338988245,-0.4134921473726311,1987-05-23,W
4158,0.8015783280134201,5.0976069169119,-0.7282410045681039,1981-01-14,W
4160,2.7191389040090144,2.258156885858625,0.092616962626317,1986-01-19,W
4162,6.404135162010789,6.656436667311937,-0.0193177992968637,1988-11-06,W
4166,1.3076208597049117,7.711037921253592,-0.7100187751939113,2007-02-13,W
4176,0.1769193992950022,3.35773628950119,-0.8998944084674306,1988-07-17,W
4177,0.9506139885634184,2.242962695658207,-0.4046712619989489,1989-01-08,W
4184,1.3363165999762714,17.06378573179245,-0.8547490034694558,1983-09-16,W
4185,1.5413425648584962,8.752327173948288,-0.7005261283936403,1984-10-07,W
4186,2.363290879875421,4.964756698347628,-0.3550012183603577,1982-10-10,W
4189,1.1376772597432137,7.643267273902893,-0.7408758806334956,1989-06-13,W
4191,6.623123932629824,14.348963122349232,-0.3683867594801359,1988-05-07,E
4199,0.4266369752585888,5.507159325294197,-0.8562010039949394,1983-06-18,W
4200,1.0806101765483618,5.73954535741359,-0.683112746866945,1981-04-24,W
4202,0.7816916643641889,4.658330285921693,-0.7126145182838954,1983-07-10,W
4203,1.043921710923314,4.4944696156308055,-0.6230234920676385,1980-07-02,W
4207,0.6411662148311734,4.571610854938626,-0.7540020583079089,1983-02-21,W
4208,0.475816136226058,6.0134469186887145,-0.8533527976289647,1983-06-05,E
4211,0.7946098181419075,1.50527932215482,-0.3090016347139733,1987-12-08,W
4222,0.0339889414608478,0.6789104044437408,-0.9046458896152526,1999-12-08,W
4227,0.2264861091971397,0.0449277944862842,0.6689352028257012,1991-12-14,W
4230,0.3743954338133335,0.1140663735568523,0.5329568378283773,1993-06-20,W
4232,0.0939849102869629,0.4184791427105665,-0.633203891131335,1993-02-01,W
4234,0.1045998949557542,0.3112641964107752,-0.4969515419699379,1992-05-07,W
4243,0.0729950172826647,0.4777984339743852,-0.7349459507318428,1996-06-26,W
4249,0.1402867268770933,0.8430365473031998,-0.7146681451338678,2005-06-16,E
4256,0.3381086671724915,0.861352370120585,-0.4362323465950213,2004-08-15,W
4264,0.0658068871125578,0.7338246535509825,-0.8354069749215531,1988-12-14,W
4268,0.1335488874465227,0.2440652027726173,-0.2926699987854432,1991-11-09,W
4279,0.0931938728317618,0.4395999889820814,-0.650169119761186,1989-06-23,W
4286,2.417740451171994,10.897241311147807,-0.6368390893310422,2007-05-15,E
4287,1.4083409160375595,0.2074177879840135,0.7432564807255826,2007-01-27,E
4289,0.8026317600160837,2.337819200009108,-0.4888429908742215,1982-06-16,E
4290,1.2252889284864068,3.370612824102864,-0.4667906345925134,1998-06-30,W
4291,0.1114935493096709,1.8225207775831225,-0.8847024577224927,1986-12-12,E
4293,6.905499714426696,20.329884023871276,-0.4929023375781163,1983-08-07,W
4295,1.9546216945163903,7.876773567870259,-0.602371455454596,2004-11-29,W
4296,2.14653236605227,1.8909393409267068,0.0633052176399636,1991-11-01,W
4298,3.316136703826487,11.93955004774034,-0.5652589414257359,1995-05-14,W
4301,1.5183226629160345,9.327936600893736,-0.720028329401545,2006-01-11,W
4302,0.8547598910517991,8.04989768564701,-0.8080195934116795,1992-01-15,W
4303,1.7568224738352,6.9507186114788055,-0.5964825301143796,1981-06-24,W
4305,0.793941680341959,0.55738683976233,0.1750535395798482,1981-06-19,E
4306,0.1040037889033556,0.5371432267129421,-0.6755696076859361,1981-07-24,W
4307,0.7726120701991022,8.540776308625937,-0.8340857185863453,1991-07-09,W
4311,0.5074506951496005,6.61853888630867,-0.857577480475018,1990-05-09,W
4313,3.7153996527194977,8.142238739412278,-0.3733322724388246,1991-07-15,W
4322,1.5878508067689836,4.954372175503522,-0.514583709215706,1986-11-09,E
4323,1.7271318463608625,6.446986520895734,-0.5774145250258195,1984-12-30,E
4324,2.9050788963213563,7.692944708280265,-0.4517696874990525,1981-06-14,W
4325,16.51482443138957,95.7662676461041,-0.7058307124410262,1984-03-04,W
4330,1.937716434709728,10.45346939470619,-0.6872427770213806,1980-11-08,W
4331,1.206348026636988,7.329040881246328,-0.7173302729010604,1986-11-09,W
4332,0.2546706469729543,3.037808259949088,-0.845301577217116,1986-11-10,W
4333,0.2737317117862403,3.2391467094421387,-0.8441553171140239,1986-12-26,W
4339,2.5160223050042987,10.764474512077868,-0.6210951533427046,1981-06-09,W
4341,0.7061802442185581,10.923810191452503,-0.8785587575286342,1981-06-09,W
4342,0.377144530415535,1.4702274380251763,-0.5916961642173638,1981-06-23,W
4344,0.2141153225675225,2.653169414959848,-0.8506494177117602,1986-12-23,W
4348,0.7417908925563097,13.637399069964886,-0.8968243837809768,1981-06-20,W
4351,1.5340969683602452,9.539359103888271,-0.7229235464788183,1980-06-26,W
4354,2.9054664289578795,11.453971963375809,-0.5953231108941743,1980-09-01,E
4358,0.3711962890811264,7.65740317478776,-0.907531496432952,1988-10-23,W
4360,7.876500040758401,28.563458680640903,-0.5676998373692875,1990-03-11,W
4361,1.0285059064626694,4.808503828709945,-0.6475915055390676,1989-09-01,E
4367,2.311657989397645,8.72105849487707,-0.5809449118550603,2003-08-03,E
4368,0.4949369980022311,2.900899524334818,-0.7085036368818104,2001-11-25,W
4375,0.4461081572808325,5.048546770587564,-0.8376210469492339,1981-12-06,E
4383,2.1319094612263143,11.814828289672732,-0.6942784041251178,2000-09-03,W
4386,2.9994840007275343,17.565136335324496,-0.7082869557801207,2003-08-03,W
4387,0.4945777906104922,6.309830809943378,-0.8546301906176941,2000-05-21,W
4390,1.0017847358249128,7.828465724363923,-0.7731016259749723,1990-07-29,E
4392,1.54833840765059,1.5145789943635464,0.011021979654049,1981-08-16,W
4399,0.6769745387136936,2.502064329572022,-0.5741011250491337,1991-03-10,E
4401,0.7483469410799444,2.8445952981710434,-0.5834350283147094,2004-07-22,E
4403,1.2290553180500865,18.576098188757896,-0.8758853025170404,2010-02-12,W
4404,2.0213538901880383,3.054829340428114,-0.2035930153203763,2002-06-30,W
4406,3.9368997057899833,15.008871001191435,-0.5844033196982008,2010-05-09,W
4407,0.2986291088163852,1.4697831738740206,-0.6622630234592223,1998-06-07,W
4408,1.5515760947018862,3.151199093088508,-0.3401444752322652,2022-10-16,E
4411,2.340734045021236,5.357254594564438,-0.3918582750344468,2014-09-27,W
4417,0.4308340158313513,1.894137260969728,-0.6293855153131619,1995-06-21,W
4418,4.872094687074423,11.056779171805829,-0.3882687840661813,1996-04-03,E
4420,0.2086969306692481,4.593671835958958,-0.913085837089419,1995-03-01,W
4423,1.819114729762077,5.756076713558286,-0.5197178201043638,2004-02-27,E
4424,1.3373029213398695,4.168766803108156,-0.5142441021397748,2012-01-05,W
4425,1.9278247188776727,5.188616102095693,-0.4582053677180105,2006-09-26,W
4428,0.6061340505257249,7.795586688444018,-0.8557119263165418,2007-09-16,W
4433,1.0098930150270462,8.501509943045676,-0.7876458353243667,2022-10-07,W
4436,0.7049991227686405,0.8019727738574147,-0.0643500063311221,2002-08-14,W
4441,1.5211780341342092,9.690365338232368,-0.7286407439882245,1994-06-22,W
4443,2.934362096246332,11.758924149908124,-0.600584641571981,2002-02-01,W
4445,0.6463688528165221,3.5270540667697787,-0.6902452182435708,2007-11-14,SPLIT
4447,2.010897557251156,2.7930932408198714,-0.16282206116686,2001-03-29,E
4449,3.563376281410456,5.979050566907972,-0.2531509356996491,2016-05-28,W
4450,2.8088041990995407,0.4123282763175666,0.7439855209528159,2009-05-26,W
4452,1.852039771154523,4.993014015257359,-0.4588677229005162,1997-08-13,W
4456,1.291724312119186,9.272285614162683,-0.7554481070855635,2014-11-23,W
4463,3.557892316952348,5.6867414731532335,-0.2302794469240238,2015-08-21,W
4465,1.1808612355962396,6.602236825972796,-0.6965575337082334,2024-08-09,W
4466,4.233530212659389,12.137873172294348,-0.4828140125665112,2013-10-15,W
4468,1.1659922748804092,5.786643219180405,-0.6645898448504102,1993-04-08,E
4471,2.25151401758194,2.8500532952602957,-0.1173245869306729,1992-01-07,W
4472,3.5540597564540803,24.0441249567084,-0.7424424980560839,2008-08-25,W
4473,0.4471503105014562,10.43730003759265,-0.9178368597032164,1993-05-30,E
4474,2.673437274992466,6.392186148092151,-0.4102033251932667,2023-08-02,W
4479,0.3500586822628975,0.4551052618771791,-0.1304660751126182,2017-07-11,E
4489,10.771240161266178,19.101949620526284,-0.2788690970101006,1992-01-14,W
4492,0.6332952571101487,5.737330740317702,-0.8011827229015663,2003-11-12,W
4498,1.40752256475389,5.314873470459133,-0.5812437835017917,2016-01-11,W
4506,1.1844703229144216,3.512368028052151,-0.4956307905845153,2004-07-08,E
4507,6.422109683509916,5.759916204493493,0.0543582393523299,2022-11-12,W
4509,4.263269834220409,5.871327153174207,-0.1586700804140249,2015-04-22,E
4518,1.372919010929763,9.869486914947627,-0.7557606405635999,2010-09-30,W
4521,3.0488628782331944,6.157922881655395,-0.337692228808796,2005-02-13,W
4524,1.3592211296781898,5.369658175390214,-0.596003712340425,2008-02-15,W
4526,0.1113474192097783,1.8930827230215077,-0.888898678118786,2002-09-10,W
4528,1.817766836844385,2.1175103592686355,-0.0761683377019132,1997-10-21,E
4529,2.442025420255959,5.729310463182628,-0.4022946908337026,2009-06-03,W
4548,2.376190141774714,5.293106319382787,-0.3803368656278874,2014-01-11,W
4550,1.0565944989211855,3.1110161943361163,-0.4929495211100805,1992-09-17,W
4552,0.0421652104705572,0.6644973456859589,-0.8806638045170218,1981-08-06,W
4557,1.2887149211019278,7.600091296713799,-0.7100364459471898,2014-05-12,W
4559,4.107934865169227,5.545729163568467,-0.1489376773543149,2014-07-06,W
4561,0.7856311099603772,6.837719703093171,-0.7938882443621696,2006-02-19,W
4562,1.207149647641927,5.058156608138233,-0.6146558210052194,2005-09-15,W
4564,2.8660039538517594,12.92346199695021,-0.6369726547076141,2007-04-21,W
4574,0.1740083675831556,0.695093059912324,-0.59956718035799,1987-12-21,W
4580,0.3134728521108627,0.3236552774906158,-0.0159817545430088,2008-08-02,W
4587,1.0373993227258325,5.02922745840624,-0.6579979747715498,1993-07-04,E
4588,0.3286441890522837,1.745177741162479,-0.6830545725605368,2007-09-24,E
4591,0.8042798889800906,3.6187364608049393,-0.6363206348900343,2004-08-14,W
4601,1.0941924066282809,4.663065804168582,-0.6198911472907019,1997-01-07,W
4605,6.504997393116355,10.9868489401415,-0.2562251841021144,2023-04-01,W
4612,5.85306597687304,7.925611213315278,-0.1504168511849548,2008-04-29,W
4627,0.1357276374474167,1.0734934899955988,-0.7755122956959736,1998-09-26,E
4628,0.0969170033931732,5.708551317453384,-0.96661182249651,2007-04-01,E
4629,0.7734227762557566,10.91238266415894,-0.8676303862493977,2009-11-17,W
4631,1.337377918884158,1.7967093344777822,-0.1465598684595497,2012-01-10,W
4632,1.3811995713040233,6.065204865299165,-0.6290291286046782,2015-02-20,W
4633,0.3626717957668006,7.848734725266695,-0.9116663400263344,2010-02-19,W
4635,2.626579870469868,5.299323166720569,-0.3372162495187165,2003-09-26,W
4637,1.261187837459147,10.171203243546188,-0.7793658686930379,2003-10-14,W
4639,0.4476404320448637,0.0700529897585511,0.7293649607720254,1982-01-14,E
4640,0.1739813741296529,2.595787171274424,-0.8743711820839467,1982-11-28,E
4643,1.2445904486812651,8.239921667613089,-0.7375530900438342,2012-05-21,W
4645,1.2783149490132928,2.969872997608036,-0.3981834301704273,1997-12-02,W
4649,1.449645273387432,0.8701048945076764,0.2498287905741886,2011-09-05,W
4652,3.615929028019309,8.785800766665488,-0.4168669874473071,2012-06-17,W
4654,2.6576575711369514,6.867172890342772,-0.4419517319735486,2014-01-25,W
4655,0.5607226677238941,0.0449397852644324,0.8516012176646374,2010-12-23,E
4657,2.300897045992315,9.626911879517138,-0.6141961930540655,1995-05-19,W
4659,0.1028838418424129,1.1689908802509308,-0.8382170192462063,2006-07-31,W
4660,0.1524075102061033,2.6640300760045648,-0.8917728474064263,2012-03-09,W
4663,1.5467996494844556,5.588608536869288,-0.5664439625351925,2015-06-02,W
4665,3.5430099819786847,9.111096136271954,-0.4400220847098907,2014-01-10,W
4666,1.6908351359888911,6.392238487955183,-0.5816355968896515,2013-08-09,W
4668,0.7247664667665958,1.742185289040208,-0.412419424043604,2015-07-02,E
4673,3.127320901490748,7.143191327806562,-0.3910097506977197,2015-07-10,W
4674,9.153529434464872,11.298687664791942,-0.1048863416575465,2015-09-08,W
4675,1.7619030512869358,8.230175668373704,-0.647340037900122,2007-02-03,W
4676,1.4494866752065718,9.369257459882649,-0.7320416016669231,2006-01-10,W
4677,0.2933324240148067,1.4395542703568935,-0.6614522750184861,2006-02-07,W
4678,1.8775918651372197,16.916379161179066,-0.8001921081490955,2022-06-17,W
4685,0.793622468598187,3.417871936224401,-0.6231159810210265,2004-02-13,W
4686,0.9173833439126612,16.529892126098275,-0.8948393581003588,2012-01-12,W
4688,3.3558596493676305,9.615633392706512,-0.4825792777311208,2015-04-03,W
4689,1.1554054962471128,8.355872083455324,-0.7570451526484335,2005-01-06,E
4690,5.78179198037833,6.443581808824092,-0.0541324821520146,2009-10-02,W
4691,1.4500384000129998,1.9177054408937693,-0.1388665715010886,2014-02-10,W
4693,0.4811969790607691,1.296451274305582,-0.458613954532624,2014-08-28,W
4694,2.512792694848031,9.626101227477193,-0.5859931372780306,2010-05-04,W
4695,0.2596339201554656,2.154927213676274,-0.7849431795136723,2012-01-01,W
4698,0.716939817648381,6.761672229506075,-0.8082692849613521,2010-04-22,W
4701,0.2386932801455259,2.9396604485809803,-0.8498006826687665,2010-06-22,W
4702,0.2326131649315357,4.561544982716441,-0.902959744852761,2006-07-10,E
4704,0.3267162279225886,3.878530411049724,-0.8446149508116106,2008-02-14,W
4705,0.865623907186091,13.537883054465055,-0.8798037298150755,2022-06-10,W
4706,1.6011403873562813,13.063152027316391,-0.7816273241040097,2022-06-09,W
4707,1.4367860900238156,7.9231044091284275,-0.69299083356706,2004-11-17,W
4709,0.3896909663453698,3.499723359942436,-0.7996145775923521,2010-11-30,W
4712,0.4140829890966415,2.613139458466321,-0.7264271151065502,2003-09-20,W
4713,0.2511045122519135,2.078476829454303,-0.7844209105242974,2012-11-17,W
4715,0.906379720196128,0.7294236458837986,0.108176861584704,2005-05-10,W
4722,2.7369480431079865,9.035039024427531,-0.5350066174204119,2024-11-22,W
4724,0.4440443362109363,5.685151644982398,-0.855105192402443,2012-02-29,W
4725,1.2351242881268265,5.305817163083702,-0.6223405155542086,2009-09-30,W
4726,1.67199348192662,6.5775254014879465,-0.5946446076295637,2006-10-13,W
4727,0.7680855290964246,7.876922114752233,-0.8223054135427247,2009-10-24,W
4728,1.2942449492402377,3.0473550967872143,-0.4037935620418703,2004-08-23,W
4729,0.5949996896088123,3.3553583854809403,-0.6987616422110579,2006-07-14,W
4730,0.7445831340737641,1.7922299858182669,-0.4129775439621971,2004-11-19,W
4735,2.922354953363538,4.476098678074777,-0.2100092535700558,2013-02-26,W
4737,2.535777883604169,10.470127576962112,-0.6100574633126596,2007-02-23,E
4740,0.1387739516794681,1.235704883933067,-0.7980704422880069,2004-09-19,W
4742,1.190943805500865,4.253434155136347,-0.5625050964089356,2014-09-06,W
4743,1.3599617332220078,3.57366843521595,-0.4486973336905749,2006-01-28,W
4749,2.6675915736705065,5.553500187583268,-0.3510371490455531,2004-11-15,W
4750,1.5866144858300686,4.978334559127688,-0.5166407309592344,2012-02-20,E
4751,1.2963931132107973,7.888907618820667,-0.717724405322886,2009-06-06,W
4754,0.727954120375216,3.990374687127769,-0.6914356120251794,2011-09-03,W
4756,1.5755701949819922,7.293233376927674,-0.6446938570220117,2009-02-20,W
4758,3.1600714530795813,4.418917168863118,-0.1660967945167193,2004-12-06,W
4760,0.432079179212451,2.5858987774699926,-0.713663131133153,2006-02-18,W
4773,1.3822806696407497,6.41908102389425,-0.6456309234356944,2006-04-25,W
4774,2.132997519336641,8.33892005099915,-0.5926252274217355,2002-12-25,W
4778,2.1291185980662704,7.292649826966226,-0.5480426811574493,2012-03-09,W
4779,1.9244073424488304,3.930176060646773,-0.3425980262125998,2014-05-24,W
4780,0.3046447383239865,1.3246673345565796,-0.6260449506328172,2005-11-18,SPLIT
4781,1.6948534669354558,3.561210360378027,-0.3550864210863592,2008-02-08,W
4782,1.188868977595121,4.4484419813379645,-0.5782141569779877,2013-02-01,W
4784,0.3574192924425006,3.840924102813005,-0.829733178640494,2013-02-13,W
4785,0.841059098020196,6.96936515532434,-0.7846316484894057,2010-06-01,W
4786,0.3999288496561348,5.586058186367154,-0.866378310794921,2009-11-09,W
4787,0.4477904550731182,1.456103795208037,-0.5296057488410859,2003-06-07,SPLIT
4789,0.8389902780763805,8.187135847751051,-0.8140973732516115,2006-02-25,W
4791,1.2398808412253857,0.9076524889096618,0.1547023031743479,2013-05-23,W
4795,2.462271141819656,4.88963551656343,-0.3301680077746386,2006-04-04,W
4798,1.2791794640943408,3.5279093384742737,-0.4677945356819456,2007-02-02,W
4800,2.0177042963914573,5.969363593030721,-0.4947571939224683,2012-02-15,SPLIT
4801,0.5413687047548592,8.613306257873774,-0.8817284705431303,2015-05-21,W
4802,0.1565898517146706,1.9754773527383804,-0.853109835010789,2009-12-05,W
4803,3.857318895403296,5.097571320366114,-0.1385000145259867,2010-10-27,W
4804,0.9590813745744526,7.1587404841557145,-0.7637096769884381,2006-03-06,W
4807,2.8024334423244,15.867479440756142,-0.6997914816341289,1995-01-05,W
4808,0.1693751672282815,3.896553799510002,-0.9166856240655804,2012-03-14,W
4812,0.8671904681250453,0.8459069142118096,0.012424018700087,2006-02-27,E
4813,2.859705600887537,12.431926367338749,-0.6259777103150417,2004-09-22,W
4818,0.2881138138473034,1.8148148311302064,-0.7259880267114364,1995-01-08,W
4822,1.327422763220966,5.517427435610443,-0.6121397182810817,2002-08-02,W
4828,1.705451052635908,5.032093291636556,-0.4937469898551551,2015-03-20,W
4832,1.0996718257665634,3.942812817171216,-0.563837312898123,2005-03-17,W
4838,2.264857981353998,2.38967452570796,-0.026816129045089,2009-04-10,W
4843,1.2721947971731424,8.331491428427398,-0.7350611489612767,2003-03-13,W
4844,1.9437056798487904,2.1383873629383743,-0.0476916329561689,2005-08-25,W
4848,1.1027373438701034,3.3134758146479726,-0.5005959611603562,2012-02-01,W
4850,0.5141110122203827,7.3560183160007,-0.8693513179313855,2015-02-05,W
4851,0.259089580271393,3.0733546148985624,-0.8445047748152303,2005-11-03,E
4857,1.9839224624447525,6.417234780266881,-0.5277025759359153,2006-06-15,W
4865,0.5157070392742753,3.092778062447905,-0.7141697833096183,2004-06-19,W
4866,0.0262898947112262,1.761145293712616,-0.9705836666056754,2010-11-09,W
4869,0.2333610402420163,2.1413486413657665,-0.8034614150522834,2005-11-13,W
4872,0.4623520579189062,2.0729119777679443,-0.635263190412462,2004-10-25,W
4873,0.6675719087943435,3.6774365240708,-0.6927177845063531,2006-03-13,W
4874,0.7419718969613314,8.129615939222276,-0.8327307556071202,2003-06-19,W
4877,1.7044314900413156,4.97328632324934,-0.4895167667464977,2005-08-11,W
4878,2.8686873111873865,10.653249758761376,-0.5756987632248248,2024-11-24,W
4879,4.756743160076439,9.199701307807118,-0.3183445581684113,2006-04-12,W
4882,1.6962759904563427,2.0800725766457617,-0.1016316633302299,2008-01-29,W
4883,0.1384206246584653,1.9975446742028,-0.870390567924773,2008-08-18,W
4884,1.6520603653043509,3.763294760137797,-0.3898607470660901,2009-10-21,W
4886,1.9475189568474889,8.726635698229074,-0.6350963575515409,2012-09-29,W
4888,0.7130959769710898,6.093510985374451,-0.7904694715248392,2005-06-16,W
4889,0.8475980502553284,1.6092863800004125,-0.3100220426996188,1992-08-08,W
4891,2.0024062828160822,7.819155976176262,-0.5922428163639584,2008-11-20,W
4892,1.3452103333547711,3.4337031142786145,-0.4370225164796968,2012-10-26,W
4893,0.9051757543347776,5.405256412923336,-0.713117666003394,2013-08-23,W
4894,1.2412703856825829,6.593001047149301,-0.6831178505046416,2013-02-22,W
4900,3.627268870361149,4.64782290533185,-0.1233284249448835,2007-04-10,W
4901,0.1304941056296229,2.5142017379403114,-0.9013163604825524,2012-01-28,W
4902,3.1743460362777114,9.20705365203321,-0.4872395502626728,2013-11-12,E
4903,1.51302429754287,3.977141207549721,-0.4488237936945117,2013-02-24,W
4904,0.2388424398377537,3.3855755254626274,-0.8682036993940386,2012-01-02,W
4906,0.4332288512960076,0.5176123236306012,-0.0887461277021559,2012-06-13,W
4908,0.2750440761446953,4.688468798995018,-0.8891736223662368,2004-08-20,W
4911,1.1020079739391804,1.562256031204015,-0.1727486676906574,2004-12-01,W
4912,0.3239675536751747,1.842491013929248,-0.7009243024354214,2007-04-16,W
4914,2.446179431863129,3.1978634232655168,-0.1331818362646222,2006-11-24,W
4918,0.4385179984383285,3.997581190429628,-0.8022956747499441,2012-04-12,SPLIT
4919,0.7516377847641706,3.6758206244558096,-0.6604653436385762,2004-09-13,W
4920,0.6691993437707424,5.183376355562359,-0.7713145875764125,2005-08-01,W
4921,2.611647832673043,5.809175123460591,-0.3797167221593377,2011-06-09,W
4925,1.892240240704268,9.607759385369718,-0.6709147300467173,2008-04-09,W
4928,0.8110943147912621,0.7531471769325435,0.0370448796846728,2006-01-09,W
4930,2.0022944333031774,9.175448573194444,-0.6417354680386613,2005-05-19,W
4932,0.1305657150223851,2.861509703099728,-0.9127256524136766,2003-11-21,SPLIT
4934,0.4570549447089433,3.422335358336568,-0.7643676407859683,2009-12-05,W
4937,2.077627339400351,4.463060072623193,-0.3647067323286861,2013-08-29,W
4938,0.5105508118867874,5.682550089433789,-0.8351227212273133,2024-02-01,W
4941,0.4419342605397105,2.5149513026699424,-0.7010812551972093,2008-02-25,W
4945,1.1797196101397276,15.520540622994304,-0.858718415920305,2004-06-02,W
4946,1.3996414127759635,15.62063042446971,-0.8355324255499225,2006-04-30,W
4949,0.6061460133641958,4.5035580433905125,-0.7627471154368363,2024-11-19,W
4955,0.3320960681885481,6.419500524178147,-0.90162443397034,2011-12-28,E
4956,1.1705341478809714,4.0503088706173,-0.5515919004904535,2009-10-20,W
4957,0.2922305860556662,5.672318652272224,-0.9020108395859124,2004-06-17,E
4959,1.180898238439113,13.056149408221245,-0.8341091119805955,2010-02-27,W
4963,0.245164860971272,3.221950646489858,-0.8585770445523873,2008-06-12,W
4964,1.4007837232202291,2.5432877959683537,-0.2896763071332142,2013-02-14,E
4965,0.8955309167504311,1.5868344488553705,-0.2784858110264335,2008-01-13,E
4971,0.7106277057901025,2.9861656930297613,-0.615543727157019,2007-01-29,E
4972,0.7097861864604056,12.695544937159866,-0.8941038934562079,2005-09-21,W
4977,0.248772578779608,3.533765323460102,-0.868462611500739,2007-11-16,W
4980,0.4065748155117035,2.428261831402778,-0.7131582054616178,2009-12-06,W
4989,0.5809987355023623,3.922325110062957,-0.7419689298717097,2010-02-24,W
4993,1.2941563371568918,3.55322029767558,-0.4660384638331897,2012-02-02,W
4998,1.3302042800933125,3.4528415771201253,-0.4437835973964506,2013-02-06,W
4999,0.5672896229662001,2.1707626255229115,-0.5856254216627679,2013-10-31,W
5001,0.9411965757608414,1.3120014141313732,-0.1645682447941937,2012-12-15,W
5002,0.0508486106991767,1.8412847518920896,-0.9462526144245846,2007-07-26,W
5004,2.3826050981879234,2.8511249469593167,-0.089519299759398,2014-03-20,W
5006,0.0225411364808678,1.017515450716019,-0.9566540191008296,2011-03-08,SPLIT
5007,0.1138277286663651,3.3031520918011665,-0.9333752409159636,2012-12-14,W
5008,0.1262638438493013,2.129203498363495,-0.8880375330765194,2012-08-22,W
5009,0.1715430524200201,6.148120868951082,-0.945711337009429,2006-03-05,W
5010,0.6503357691690326,7.855925288051367,-0.8470924499507503,2007-05-22,W
5011,4.093872515019029,12.025745353195816,-0.4920633294798262,2006-05-29,W
5015,0.1573934629559517,3.872461716644466,-0.9218862932081748,2004-12-03,W
5017,1.3240711987018583,4.812033993192017,-0.5684326923041306,2006-11-15,W
5021,0.3420061841607094,7.230796381831169,-0.9096751351482332,2006-09-21,W
5023,1.5586842531338334,7.196210142225027,-0.6439284855427967,2003-11-13,W
5025,1.367887670174241,2.4982994059100747,-0.2923841276921408,2005-08-15,W
5027,0.0861311107873916,1.5400076564401388,-0.8940667149400944,2005-09-13,W
5030,1.077340149320662,4.418144097551704,-0.6079180283578792,2003-11-25,W
5032,0.6863756901584566,3.735884984955192,-0.6895815328022642,2007-06-14,W
5033,0.2454119715839624,2.155486680567265,-0.7955665714048622,2004-09-10,W
5034,0.1662634760141372,1.3486549872905016,-0.7804984492012318,2005-05-25,W
5037,0.8761447072029114,8.196141611784697,-0.8068525008145718,2004-10-22,W
5038,0.7723920308053493,4.269379260018468,-0.6936029080845162,2007-02-13,W
5046,3.99275535531342,17.289986955933273,-0.6247893906788701,2006-05-19,W
5048,0.3888380834832787,2.336954561062157,-0.7146972391595984,2009-03-03,W
5050,2.904131766408682,0.9079258926212788,0.5236557398491307,2003-10-22,E
5051,2.191731025464833,2.8184948903508484,-0.1250969268486272,2014-02-21,W
5052,0.513977553229779,9.588994145393372,-0.8982522036956169,2006-11-22,SPLIT
5053,1.9570610346272588,6.939044089987874,-0.5600184558942685,2004-11-06,W
5057,0.3702803398482501,5.633868597447872,-0.8766585094021873,2004-06-25,W
5059,2.0995388412848115,10.430007743649185,-0.6648659507264677,2003-06-22,W
5060,1.066146562807262,2.941921000368893,-0.4679997050934749,2005-02-27,W
5061,1.68149181175977,2.861332246568054,-0.2597151947025467,2002-12-26,W
5063,2.889471143484116,1.7153187347576022,0.2549850133823248,2015-03-18,E
5064,0.6937327608466148,6.49177672713995,-0.8069078436242083,2008-05-28,SPLIT
5065,1.0146276680752635,5.088537307456136,-0.6675077039066099,2004-11-11,W
5067,2.40873110992834,7.343070978298783,-0.5059926179518067,2009-02-26,W
5069,0.271648796275258,2.306358599103987,-0.789256775009607,2010-02-23,W
5071,0.5635072160512209,6.661957524716854,-0.8440218764414754,2007-03-26,E
5072,3.686501062009484,3.1327035073190928,0.0812114593513121,2013-10-14,W
5077,0.8859151471406221,2.3749762042425573,-0.4566423399754978,2005-12-06,W
5078,0.943068220745772,4.596438750624657,-0.6595118570587178,2004-11-22,W
5081,0.3022966748103499,7.930702271405607,-0.9265646268666768,2024-05-17,W
5087,0.2457522386685013,6.534600537270308,-0.9275104860204156,2010-04-12,W
5088,2.3387902351096272,15.039610303472728,-0.7308394141431408,2007-02-04,W
5090,0.3326501939445734,3.222984099760652,-0.8128884095116911,2003-09-12,W
5091,0.4674101755954325,4.254969574511051,-0.8020446468392153,2008-11-22,W
5094,0.4740961105562746,2.694986351765692,-0.7007991327500782,2009-10-23,W
5096,0.951434978749603,9.256345838308334,-0.813586322864595,2005-09-18,W
5099,0.3275391859933734,1.8365654312074184,-0.697298195853965,2004-08-11,W
5104,0.3806240148842335,7.032819896936417,-0.8973151967123454,2012-09-18,W
5105,0.4825790114700794,7.212320818565786,-0.8745717235754407,2011-07-24,W
5106,1.2374461675062776,5.099879353074357,-0.6094736924944307,2010-07-15,W
5108,1.0005021700635552,5.570528483949602,-0.6954809001072422,2010-02-20,W
5112,1.0560941989533603,4.0570163037627935,-0.5869073440158814,2010-07-14,W
5116,1.6261601275764406,10.58584466110915,-0.7336784327036224,2004-11-26,W
5117,1.0311601553112268,8.839323564432561,-0.7910618801287301,2004-11-25,W
5121,0.8490785071626306,4.386530560441315,-0.6756524422662651,1991-05-18,W
5129,0.0418213373050093,0.9470280036330224,-0.9154141372723272,1992-06-21,W
5154,1.4226076090708375,19.236398562788963,-0.8622772463266852,1990-11-27,W
5155,0.4371142508462071,2.9451792892068624,-0.7415279036722996,1993-04-26,W
5157,0.79721769830212,2.741215594112873,-0.5493950952748973,2006-11-06,W
5158,0.1760305184870958,3.58104008436203,-0.9062937394074744,2004-10-05,W
5159,0.1486828713677823,5.396506451070309,-0.946374104571462,2002-11-29,W
5161,0.1653827396221459,4.283687279559672,-0.9256551419017576,1992-12-08,W
5162,0.7580590471625328,4.784750523045659,-0.7264711920693235,1992-03-26,W
5165,0.1548638772219419,1.3607934433966875,-0.7956479012562936,2005-01-28,W
5182,2.814394749235362,18.494350043591112,-0.7358460316082825,2024-02-17,W
5189,5.349220908246934,62.31250993628055,-0.8418834149975044,2006-10-29,W
5194,0.8355307565070689,10.9504321962595,-0.8582159540368536,2010-08-20,W
5200,1.4857574715279045,6.8408095663180575,-0.6431284430245617,2011-11-04,W
5203,1.062622199766338,9.98008231818676,-0.8075431253205874,2011-11-14,W
5205,1.8933153143152597,6.40393387991935,-0.5436281905017117,2010-03-10,W
5206,1.8593069920316336,6.68287431448698,-0.5646762986374305,1998-08-12,W
5208,0.6222675237804651,3.85935078561306,-0.7223023109859462,2009-10-23,W
5209,3.37109246943146,14.17689154855907,-0.6157857830306138,2011-01-16,W
5212,0.0949695622548461,0.8258730228990316,-0.7937333399076607,2010-09-04,SPLIT
5213,0.13871203456074,0.6804277831688523,-0.6613226910503791,2008-05-27,W
5216,0.2773090107366442,13.231258630752563,-0.9589432398612836,1981-06-09,W
5218,2.105115072336048,12.609741855412722,-0.7138789615593677,2013-09-29,W
5230,1.7659008200280368,9.33003468811512,-0.6817031211595621,2000-02-03,W
5231,1.5201233131811025,10.745495026465504,-0.7521326245301587,2012-09-17,W
5235,0.4015723867341876,3.514547400176525,-0.7949131239157671,2011-11-09,W
5236,3.335541792679578,19.66043369472027,-0.709902126612757,1991-10-20,W
5242,2.506315350532532,4.309672503732145,-0.2645775185868342,2004-07-05,SPLIT
5244,0.4111167369410395,6.116953197866678,-0.8740464667054503,2013-11-26,W
5245,4.913073479197919,8.920522138709202,-0.2896895912096409,1982-04-24,W
5252,1.1743169776163995,4.332385651767254,-0.5734954085406556,2005-03-03,W
5253,4.006184429861605,7.968907753005624,-0.3309138053077502,2010-07-18,W
5256,2.208205731585622,8.83797764312476,-0.6001866605543621,1992-07-14,W
5258,1.4382089357823131,3.3489997144788504,-0.3991450797933981,2009-10-24,W
5270,2.064172288402915,9.857224751263857,-0.6537029541864936,2022-12-16,E
5280,1.4987940872088077,12.542727530933917,-0.7865197052045066,1993-08-08,W
5281,1.2623211843892932,6.725762460380793,-0.683948931802662,1983-08-17,W
5282,1.7319096997380257,11.17677572183311,-0.7316675334198983,1981-06-06,W
5287,3.791739721316844,7.796668355353177,-0.3455978256494761,1992-11-14,W
5294,2.413325797766447,0.7336406847462058,0.5337473793742429,1985-02-24,E
5299,0.3602402489632368,1.5741055300459266,-0.6275327266998998,1981-09-20,E
5304,0.6735687772743404,7.756577524356544,-0.8401999791760547,1991-11-28,E
5308,0.833821402862668,1.0680497025605291,-0.1231567686316041,1982-07-25,E
5316,0.5026120115071535,0.2109345393255353,0.4087714695570037,1986-01-16,W
5321,0.4017562661319971,1.5070989793166518,-0.5790605211262527,2012-01-11,W
5325,1.89542942494154,2.908306946977973,-0.2108520209304261,1994-01-23,W
5328,0.957948208320886,11.711115048266947,-0.84877363244308,1995-08-08,W
5330,2.4981708470731974,10.856239585671574,-0.6258657977220707,2012-11-29,W
5332,0.851212602108717,0.2498572277836501,0.5461555280134275,2012-12-10,E
5335,0.3624455360695719,3.0239269081503157,-0.7859387636533518,1994-05-11,W
5343,0.4126394353806972,2.305115049239248,-0.6963379600944715,2023-07-05,E
5352,1.677904819138348,1.286942203529179,0.1318660330937685,1994-10-26,W
5353,1.8820113274268808,8.32917233882472,-0.6313823374566605,1992-04-13,SPLIT
5356,3.620191900525242,10.21526586310938,-0.4766791294696644,2014-03-25,W
5361,0.3280533729121089,7.179855350404978,-0.912611251680847,1991-02-12,W
5363,0.4207024006173014,5.358116649091244,-0.8543984862654778,2011-06-22,E
5364,0.5683525055646896,3.900753310881555,-0.745652697023403,1991-11-14,W
5365,5.38583214301616,10.841630487237126,-0.3362077281293036,2014-04-10,E
5374,1.906553809531033,17.71376537438482,-0.8056551688420676,1992-11-09,W
5375,0.2230507750064134,2.381850647740066,-0.8287453236739729,1991-05-06,W
5379,2.476807455532253,6.692631580866873,-0.4597690336997683,2015-08-12,E
5380,1.0523351156152785,9.846429123543205,-0.80688909448381,1992-08-03,SPLIT
5381,1.0852976320311427,6.949048388749361,-0.7298354765342617,1995-08-30,W
5385,0.6969990339130163,0.3856102703139186,0.2876280135253088,2014-04-12,E
5387,0.2494057426229119,5.400789622217417,-0.9117178339795632,2011-06-25,E
5388,0.8417180106043816,0.6928285378962755,0.097025061151441,2013-04-23,E
5389,1.292208001948893,12.260034080594778,-0.8092997462591432,2011-03-16,W
5392,4.938739640638232,21.559709853027016,-0.6272431228990054,1992-12-20,W
5393,4.112933008465916,11.210714407265186,-0.4631913803702046,2011-05-10,E
5397,2.0035591274499893,0.5867561735212803,0.5469615816255707,2014-01-27,W
5398,1.9030003985390067,0.8057915437966585,0.4050546804993339,2010-11-01,E
5410,0.1425056993030011,2.447206011041999,-0.889944738841636,2014-07-08,W
5412,0.814549557864666,0.4955175938084721,0.2435233672170942,2002-09-21,W
5414,3.201829340774566,9.14991875551641,-0.4815585104530649,1995-08-06,W
5415,0.4733385965228081,1.769894327968359,-0.5779853341529707,1991-03-09,E
5420,1.3052667588926852,11.745520835276691,-0.7999711895585165,2013-05-16,E
5437,0.7339867651462555,1.995778865646571,-0.4622345912287647,2010-06-12,W
5438,3.125702167861164,3.1449512825347483,-0.0030697143169929,2007-08-14,W
5439,1.7935756063088777,1.498539796564728,0.0896189147824315,1991-02-16,E
5446,0.7685018414631486,1.5449553551152349,-0.335624758824209,1987-12-22,E
5451,0.758060410618782,0.983837210573256,-0.129615424699781,2003-09-02,W
5454,0.9681039294227958,0.9226662451401352,0.024031310041761,1985-04-01,W
5474,0.9924088823609054,7.154007473960519,-0.7563569454460308,1993-06-30,E
5484,0.4702643761411309,1.4477835651487112,-0.509642729967277,1997-06-29,W
5487,1.013910623267293,7.447186410427093,-0.7603358951611108,1987-07-18,W
5489,1.1038502929732203,8.167291238904,-0.7618739204491264,2010-04-09,W
5491,1.079776777420193,7.070343293715268,-0.7350280074413363,2009-10-12,W
5507,1.32255841139704,2.246958600357175,-0.2589706635143856,,E
5509,2.570365128107369,8.100193936377764,-0.518232341422,2003-08-30,W
5515,2.712634690105915,4.1223818878643215,-0.2062536618128944,1999-06-13,W
5523,1.288050191476941,1.7435140586458149,-0.1502405456688837,1992-05-20,W
5524,2.055546055547893,2.5561795770190656,-0.1085566578236363,2005-10-09,W
5525,1.2610188741236923,2.2846719259396195,-0.2887034176238266,1994-11-25,W
5528,0.1559418821707368,2.9723236113786697,-0.9003013762784875,1990-08-22,E
5531,0.5313975485041738,5.104602783918381,-0.811427424711962,1998-05-19,W
5533,0.1747851744294166,2.2839162349700928,-0.8578231795356285,2024-04-15,W
5536,1.265730369836092,0.2205894701182842,0.7031736182362915,1990-08-21,W
5544,1.4507147357799113,1.5860236948356032,-0.0445573308822063,2014-01-25,W
5547,2.725562513340265,4.800124772358686,-0.275664159333385,2016-04-12,W
5549,5.084386778995395,2.4927696976810694,0.3420302971558445,2015-08-04,W
5554,0.1171985771507024,0.0633961828425526,0.2979178039820275,1991-12-29,W
5555,2.8481957288458943,9.85120016336441,-0.5514439028405709,2004-02-02,W
5566,0.3221444711089134,0.0415416890755295,0.7715519938682983,1982-05-01,E
5567,1.216116744093597,6.102672384120524,-0.6676726920835117,2013-04-06,W
5569,0.6308089764788747,5.615172605961561,-0.7980112595103735,1994-05-28,W
5570,0.9915704345330596,7.19328222842887,-0.7577059782589637,1994-09-18,W
5574,0.254752267152071,0.0312752416357398,0.7813130508413304,1990-07-28,E
5577,1.1148981507867577,3.8476479463279247,-0.5506749442850493,1994-06-14,W
5578,1.4970188699662683,1.9443470048718157,-0.1299856368589299,1992-03-15,W
5581,2.6353407721035182,18.564809105359014,-0.751384703661414,2024-11-20,W
5587,3.394158286973834,2.310884512029588,0.189880043517515,2022-09-09,W
5588,0.5535828089341521,3.1364951618015766,-0.6999614570073007,2012-12-25,W
5590,0.6343837510794401,0.3707184754312038,0.2623268247681886,1993-07-01,E
5591,4.139025183394551,13.932185424258932,-0.5419205416551485,1983-01-16,E
5596,1.7150147473439574,3.035135308280587,-0.2779113386898645,1985-09-29,W
5600,4.900564240291715,6.521962176542729,-0.1419474008710776,,W
5603,2.153397863730788,7.530740822665393,-0.5552732290469865,1993-06-16,W
5605,0.2580402232706547,2.347981236875057,-0.8019661562904952,1982-03-14,E
5610,1.886339747812599,10.855197033844888,-0.7039070278353714,1984-11-06,W
5611,0.3041240749880671,1.7737798914313316,-0.7072780264118932,1994-12-11,W
5613,1.5827754512429235,2.1929366514086723,-0.1616016220455698,1983-12-20,E
5617,1.669664758257568,5.927355055231601,-0.5604421735762192,2003-12-30,W
5619,3.733008840121329,7.020987342577428,-0.3057448084039269,1987-07-19,W
5622,0.9278357261791824,1.3354618018493056,-0.180102735332821,1984-04-15,E
5623,0.4041523924097419,1.5555707095190885,-0.5875413296784078,1980-10-23,E
5624,0.1963136186823249,6.050923854112625,-0.9371518628713292,1985-03-14,E
5625,1.0949318911880257,2.3700991780497134,-0.3680103472035648,1982-04-11,E
5628,1.7006648150272667,5.29020951455459,-0.5134614828273576,1985-06-15,E
5629,0.6384237688034773,1.3094258587807417,-0.3444835168354944,1985-07-30,E
5630,0.3053034646436572,3.583778038620949,-0.8429945659982706,1985-06-19,E
5632,2.132819976657629,4.757249301299453,-0.380900281081004,1982-07-25,E
5633,0.5687846196815372,9.413933154195549,-0.8860461384232691,1983-04-26,E
5641,0.1526103150099516,1.928831458091736,-0.8533609568304531,1989-11-26,W
5642,0.321186545304954,4.63020368013531,-0.870264095261516,1989-11-26,E
5651,1.5753567721694708,5.160246513783932,-0.5322299413164592,1985-02-24,E
5653,2.613937406335026,10.857973071280869,-0.6119425807232773,1997-06-03,E
5654,0.5406596474349499,1.7898943163454533,-0.5360247770807149,1997-05-02,E
5661,0.4900104850530624,0.0655775503255426,0.7639346200778536,1987-12-06,E
5663,0.7506643277592957,2.071690211072564,-0.4680580930344625,1991-08-20,E
5669,0.1324229622259736,4.513147845864296,-0.9429895839728326,2012-05-06,E
5672,0.6150626754388213,2.5558797060512006,-0.6120631651779745,1988-09-14,W
5674,0.6052723210304976,2.8475945042446256,-0.6494088236475241,2013-10-24,W
5678,2.043843378778547,1.0324592711403966,0.3287661269818397,1994-02-15,W
5680,2.106596348807216,6.499786770902574,-0.5104572223880951,1991-12-20,W
5685,0.1492482414469123,0.8965116422623396,-0.7145649899709398,1991-12-27,SPLIT
5686,0.367205420974642,1.5676554460078478,-0.6204322210024051,1992-05-27,E
5687,0.0373298786580562,0.6904569379985332,-0.8974153479998546,1990-09-28,E
5689,1.7287521129474044,8.022984922863543,-0.645447348180269,1988-02-01,W
5690,2.024199507199228,4.526035545393825,-0.3819459940149489,2017-07-11,E
5694,0.7835370460525155,13.653019681572914,-0.8914509795048836,2015-12-04,W
5704,1.6933436132967472,0.4731318741105497,0.563224345845661,1998-12-19,W
5707,1.600874582771212,8.58324789442122,-0.6856136429315832,2012-03-11,W
5708,1.6292953910306096,4.879226063378155,-0.4993347099049042,2010-06-28,W
5709,1.014805495273322,9.39953668601811,-0.8051138559482433,1985-05-23,W
5711,0.3353099469095468,6.144834846258164,-0.8965115880547834,1986-10-22,W
5713,3.077359132003039,15.8614049134776,-0.6750200673482991,2016-02-11,W
5715,1.0082638990134,7.434555522166192,-0.7611546928305828,1986-06-27,W
5717,0.707303561270237,0.6818672027438879,0.0183104620290383,1993-02-25,W
5718,0.7602254296652973,4.16865476872772,-0.6915220500131034,2004-03-14,W
5720,0.6032250206917524,6.088698118925095,-0.8197154963956443,1981-09-12,W
5721,0.2276658844202757,2.8259813897311687,-0.8508892062630478,2015-09-15,W
5723,0.3659521043300628,6.035137462429702,-0.8856594332843398,2007-09-29,SPLIT
5724,1.4386265985667706,10.827843630686402,-0.7654375591869443,2013-07-07,W
5726,4.80121978931129,23.2975101377815,-0.6582607255367594,2024-03-24,W
5727,1.9288856107741597,2.8211990729905665,-0.1878521166719511,2000-04-12,W
5728,0.2520480286329984,0.1226507583633065,0.3453367738567636,2003-12-22,W
5729,0.0511006200686097,0.3789547625929117,-0.7623533055080488,1991-10-11,W
5731,5.00776661420241,7.390492282574996,-0.1921822804484038,2004-02-09,W
5740,0.5019478783942759,5.12845841422677,-0.8217010097290788,1988-02-06,E
5741,1.0355579410679638,1.3464084612205625,-0.1305016392564612,1988-10-22,E
5742,1.6208210419863462,1.103650621138513,0.1898241144686634,1988-10-12,E
5743,1.2271229140460491,2.377503215335309,-0.3191399773508201,1996-04-14,E
5744,0.1038969322107732,2.3846356235444546,-0.9164994390200368,1980-12-07,W
5745,0.99525064881891,1.5335236308164897,-0.2128592442323381,1988-11-02,E
5748,0.1314325779676437,1.045662134885788,-0.7766830883991954,2007-05-11,E
5751,2.05308741517365,4.319325305055827,-0.3556326291747487,2005-03-15,W
5753,0.2841577660292387,1.4180874628946183,-0.6661376854506286,2013-01-12,W
5756,2.7448442950844765,1.2554367589764297,0.3723257231128034,1995-11-01,W
5758,3.4007655140012503,7.406292997766286,-0.370639936797154,2015-04-15,E
5760,0.7143388227559626,8.609795454889536,-0.846776375911058,2014-06-25,W
5762,1.3358110785484314,2.7721789982169867,-0.3496522369399646,2013-11-25,W
5763,3.307609905488789,11.67195840086788,-0.5583838148278993,2008-06-01,W
5768,0.6064065843820572,0.9668090133927764,-0.2290864834548078,1985-07-01,W
5772,0.4796101711690426,0.0213549230247735,0.9147448663679988,1997-10-07,W
5773,0.5946344910189509,0.9513990711420774,-0.2307612129870028,2011-06-28,W
5776,1.1371711236424744,5.378970365040004,-0.6509679461018798,2000-09-29,W
5783,8.45403072796762,2.7019478424917907,0.5156054082701989,2009-09-06,W
5792,1.3901893086731434,0.1323525065090507,0.826142697442269,1995-07-05,W
5794,6.842505307868123,1.903575177770108,0.5647021129301945,2003-09-30,W
5797,1.637824259698391,0.9839842007495464,0.2493851357993124,1983-11-09,E
5803,1.1743987752124667,4.926681927405298,-0.6150194260800779,1980-08-21,E
5806,4.094658483751118,6.388600242789835,-0.218819531109236,1988-12-05,E
5812,1.0657239444553852,2.045508461305872,-0.314918459654716,1982-11-06,E
5817,0.8423087457194924,2.961853302083909,-0.557164634347721,1986-04-10,E
5819,0.1329441051930189,0.1889899745583534,-0.1740911350809591,1985-01-01,E
5821,0.219277823343873,1.525145372375846,-0.7485956115668628,1993-03-28,W
5825,3.3241115985438228,3.0504213818348944,0.0429349440266956,1984-02-12,W
5827,2.2492064838297665,2.6023550969548523,-0.0727907102166268,1982-05-27,W
5831,1.1775725185871124,0.2352573401294648,0.6669700336833092,1982-05-21,W
5841,0.8288483736105263,5.6514671365730464,-0.7441950558399836,1986-09-11,E
5842,0.8062751851975918,1.976742948871106,-0.4205749683570696,1984-09-02,E
5846,0.8726670667529106,5.885267809964716,-0.7417355796784056,1990-11-30,W
5865,0.5384245701134205,1.883997330442071,-0.5554658996517239,1993-06-13,W
5866,0.5000583594664931,1.765754388645291,-0.5586057498498089,1987-09-19,W
5868,3.132495963945985,2.002088031964377,0.2201556996402718,1982-06-06,W
5872,0.5681433286517859,4.762884551193565,-0.7868541146445249,1984-10-16,W
5873,2.416218518745154,17.60316523583606,-0.7586120983177009,2005-05-28,W
5875,0.5760123254731297,3.035386746749282,-0.6810032267527836,1986-01-26,E
5876,0.7361775552853942,1.5857142843306065,-0.3658812674001837,1981-07-24,W
5877,0.3058674740605056,6.308828948065639,-0.907518817329898,1981-08-10,W
5880,1.686872562393546,1.691084056161344,-0.0012467578016435,1987-04-07,W
5884,1.7294172197580338,6.377748555969447,-0.5733608346985763,1986-10-05,W
5887,2.2610486019402742,7.239314726786688,-0.5240079723890909,1987-12-13,W
5897,1.320272522047162,6.277169805020094,-0.6524428971724393,1989-12-17,W
5900,2.2629641350358725,0.6228379583917558,0.5683432624776701,1982-08-08,W
5905,1.023790697567165,4.5386826898902655,-0.6318937184037662,1984-01-18,W
5907,6.698232873342931,2.9548940886743367,0.3877850979684971,2014-03-18,W
5915,0.4114563129842281,0.7598405405879021,-0.297434614069782,1995-12-20,E
5916,0.0574067872948944,2.680766507051885,-0.9580692811416316,1997-05-28,E
5924,0.6939897704869509,1.178282406181097,-0.2586657227133233,2011-12-16,W
5927,1.623900707345456,9.17446953151375,-0.6992322597900917,2006-10-13,W
5930,3.898949266411364,15.374079431407154,-0.5953983852207955,1994-08-21,W
5931,1.695302731823176,6.65308396355249,-0.5938609952597107,1989-11-20,W
5932,1.0401755161583424,2.691036314703524,-0.4424462810956004,1991-10-06,E
5933,0.4435074422508478,1.0082848351448774,-0.3890207997984103,2004-02-05,W
5937,5.846494257450104,2.534176069777459,0.3952330849849821,1998-05-20,W
5939,2.4937431337311864,7.590396740008146,-0.5054128235119916,1985-07-16,W
5944,0.2308652745559811,0.7446652967482805,-0.526687771050408,2001-04-01,E
5950,2.3362384769134223,5.4658529525622725,-0.401125070622091,,E
5954,2.4209611620754004,0.596566007938236,0.6045994124812852,2002-08-21,W
5956,2.116390249691904,3.5684976633638144,-0.2554329013834723,2012-08-12,E
5970,0.4629124440252781,0.8480546418577433,-0.2937847959567597,2001-06-03,W
5974,0.1113755339756608,1.8728945665061476,-0.8877415590255971,1981-10-03,W
5976,0.1298340102657675,1.7173121944069862,-0.8594220533948485,1982-08-15,W
5980,0.3262151293456554,0.3141560517251491,0.0188313871344471,1982-09-09,W
5982,4.041672165039927,12.84292320907116,-0.5212592217356625,2009-12-16,W
5983,7.024216181132942,2.8679820941761136,0.4201527275621209,2014-04-27,W
5984,0.2082948833703994,0.2349506337195634,-0.0601376648411623,1989-01-28,E
5988,0.1447132932953536,3.63733740337193,-0.9234736364463144,2017-07-11,E
5992,3.173226005397737,7.131059161387384,-0.3840958486617742,2006-04-14,E
5997,2.333020070567727,4.230801606317982,-0.289127528012064,2012-03-13,E
5998,0.5431194547563791,1.641503483057022,-0.5027796830694808,1997-08-21,E
6000,1.84748730622232,3.986366469413042,-0.3666322889550675,1994-01-25,W
6001,0.0890463483519852,1.0415241639129815,-0.8424753743594241,2003-06-16,E
6004,0.181981960311532,1.0378012899309397,-0.7016159054886054,2004-12-03,W
6008,0.1679740590043366,1.467136688530445,-0.7945410618112755,1999-04-06,E
6010,0.2339939279481768,1.8544976776465771,-0.7759206430883128,1982-06-12,E
6013,0.5946404756978154,2.917051535099745,-0.6613367722056617,1988-07-10,E
6020,0.9883416993543506,2.0500685246661305,-0.3494349831098625,2001-11-26,E
6022,1.9655943093821409,9.376309253275394,-0.6533925194260942,2007-03-28,W
6024,0.1506483685225248,6.9364864230155945,-0.9574868058942876,1993-08-15,E
6028,0.5832123393192887,0.7614552332088351,-0.1325553598011569,1991-09-12,W
6031,3.689668864011765,5.940880540758371,-0.2337573467647981,2008-05-30,W
6032,4.96056502033025,6.310069482307881,-0.1197363344239076,2008-05-30,W
6034,3.063972855452448,17.517464950680733,-0.7022586192166081,1991-10-29,W
6040,0.2712796349078417,3.259358998388052,-0.8463282917997065,2024-01-08,W
6043,2.545533675700426,7.27012534532696,-0.4813320898275803,2007-12-05,W
6045,1.0266825528815389,5.127436838112772,-0.6663429850307169,1994-11-24,E
6046,0.1933400328271091,4.256158947944641,-0.9130958188042864,1988-12-20,W
6047,0.4409192018210888,0.1605022037401795,0.4662570960851446,1995-01-25,W
6049,0.189010034315288,1.25941002368927,-0.7390121280479218,1992-01-09,E
6050,2.163594325073064,12.677158291451631,-0.708425255648514,2001-05-17,E
6059,0.156342489644885,1.648150849621743,-0.8267186846931358,1986-09-16,W
6060,4.439572025090456,3.918708349112421,0.0623170858907262,2000-02-07,E
6070,0.5331953717395663,4.107208679430187,-0.7701944202011703,1990-03-24,W
6074,2.871198320761323,4.823099631816149,-0.2536815344408017,2006-09-28,W
6075,1.5166140235960484,4.737762417644262,-0.5150231081084257,1995-09-07,W
6076,0.7949510416947305,4.491026152856648,-0.6992226744699197,1984-02-23,E
6079,4.484327787999064,9.87283815536648,-0.375318526554823,2015-08-13,W
6085,1.894996207207441,0.9966716268099844,0.3106596718438071,1999-04-24,W
6091,0.341187157202512,5.358889538794756,-0.8802868187922657,2012-06-03,W
6101,0.5460835630074143,1.8018272379413247,-0.5348344896347669,1982-07-28,E
6102,1.2677880236878991,6.473212543874979,-0.672448538758504,2011-07-30,E
6103,1.095908107701689,4.4921767599880695,-0.6077696979734432,1990-11-04,E
6104,0.2964225681498647,2.2419241960160434,-0.7664443862951472,1983-02-27,E
6113,2.193165567703545,8.67198658362031,-0.5962936299172545,1981-11-24,W
6124,0.1596567956730723,1.7755685271695256,-0.8349992698121844,1987-05-01,W
6129,4.671905221417546,12.981262744870037,-0.4707006436080185,1986-04-27,W
6131,5.107796742580831,27.73901088861749,-0.6889928056369334,1981-11-15,W
6135,2.730333431623876,0.7886262866668403,0.5517844193737006,1986-01-25,E
6137,0.168542927596718,2.5244691697880626,-0.874829431504723,1983-08-13,E
6142,2.935222050640732,5.071298829978332,-0.2667921324614308,2000-01-23,E
6147,10.098194838501511,30.877789709949862,-0.5071164268640661,1981-01-18,W
6151,0.5172752477228642,6.676240790635347,-0.8561829166807972,1987-02-07,E
6154,8.971117993816733,12.659287041053176,-0.1705085522573735,2007-01-16,W
6156,0.3701510983519256,4.48527405411005,-0.8475309219153911,1983-11-11,E
6157,0.2274473435245454,4.152984447777271,-0.89615300300914,1984-03-28,E
6158,0.361512029543519,0.6216792068444192,-0.2646150287673855,1986-11-10,W
6162,0.7057148814201355,7.083684833720326,-0.8188012151825182,1986-04-22,W
6163,0.2856644275598228,4.0047649862244725,-0.8668364398945834,1981-09-13,E
6164,1.7014966192655263,8.163561441004276,-0.6550457972227445,2006-04-17,W
6167,1.8434247998520727,1.516598301474005,0.0972691224203144,1984-08-07,W
6169,1.608385456725955,9.541753150522707,-0.7115039528422176,1988-05-27,E
6170,0.8600523257628083,2.942444035317749,-0.5476380545339006,1981-04-26,E
6171,1.55137940030545,4.379952275194228,-0.4768866469855626,1980-07-10,E
6182,0.2865865072235465,1.84593085385859,-0.7312223455208027,1995-01-31,W
6196,0.1951417932286858,1.4049706868827343,-0.7560899053603085,1993-07-11,W
6287,0.2066100873053074,2.476382048800588,-0.8459853202509903,2004-02-25,W
6313,0.0749180614948272,1.800535500049591,-0.9201067272136634,1995-08-08,W
6317,0.3721301723271608,0.6837399825453758,-0.2951213354974855,1996-01-30,W
6372,0.0774417594075203,1.2828037291765213,-0.8861356129347254,2003-11-27,E
6398,0.445753363892436,0.7796363378874958,-0.2724708503015879,1985-08-06,W
6404,3.2768921400420368,2.3777443445287645,0.1590107158906715,1985-07-22,W
6405,2.0117980875074863,4.093451377935708,-0.3409612174261528,1985-08-20,E
6407,0.3082188023254275,4.904770523309708,-0.8817496898333602,1983-11-18,W
6419,1.158297342248261,11.35936821438372,-0.8149339687966034,1994-05-29,W
6421,0.9582945867441596,14.004005720838904,-0.8719054467502004,2003-07-20,W
6424,1.807269032113254,11.505410654470325,-0.7284890683676599,1992-06-15,W
6425,2.0422621071338654,11.20110145607032,-0.6915795451227357,2003-07-15,W
6426,1.2615426038391888,13.196129112504424,-0.8254846798861125,2002-12-23,W
6429,1.7628325745463371,9.98336409078911,-0.6998462353777823,1998-08-17,W
6433,1.3126163939014075,12.78932190965861,-0.8138388687219762,2008-09-25,W
6434,1.6117675136774778,4.898217333480716,-0.5048321765660282,2007-07-15,W
6437,1.591345464810729,11.340479243546724,-0.7538869416034278,2010-11-21,W
6440,0.516541151329875,5.6912635657936335,-0.8335833116961707,1988-05-05,W
6441,0.942076502367854,4.587190693709999,-0.6592400153725835,1987-02-17,W
6444,0.3731250828132033,2.3176949163898826,-0.7226681212982886,1980-10-26,W
6448,0.1482659000903368,0.3918040422722697,-0.450938152780902,1981-11-20,E
6452,3.996831527445465,22.139804650796577,-0.6941586897266411,1992-07-06,W
6453,5.460436355322599,17.2127917339094,-0.518336221570837,1991-11-10,W
6454,1.352377116214484,8.142520911525935,-0.7151360420588575,1981-06-19,W
6455,0.6113545391708612,5.918067077873275,-0.8127385318248058,1985-07-23,E
6456,4.179836842697114,15.347638525767252,-0.5719019725972799,1985-01-01,E
6457,0.4741253471001982,1.3431551815010607,-0.478203458807357,1982-09-17,E
6459,0.1636697771027684,1.2290955921635032,-0.7649715009939191,1986-01-29,E
6460,5.73665904160589,9.540609465911984,-0.2489941459387153,1998-05-29,W
6461,2.635982265695929,2.499380216933787,0.026600273928894,1998-05-17,W
6463,8.33724471181631,9.516707665286958,-0.0660617284374063,1998-05-16,W
6466,0.4254263946786523,5.017854760400951,-0.843687517672288,1998-05-14,W
6468,1.392207857221365,2.056981546804309,-0.1927333096891895,1998-05-29,W
6470,1.250479849986732,4.310137677937746,-0.5502370577701813,1998-05-14,W
6473,2.330810012295842,11.8655862249434,-0.6716335648363886,1998-06-01,W
6476,5.948974282480776,11.070640491321685,-0.3009272699123696,1998-05-29,W
6477,5.536954737268388,6.882568388944492,-0.1083466440700865,1998-05-31,W
6479,2.227380125783384,5.533484233543277,-0.4259968934757039,1998-05-14,W
6480,0.4662394635379314,2.4874849803745747,-0.6843040219955708,1998-05-31,W
6481,1.9417934641242027,10.119755401276052,-0.6780192186270922,1998-05-15,W
6482,0.8716929075308144,3.666780891828239,-0.6158651802047519,1998-05-15,W
6483,3.727264415938407,7.908350839279592,-0.3593352247931896,1981-06-21,W
6484,1.4857804151251912,7.30321504175663,-0.661899833168727,1983-07-14,W
6485,4.264675288461149,9.193253078032283,-0.3662211341413871,1986-11-09,W
6487,0.8817767957225442,4.057822740636766,-0.6429764035597219,1985-05-12,E
6488,8.310362232849002,6.1905655700247735,0.146183519540314,1982-11-04,W
6489,4.216332780197263,19.028983071213588,-0.6372316205854717,1981-12-22,SPLIT
6491,0.0555478436872363,1.6942018568515778,-0.936507668873326,1981-07-11,W
6493,0.5435031889937818,7.536975441500544,-0.8654774763110868,1986-05-05,W
6507,3.5134942452423275,16.057732064276934,-0.6409530818685882,1986-05-02,E
6519,0.1288205357268452,0.97468151897192,-0.7665241579230334,1982-01-20,E
6522,1.7584912390448153,4.990805889246985,-0.4789112982820727,1984-03-29,E
6524,5.738534458912909,7.413952290546149,-0.1273841109706512,1983-03-27,E
6525,3.4728669836185877,22.15664887521416,-0.7289947260223341,1996-04-20,W
6526,0.7028229162096977,8.178936274722219,-0.8417379032460854,1980-09-23,W
6531,0.3937961286865175,3.126679422333837,-0.7762824237919959,1983-09-04,E
6532,0.1639561792835593,2.2257001474499702,-0.8627784443731239,1982-08-23,E
6533,1.399180899374187,3.5902199973352253,-0.439138714911769,1986-09-30,E
6534,5.809674576390535,13.358249818440529,-0.3938128660443378,1981-12-15,E
6535,0.6191766234114766,6.575832796283066,-0.8278871958896817,1982-03-06,E
6536,1.068973640911281,2.3307264829054475,-0.3711365108806326,1984-07-06,E
6537,1.0871236007660627,4.011239904444665,-0.5735401763113727,1982-02-12,E
6538,0.5339738763868809,3.0385636165738106,-0.7010674471915994,1984-04-12,E
6539,0.211153918877244,4.70876008272171,-0.9141635732620216,1984-04-09,E
6540,3.7699107327498496,10.458217632956805,-0.4700763676216877,1985-05-19,W
6541,2.1288586296141148,9.012326331809165,-0.6178398191959532,1982-11-17,E
6545,2.556050152517855,5.611243298277259,-0.3740765731224701,1981-07-28,E
6546,0.3570070993155241,5.5376504547894,-0.8788709620400762,1981-11-21,E
6548,2.6319036642089486,5.814235193654895,-0.3767794471532557,1984-06-17,E
6552,8.168158199172467,18.55150924436748,-0.3886033038073991,,E
6553,0.3784405891783535,9.994050939567389,-0.9270299545427388,1986-03-02,E
6554,1.3954316936433315,0.284889914561063,0.6609102529297005,1981-02-14,E
6557,1.114411874208599,12.298751820111647,-0.8338331061029383,1981-12-02,E
6558,0.4708775784820318,4.152837409637868,-0.7963206730119415,1982-03-06,E
6560,3.088308340869844,5.6605681222863495,-0.2940102986079035,1984-09-16,E
6561,2.4028290291316807,20.16048135049641,-0.7870144948853308,1981-09-27,E
6562,2.17486948473379,4.432169511914253,-0.3416507800733914,1980-11-26,E
6563,2.16388994269073,10.982919001718985,-0.670811380641354,1980-12-17,E
6564,0.627771832048893,1.1094010900706053,-0.2772488863306748,1994-02-22,W
6565,1.6666485043242574,7.893227554857731,-0.6513242443715963,1982-04-06,W
6566,1.0727870874106884,3.20771355740726,-0.4987562547340469,1987-03-18,SPLIT
6567,0.4948190157301724,2.79773760586977,-0.6994317349111668,,E
6569,1.4772184463217854,4.128096072934568,-0.4729221915211988,1980-09-27,W
6572,2.0557399964891374,11.32163551915437,-0.6926542139621481,1988-03-27,E
6574,2.16306952573359,2.672619979828596,-0.1053728643058651,1991-02-03,E
6576,0.0693543897941708,1.4522957503795624,-0.9088431854819048,1984-12-06,W
6577,1.6399824344553051,1.4192530296277257,0.0721518194395241,2005-12-25,W
6583,1.0396360894665122,7.845009692944586,-0.7659701658506051,1998-01-16,E
6587,0.107496615499258,1.7986915186047554,-0.8872130052889774,2005-11-24,W
6599,0.2691323710605502,0.8844874929636717,-0.533412384003183,2002-06-08,W
6602,0.1082682125270366,1.3936613202095032,-0.8558278398984562,2016-04-19,W
6603,0.107827927917242,1.4254652559757233,-0.8593511938220435,2016-04-19,W
6605,0.0553922886028885,1.0664522647857666,-0.9012478360998932,1997-05-04,E
6614,2.567855090368539,6.276805746369064,-0.4193434575347911,2012-05-12,W
6618,1.4058116655796766,6.422806655522436,-0.6408531856022106,2015-02-24,W
6619,0.3617672431282699,7.392583064734936,-0.906693087424261,1993-03-31,W
6620,0.7200875096023083,7.044248897582293,-0.8145140880458517,2000-03-15,E
6621,0.3842545859515667,0.3296168255619705,0.0765372579827474,1997-03-24,E
6622,2.555788879748434,8.815880141220987,-0.5504988977368546,2016-01-18,W
6628,1.3083018669858577,8.035563286859542,-0.7199655933716477,1987-12-15,E
6637,2.509149007499218,0.6528853848576546,0.5870472589190849,1994-12-11,W
6640,4.316276331897825,15.289722592569888,-0.5596984016446601,2010-12-16,W
6645,5.422552934847772,2.907526347087696,0.3019210865392166,1987-09-28,W
6646,3.902257347945124,5.15493639651686,-0.1383076352250438,2009-12-02,W
6663,0.1755089266225695,2.241493735462427,-0.8547714246441115,1990-03-25,E
6664,0.9904474671930076,0.9647560599260032,0.0131400168374529,2023-07-29,W
6665,0.1998341605067253,3.380983080714941,-0.8883862833284436,1989-01-06,W
6673,0.7099105245433748,3.91489436943084,-0.692998714186329,2012-03-24,W
6679,4.916311346925795,6.080032214988023,-0.1058279837756894,1990-08-17,E
6686,0.0304019870236516,0.8493790961802006,-0.9308873818623068,1992-02-24,E
6689,4.088510906323791,1.917196782305837,0.3615417593714154,1994-07-03,E
6691,0.3531316686421633,1.4432401293888688,-0.6068389973283622,1988-06-03,W
6694,1.048516919836402,1.581068156287074,-0.2025229156059687,1994-12-20,W
6696,0.928326761815697,7.4056512247771025,-0.7772188111584836,2012-08-14,E
6697,1.748983325436711,8.953704820014536,-0.6731693380825295,1992-10-13,W
6700,2.908585801720619,5.844481636071578,-0.3354133685380527,2006-02-02,W
6703,0.2899973504245281,2.5745351798832417,-0.7975255317531554,2008-09-27,W
6706,0.9207516899332404,4.868648809380829,-0.6819181225957084,2005-12-29,W
6707,1.848559157922864,2.110669208690524,-0.0662023067368037,2002-02-07,W
6712,0.2652505505830049,0.1031708833761513,0.4399300699328533,2003-07-20,SPLIT
6714,0.8742962060496211,5.205455992370844,-0.7123908417592671,2011-04-01,W
6717,1.9783930890262127,4.872939679771662,-0.4224793464896757,1994-04-22,W
6725,1.1384631814435124,4.902855627238751,-0.6231077294554676,1988-02-17,W
6739,0.230667944997549,0.9472266538068652,-0.6083385640243436,2007-04-15,E
6790,0.745976256672293,2.2639470039866865,-0.5043220759660003,1981-06-19,W
6798,1.4557873029261827,4.726061074063182,-0.5290122907752606,2015-09-11,W
6799,1.7354588033631444,6.755285203456879,-0.5912116059630423,2006-01-22,W
6802,0.6350745633244514,0.04206930892542,0.8757448434523114,1999-10-23,W
6804,0.5762479472905397,0.91737662255764,-0.2283898391558637,1982-02-09,W
6808,0.6511580068618059,5.741798985749483,-0.7962889449702899,2014-02-11,E
6811,1.1680291276425123,8.387177240103483,-0.7555198532214601,2009-09-07,W
6813,5.892050590366125,12.8360276252497,-0.3707789424487337,1981-11-24,W
6815,1.2085223831236362,0.8929694234393537,0.1501566452453708,1991-07-12,W
6824,0.2481037615798413,5.126840874552727,-0.9076813703670766,1981-06-11,W
6827,0.4070041719824075,0.0578545625321567,0.7510875531124622,1984-08-04,W
6830,1.3444520886987448,0.959483777405694,0.1670915918088462,2004-05-23,E
6832,0.0639438135549426,2.189467765390873,-0.943247106606838,2006-03-11,E
6836,0.1124491076916456,0.8414637371897697,-0.7642360970492923,2007-06-08,W
6838,0.7955216579139233,2.073435212485492,-0.4454279420356754,1980-06-17,E
6839,0.2115509137511253,0.7840066663920879,-0.5750101893232921,1981-02-01,W
6841,0.0817977804690599,0.7656893478706479,-0.8069639579548269,2004-12-10,W
6842,0.026087942533195,0.6605259329080582,-0.924009859203933,2004-07-04,W
6843,0.0747053688392043,2.2471465170383453,-0.935650185703868,2004-03-11,W
6854,0.0412158807739615,0.3625755347311497,-0.7958555868613421,2004-07-09,E
6858,0.6572836693376303,1.2575629744678736,-0.3134868826554978,1981-06-17,E
6861,0.1168146952986717,2.016348496079445,-0.8904774882941332,1981-06-17,W
6863,3.704184442292899,15.690853810403496,-0.6180276219070376,1982-01-31,W
6864,0.2608488835394382,1.0159345045685768,-0.591396808621908,1982-08-07,W
6867,0.1609502583742141,2.2303736209869385,-0.8653881561056923,2008-12-14,W
6871,0.3364969003014266,5.25572900660336,-0.8796554696095557,1999-01-28,E
6873,0.1855425224639475,4.535058327019215,-0.9213902939983912,1989-08-13,SPLIT
6875,0.1581860370934009,1.421899247914553,-0.7997753177063419,1993-02-09,W
6877,0.5946631105616689,2.0987478345632558,-0.5584312066168078,2012-11-16,W
6884,2.581975672394037,2.105717522324994,0.1015975513511581,1995-12-11,W
6887,1.4530153954401612,9.070606424473226,-0.7238564022338686,2012-09-28,W
6893,1.2786466046236455,8.757398159243166,-0.7451891388074349,2012-09-01,W
6901,2.7502698730677366,1.2709233628120271,0.3678874462076646,1997-08-22,W
6903,0.1554710334166884,0.8890318796038628,-0.7023061755425077,2001-03-09,W
6904,0.2857865104451775,1.914487624540925,-0.7402264509668903,2002-03-24,E
6912,0.3980456525459885,2.751745997928083,-0.7472558843779696,1999-01-17,W
6913,0.6882170797325671,5.217458038590848,-0.7669302608273748,2005-11-12,W
6914,0.9624596275389194,0.3572808811441064,0.4585588927616268,1995-06-07,W
6915,1.3060305900871754,6.095086733810604,-0.6470720479270334,1992-04-10,E
6917,0.7584846033714712,8.683018662966788,-0.8393296952878019,1994-03-21,E
6920,2.0446162931621075,4.53777628345415,-0.3787619716193373,2010-01-02,W
6921,1.2682813559658823,5.254667798988521,-0.6111325335096672,2002-12-15,W
6922,0.6210347795858979,4.594110660254955,-0.7618341475802713,2009-01-18,W
6923,2.078976357355714,3.796650762204081,-0.2923389061109725,2012-03-21,W
6924,1.6911809761077166,6.758252000436187,-0.5996936171213313,1994-06-14,SPLIT
6925,2.213664762675762,1.5030694678425789,0.1911880836133638,1992-05-07,W
6926,0.3113548867404461,1.1443434348329902,-0.5722260826622445,1991-06-01,W
6927,0.3760653375647962,10.750365629792212,-0.9324014432537132,2002-03-14,W
6929,0.1475822180509567,3.2200213130563498,-0.9123517856611308,1994-04-24,W
6931,2.159183397423476,4.985237373504788,-0.3955609652192604,2024-09-13,W
6933,1.1141691217198968,5.022131882142276,-0.6368596908727391,1993-03-16,W
6935,1.5989405550062656,2.572437029797584,-0.2333752950913604,2007-03-15,W
6937,0.5560576869174838,1.8471000026911495,-0.537227465911062,1995-10-01,W
6938,0.4693025429733097,4.946958264801651,-0.8267060765242152,2009-01-15,W
6939,0.5241590877994895,2.353772561531514,-0.6357390295063804,1995-06-11,W
6940,1.4247178016230464,5.201579249463975,-0.56998070245293,1994-04-03,W
6941,1.3383945696987212,6.7378514860756695,-0.6685602294788618,2023-12-23,W
6943,1.2975620278157294,10.668089562095702,-0.7831188685269541,2008-09-23,W
6944,1.4560150438919663,4.221542574465275,-0.4870981003576333,1994-04-22,E
6945,2.1083447551354766,16.924699062481523,-0.7784542740153438,2005-07-25,W
6949,3.0696769235655665,2.6553003466688097,0.0723804754738738,1992-01-07,W
6950,0.269578511826694,0.8988951304927468,-0.5385800722182398,2008-09-23,W
6951,0.9740321077406406,9.037477404810488,-0.8054175333859637,1994-06-14,E
6952,2.393102779518813,9.780418518930674,-0.6068347488209643,2008-06-28,W
6953,1.1875182939693332,14.764787381514909,-0.8511164068533672,1993-02-01,W
6955,0.6203994387760758,0.615488019771874,0.0039740018156413,2007-06-26,W
6961,0.9106231750920416,1.5465111592784524,-0.2587925191111146,1994-01-21,W
6962,1.8270986815914512,6.167497228365392,-0.5429165645968,2011-12-01,W
6964,1.2890334259718657,6.285290587693453,-0.6596307674066838,1992-05-07,W
6966,0.5440880060195923,2.9968414222821598,-0.6926863316330559,1994-03-16,W
6967,1.0795698994770646,1.9680253025144336,-0.2915267101275467,1998-12-15,W
6969,1.094896181486547,7.548521515447646,-0.7466520258820123,1994-06-08,W
6971,0.8859774619340897,4.13396411947906,-0.6470168237754654,1994-08-03,W
6972,2.9039826104417443,10.813299322966486,-0.5765950390843207,2016-01-06,W
6973,0.5299778943881392,2.693944761529565,-0.6712217066276893,2007-06-17,W
6974,1.3339879233390093,7.971588495187461,-0.7132927906145546,2003-08-29,W
6975,0.7374699646607041,6.027554862201214,-0.7819756812324414,2003-06-10,W
6980,0.4600557824596762,2.905137440189719,-0.7265798710376336,2013-04-03,W
6981,1.111025318969041,5.321589096449316,-0.6545649257924281,1998-05-13,W
6985,0.159460830502212,0.4177173138596117,-0.4474467473859429,2003-04-20,W
6987,1.5347529761493206,1.0195062016136944,0.2017206315714094,2007-04-12,W
6988,0.3808159483596682,1.5194929856806991,-0.5992062747920772,2004-10-23,W
6989,2.8273963453248143,3.186615751357749,-0.0597304096263835,1992-04-16,W
6991,0.598310383502394,6.197343283332884,-0.8239138093741503,1993-02-14,E
6993,0.3690098226070404,6.954664692282677,-0.8992282298026056,2007-04-15,W
6994,0.1478166319429874,0.8863509260118008,-0.7141340766177723,2005-09-18,W
6995,0.815144584979862,6.084093261510134,-0.7637001062675494,2005-09-14,W
6997,0.3800658481195569,4.069700705818832,-0.829174927038101,1995-04-23,W
6999,1.2424883800558746,4.952866833657026,-0.598896806657339,1994-02-03,W
7001,0.5178721696138382,3.5581198893487453,-0.745891472739513,2008-03-31,W
7005,0.9007008448243141,4.396130200475454,-0.6599095432262669,1991-12-27,W
7006,0.3058401378802955,4.67592995846644,-0.8772162777623902,2003-10-08,W
7007,1.4701021066866815,3.783198738936335,-0.4403129956237811,2010-09-16,W
7009,1.9512598169967528,2.8825382092036307,-0.1926597650871892,1994-05-07,W
7010,1.0119938510470092,9.249542666133491,-0.8027597817630785,2013-02-06,W
7011,0.128435221966356,0.6821038257330656,-0.6830868979570095,2008-07-09,W
7013,0.5114191845059395,0.3297606231644749,0.2159568735302129,2008-10-14,W
7015,0.972324475646019,0.7960576280020177,0.0996769008690353,2012-12-01,W
7019,0.1128777489066124,3.613177489489317,-0.9394116610275074,2012-04-18,W
7022,0.6834711469709873,4.030675317626447,-0.7100339787471124,2003-04-19,W
7023,0.9000085364095867,9.899295702576635,-0.8333210146703875,1992-06-04,W
7024,1.3035227824002504,12.177811585366726,-0.8066181363296953,1994-06-01,W
7026,0.8988489075563848,12.559735234826803,-0.8664274194004996,1994-06-06,W
7027,1.070107418578118,8.920973217114806,-0.7857874523090976,2006-10-08,W
7030,0.4625245220959186,0.5449007358402014,-0.0817690574017991,2007-09-02,W
7031,1.0268019679933786,2.950951306615025,-0.4837276738363287,1992-05-04,W
7032,1.725607710890472,3.460325769148767,-0.3345044946941423,1994-01-06,W
7034,1.3790741194970906,6.493761412333697,-0.649662662474871,2023-12-22,W
7035,2.263452464248985,2.2082478527445346,0.0123453289780282,1992-04-13,W
7038,0.4948221715167165,1.1148189366795125,-0.3851770198992879,1993-04-10,W
7039,0.1090875780209899,2.856789819896221,-0.92643824178433,1992-06-16,W
7041,1.2281113215722144,6.936533849686384,-0.6991635776418565,1992-02-21,W
7042,0.5747336028143764,1.2251837020739913,-0.3613777685745373,2007-07-20,W
7043,0.3059316873550415,4.9249533815309405,-0.8830287099308657,2017-08-23,W
7044,1.7718381662853062,6.097163639497012,-0.5496663465031626,2003-09-06,W
7045,1.804710160940885,5.521482675801963,-0.5073266016449833,2012-03-01,W
7046,1.6741872178390622,9.625194978900254,-0.7036674769134657,1994-02-16,E
7047,0.7456000568345189,2.960233914665878,-0.5976074143802274,2006-12-19,W
7048,0.7967897704802454,5.139873631298542,-0.7315698342466675,2005-09-16,W
7050,2.138819394633174,5.219300684519112,-0.418650586936387,1994-05-15,W
7051,0.0289223594591021,0.6835707426071167,-0.9188136435968652,1992-03-04,W
7052,2.4561863634735346,2.9894193881191318,-0.0979198731912506,1991-10-06,W
7053,0.4907271740958094,4.247991348616779,-0.7928861265997718,1989-05-07,W
7059,5.43645926238969,13.728029135148972,-0.4326528160190154,2009-05-29,E
7068,0.4478836739435792,2.2274785563349724,-0.6651790408977409,,E
7076,0.9012692775577308,1.8905623741447928,-0.3543527046064593,1997-01-16,SPLIT
7079,1.2535137180238962,5.187862922437489,-0.6107932238738287,2005-03-24,W
7080,0.8000082038342953,6.877325393725187,-0.7915921735929249,1988-08-19,E
7081,0.3510446054860949,1.481494827196002,-0.6168763419484884,1981-01-22,E
7083,0.6658084942027926,4.475782076828182,-0.741010691145072,1994-04-15,W
7084,0.2414722591638565,0.2763859182596206,-0.0674193449438304,1983-03-02,E
7086,0.4829827351495623,6.550906396936625,-0.8626697901885338,1987-09-23,E
7089,1.063072318211198,11.767227643169464,-0.8342872229937766,2010-09-07,W
7090,0.5131389489397407,8.220118236728013,-0.882486238975694,2005-03-02,W
7091,1.0450246022082863,8.348594685085118,-0.7775033093746384,2009-08-29,W
7092,2.862564438022673,6.126519753597677,-0.3631020964980291,2007-11-23,SPLIT
7093,1.1243596519343555,4.4628158919513226,-0.5975212723841847,2008-09-16,W
7096,0.7214705161750317,2.4765872210264206,-0.5488070726286208,1994-05-13,E
7097,2.5289529403671622,7.976321285590529,-0.5185365206138872,2004-09-18,W
7099,0.4945477861911058,1.0591851938515902,-0.3634069784916355,2006-12-08,W
7101,0.728389214258641,2.7294090036302805,-0.5786976750172359,2006-01-29,W
7103,3.474189093336463,16.17080424213782,-0.646302848363587,1988-12-26,W
7104,1.9625793709419668,5.652482037432492,-0.484553238458743,1998-05-20,W
7105,1.3281238987110555,6.425968321040273,-0.6574392305192427,2003-11-20,SPLIT
7110,0.731999684125185,5.605505327694118,-0.768994365208262,1987-03-15,E
7114,1.2655352842994034,2.97213217895478,-0.4027208150364036,1995-07-09,W
7116,2.9341047406196594,9.675878596724942,-0.53463780845284,2006-09-06,W
7117,0.3820246253162622,3.206678162328899,-0.7870959798443865,1991-12-17,W
7119,0.2287978176027536,0.5434568868950009,-0.4074550371259729,1980-10-25,SPLIT
7121,1.145724262110889,0.9909945596009492,0.0724146298228913,1982-04-26,W
7122,2.063307105563581,12.31344778719358,-0.7129662262513209,1992-02-26,E
7132,1.7651745188049972,10.856355960480869,-0.7202915253895212,2012-03-11,W
7135,5.448377582710236,12.234683979768306,-0.3837744031529846,2010-08-29,W
7142,0.5366940498352051,0.0471122916787862,0.8386030149757238,1981-08-19,E
7146,3.624818459153176,5.030934379668906,-0.1624487143635815,1989-12-27,E
7147,1.713470839895308,2.924321284517646,-0.2610833802248833,1989-12-27,E
7149,0.9662610869854688,9.899577648378909,-0.8221469855169027,2004-01-25,W
7152,0.6231474373489618,8.205804510973394,-0.8588399979982223,2012-02-22,W
7155,3.0589440283365548,17.33775930898264,-0.7000550551970767,2014-02-12,E
7156,0.6440823362208903,8.940205956809223,-0.8655962098532214,2001-01-11,W
7158,0.2966494932770729,1.839138012379408,-0.722210667033327,2009-06-04,E
7159,2.157651709392667,12.955699071288109,-0.7144707694932714,2006-03-06,W
7161,3.48097802978009,16.35724445898086,-0.6490635154684337,1998-06-06,W
7164,2.813484562560916,1.968377115670592,0.1767318889078984,2010-01-10,W
7165,0.1066742418333888,1.1890692189335823,-0.8353466638054043,1981-09-06,W
7166,1.2108765505254269,1.5348881636746228,-0.1180041434262059,2008-07-13,W
7168,13.605011379346251,107.95851472811772,-0.7761662265814895,2002-05-26,W
7171,0.8201426332816482,3.786288550123572,-0.6439140841888386,1992-09-21,W
7172,3.5189514262601733,10.756879131309688,-0.5070057168205212,2010-06-03,W
7173,1.5377188143320382,8.390872215852141,-0.6902443036161884,2005-03-20,W
7176,0.8723398502916098,4.635374955832958,-0.6832298399612444,1987-06-09,E
7177,0.2619814537465572,3.062373772263527,-0.8423866067637961,1984-02-27,E
7178,8.526501026470214,16.294950880808756,-0.3129732250698883,1991-05-03,E
7179,2.0150724607519805,13.732148096896708,-0.7440726186090537,2006-02-05,E
7180,0.2335362071171403,2.3541415333747864,-0.8195013208459613,2007-01-12,W
7182,2.629179108887911,14.912998208776116,-0.7002448371969403,1999-10-02,E
7184,7.66530849179253,13.04144688602537,-0.259632100545881,2024-10-06,E
7185,0.2072891686111688,3.228515148162842,-0.8793358704396534,1984-01-18,E
7186,2.1351225040853024,4.895496942102909,-0.3926217965777973,2015-04-04,W
7189,0.1676939574535936,6.8579166401177645,-0.9522620973294368,2023-03-08,E
7198,0.9253702498972416,2.357808653265238,-0.4362961768509727,1980-12-16,E
7199,8.22979652043432,11.468731359578667,-0.164425222984838,2022-04-26,E
7201,3.8126538963988414,5.718290774151683,-0.1999420774774645,2005-03-23,W
7203,3.313942054286599,16.22947658551857,-0.6608636272532955,2012-03-09,E
7204,10.55153124872595,19.34267197502777,-0.2940750974528783,2022-09-17,E
7205,10.614524041302502,18.679915790678933,-0.2753215898865209,2022-09-16,E
7206,8.93648409564048,11.43859348166734,-0.1228024470843434,2024-11-15,E
7209,3.579164668917656,8.289765586145222,-0.3968850449026599,2012-04-11,E
7211,9.492700513452291,14.059402806684377,-0.1938978540964294,2024-11-16,E
7215,0.3763067089021206,0.4435494840145111,-0.0820177681077127,2010-08-14,W
7219,0.918840733356774,4.370823222212493,-0.6525901300820098,2006-03-17,E
7221,2.708490356337279,5.875767257064581,-0.3689634029368057,2012-08-31,W
7227,1.4495309852063656,4.710443349555135,-0.52937109590644,1989-03-27,E
7228,1.4387112446129322,0.145615205168724,0.816180301491274,2013-01-16,E
7234,0.9340875633060932,0.5573436785489321,0.2526056007036025,2002-10-04,W
7239,4.071627484634519,5.432544066570699,-0.1431915001327454,2004-07-09,E
7240,0.1051206500269472,1.8607051093131304,-0.8930519151781972,2013-02-15,W
7241,0.5742507325485349,4.48895806260407,-0.7731672716721872,2012-06-09,W
7242,2.014131230302155,10.08670412376523,-0.6671087290472901,2014-05-13,W
7246,0.8533814838156104,2.669022629968822,-0.5154550947313059,2004-11-07,W
7248,2.473272121977061,11.519554865546525,-0.6464942896553175,2013-01-31,W
7249,0.0617668777704238,0.0959739312529563,-0.2168560798825717,1987-04-30,W
7251,0.1669365521520376,1.1821989938616753,-0.7525281241819461,1987-10-24,W
7254,7.247072070837021,22.00402739830315,-0.5044923300416169,2023-08-21,W
7256,0.4120104415342212,8.743810031563044,-0.9100003232380331,1993-01-05,E
7258,1.0811719298362732,6.196454934775829,-0.7028778886441985,2002-04-17,E
7264,0.0855038911104202,0.9864810332655908,-0.8404755716865865,1981-02-01,W
7279,3.072822252754122,12.598971375264227,-0.6078531499724739,1982-08-14,W
7281,0.5617291098460555,2.5463130064308643,-0.6385318545687777,1990-02-07,W
7282,0.4160320861265063,2.397273812443018,-0.7042397086371607,1981-04-04,W
7285,1.4629002381116152,8.571354196872562,-0.7084187474832999,2005-08-05,W
7297,3.32652618130669,17.934832676313818,-0.6870824481554961,1990-08-16,W
7308,1.2365323845297098,3.3814140930771828,-0.4644665586636523,1981-01-20,W
7309,0.6064306292682886,3.5858007166534662,-0.7106883760799194,1982-01-09,E
7311,1.1008235067129135,5.857999823987484,-0.6836179180302717,1988-11-04,W
7314,0.7285071462392807,6.878434330224991,-0.8084625342540962,1987-09-16,E
7315,2.088343311101198,6.142406207509339,-0.4925508773218054,1983-07-27,E
7322,1.6725996565073729,10.51678570965305,-0.725564561909557,1989-12-22,W
7325,1.278085398953408,4.958587564527988,-0.5901387145237584,2013-11-15,W
7326,3.00463074631989,6.147423625923693,-0.3433975315023198,2015-04-06,W
7329,0.6371639645658433,5.976785119622946,-0.8073272241876062,2012-02-07,W
7330,2.983917262405157,7.255214922595769,-0.417154264933421,2016-05-26,W
7332,2.393068856559694,2.5509831346571445,-0.0319402543456167,2010-04-12,W
7334,0.683657837100327,8.608466632664204,-0.8528521998762942,2012-09-14,W
7339,2.0593112586066127,5.340480302460492,-0.4434137119641065,2016-05-12,W
7340,3.626878848299384,6.258970329072326,-0.2662483954132561,2016-05-11,W
7343,2.173391279764473,14.638416411355138,-0.7414446655950175,2010-04-09,W
7346,9.704794839024544,43.8236293126829,-0.6373965797491051,2009-01-11,W
7347,0.4237761413678527,3.277594156563282,-0.7710166196529398,1998-05-22,W
7356,2.639752969145775,1.950882552191615,0.1500599238933525,2011-03-21,E
7357,0.2731958851218223,1.9255407880991695,-0.75149740444181,1999-08-19,E
7358,0.7404868537560105,2.7707072282209992,-0.5782136581072376,1991-03-12,E
7363,0.5464878464117646,4.326515632681549,-0.7757080007199856,1994-11-04,E
7364,0.8270971123129129,3.629856157116592,-0.6288508932833856,2010-04-15,W
7367,0.1869040378369391,3.5655227676033974,-0.9003823138847572,2002-09-01,E
7370,1.0254140133038163,4.413590835407376,-0.6229405776142648,2007-07-13,W
7371,3.624616871122271,7.801290535368025,-0.3655441546701927,1996-08-17,W
7374,1.1521727554500103,10.727771227248011,-0.8060306080351153,2011-05-22,W
7375,0.101830874569714,1.1740195825695992,-0.8403717708445902,1982-10-02,E
7377,7.796479053329676,24.302569365128875,-0.5142236647210656,2024-07-30,W
7378,0.3522716825827956,1.5576048865914345,-0.6311052889293026,1989-07-16,E
7386,0.3039114065468311,3.0830471543595195,-0.8205402274151741,1998-08-24,W
7390,1.4330192068591714,9.868021374335513,-0.7463916359624198,1996-10-11,W
7391,1.214356191456318,11.046650402247906,-0.8019157428591114,1995-01-13,W
7392,0.6314741689711809,7.489499557763338,-0.8444831395297416,1992-05-08,W
7393,1.487012886442244,7.043555384501815,-0.6513683873775491,1991-10-04,W
7394,0.976108490023762,8.87221435457468,-0.8017716304742114,1994-01-21,W
7399,3.3777918573468924,16.520216792821884,-0.6604894573388809,2023-10-07,W
7417,4.637266909703612,8.045941217336804,-0.268754898089678,2004-06-18,E
7418,1.2844952382147312,3.1423509656451643,-0.4196793025721325,2017-07-11,E
7419,3.564730894751847,4.773767538368702,-0.1449945278893873,2006-06-14,E
7420,1.416100301314145,7.040932049043477,-0.6651070392903025,1997-08-14,E
7421,0.9019147427752614,4.6923234816640615,-0.6775558327725689,1983-11-23,E
7425,0.4017573669552803,3.0398488882929087,-0.7665291511235406,2013-05-25,SPLIT
7426,1.1756958356127143,1.93028309289366,-0.2429466762814048,1988-10-26,E
7429,2.3861494585871696,6.724000377580524,-0.4761558258648414,2023-07-27,W
7430,0.257805170956999,2.889067410491407,-0.8361515032561264,1987-10-06,E
7431,0.7112272772938013,5.767870731651783,-0.780454848402598,2007-01-11,W
7432,0.7950176796875894,10.371905656531451,-0.8576120466217512,2022-08-19,E
7438,0.7175478264689445,3.669821943156421,-0.6729029627559512,1988-11-22,E
7439,2.328904699534178,8.794688554480672,-0.5812675551231803,1988-11-21,E
7440,3.075232894159853,10.277000554837286,-0.5393680157095968,2006-03-26,W
7448,0.1125848977826535,3.25252802670002,-0.9330870016491776,1990-02-03,E
7450,0.5060495208017528,4.525598351377994,-0.7988533642824541,2006-01-28,E
7451,0.4716170188039541,2.4948683343827724,-0.682036509435205,1985-12-29,W
7454,12.250152599532155,57.63683015014976,-0.6494296328857255,1998-03-15,W
7455,0.4797290945425629,0.9074354977346956,-0.3083314017478445,1984-06-28,E
7458,0.7851433856412768,5.413266922347248,-0.7466629840138993,2004-01-06,W
7460,0.6293382542207837,5.320121572818607,-0.7884385229862613,1987-08-06,W
7461,0.4772851029410958,5.297450711019337,-0.8346988959087355,1982-12-03,W
7462,1.832207054831088,7.457930482923984,-0.6055586803994429,1987-03-22,W
7464,4.142803616821766,18.296650853008032,-0.6307571895393317,1985-02-25,E
7465,1.9094803454354403,7.48917323211208,-0.5936693847303187,2004-02-10,W
7466,0.6942487801425159,5.287661292590201,-0.7678839127630863,1990-11-30,W
7469,2.1402001404203475,6.401660450734198,-0.4988913439685813,1985-02-25,W
7470,0.5786638422869146,3.944307258352637,-0.7441222464563335,1981-09-26,W
7472,0.2038108385168016,2.757993832230568,-0.8623738827005063,1987-04-23,E
7474,0.9428755273111163,4.142447872087359,-0.6291777520293163,1980-07-15,W
7475,1.1185291488654912,5.941575569100678,-0.6831409182871011,1989-11-16,E
7482,0.5621168510988355,1.4999432163313031,-0.454800701514378,1983-10-30,W
7485,1.8452341286465528,3.3765947476495057,-0.2932613563715406,1984-02-19,E
7487,1.624002088792622,10.430442172568291,-0.7305554609433912,1980-07-06,W
7493,3.056702483445406,8.99514512065798,-0.4927412652637736,1988-03-20,W
7495,1.8003396722488103,2.905572992749512,-0.2348605677961218,1985-09-25,W
7496,1.6363953612744808,1.2138094888068736,0.1482650878428604,1983-09-11,W
7497,0.907141650095582,1.9107767846435308,-0.3561618825352944,1981-02-19,W
7499,0.17899228958413,3.3855969235301018,-0.8995719961637869,1983-09-18,E
7500,0.3345139627344906,6.565237550996244,-0.90303593917281,1982-06-10,W
7519,0.7892910791561007,2.8460749248042703,-0.5657707761493455,1983-01-31,E
7521,0.425215020775795,8.467089435085654,-0.9043633688237108,1983-08-16,E
7522,1.380040176678449,5.733686068095267,-0.612006386191024,1981-09-11,E
7524,0.1591425370424986,1.469054775312543,-0.80451689013942,1986-01-12,E
7536,0.7461984660476446,1.1560643194243312,-0.2154622676250159,1981-12-15,W
7538,0.616411549039185,5.953895987942815,-0.8123644759183576,1982-08-13,W
7547,5.368324755690992,7.162893953965977,-0.1432078746572261,1982-04-01,W
7553,0.8244967563077807,3.136821357533336,-0.5837260565228404,2006-05-22,W
7557,1.3044138462282715,6.633379213511944,-0.6713409290437466,1981-06-11,W
7558,0.2096142354421317,3.3685158118605614,-0.8828358764653694,1981-06-11,W
7561,0.477461414411664,0.3172306250780821,0.2016262669955281,1982-05-02,E
7563,1.2295903745107353,13.09693036461249,-0.8283476641815269,1983-05-09,E
7566,0.5810895250178874,5.0106421280652285,-0.7921611546942214,1982-11-21,E
7567,0.6137684402056038,6.641796441748738,-0.8308144299742803,1987-04-29,E
7575,1.4341201409697533,3.852318421471864,-0.4574342919034651,1981-08-16,E
7576,0.2252945583313703,3.0089892856776714,-0.8606834964413402,1990-11-15,E
7579,1.082832015119493,2.9372818181291223,-0.4612928588419112,1985-12-08,E
7589,0.6817343793809414,2.001781733706593,-0.4919096061645674,1988-12-15,SPLIT
7590,1.1408212995156646,1.3507880978286266,-0.0842695482432652,1980-10-12,E
7594,1.4515571668744087,0.5411801070440561,0.4568475090746683,1982-08-06,W
7596,5.319939270615578,4.26221611443907,0.1103846800299372,2000-04-01,W
7600,1.1377145452424884,1.115295585244894,0.0099506698590541,1993-08-10,E
7601,0.6164243370294571,1.4842603048309684,-0.4131205372323369,2007-02-02,W
7602,2.928923579864204,5.829038430005312,-0.3311403779637981,2007-02-14,W
7623,1.7930694296956062,0.0605442826636135,0.9346743258744864,2004-08-15,E
7655,6.946527801454067,3.7683598012663424,0.2966123507800979,2013-11-27,E
7656,0.2931476458907127,0.0551476953551173,0.6833279758598021,1992-12-27,E
7658,2.088576239999384,8.78160313796252,-0.6157236845172858,2004-01-24,W
7661,0.5552757829427719,4.116110198199749,-0.7622650814192218,2005-09-13,W
7662,1.0287263002246618,5.512384664267302,-0.6854582330709921,2004-02-27,W
7669,0.7416068501770496,1.3603500239551067,-0.2943653037759044,1987-03-09,W
7671,0.1389548517763614,0.0712461294606328,0.3221142066842558,2007-02-23,W
7674,0.5066109532490373,2.105037523433566,-0.6120374102621527,2003-12-24,W
7675,4.1691296473145485,7.140912976115942,-0.2627561564308011,2004-02-05,W
7677,1.124804952647537,2.685456334613264,-0.4095916957672134,2005-03-26,E
7682,1.8462361693382263,4.739554515574127,-0.43932740724115,2004-02-21,W
7683,0.4586727423593402,3.4434630065225065,-0.7649119498258589,1998-07-02,W
7684,1.399653248488903,2.5466487258672714,-0.2906507116869093,2008-07-05,W
7686,1.363488391507417,2.516988454386592,-0.2972572981847356,1990-11-08,E
7687,1.7635398427955806,10.10512130521238,-0.7028241314157114,2005-03-21,W
7688,3.606354339513928,4.256907715694979,-0.0827332691716688,2004-03-16,W
7691,0.3631630185991525,2.400955243036151,-0.7372304769733932,1989-01-03,E
7692,0.1695972867310047,5.399426934309304,-0.9390926381355214,1999-04-07,E
7696,1.0769193451851606,0.6585431788116693,0.2410747340194448,1988-12-07,E
7697,1.5473230611532929,7.565730447880924,-0.6604161141773861,1990-06-23,E
7711,0.7849249094724655,0.0344324801117181,0.91595247556222,1982-12-28,E
7718,2.464907627552748,6.195768554694951,-0.4307817136483106,2012-03-11,W
7724,0.5052962601184845,0.1040063891559839,0.6586051635253528,1981-12-12,E
7725,1.0818050615489485,1.5946963937021792,-0.1916275185080803,1989-09-09,E
7734,3.544760100543499,4.917627594899386,-0.1622316943827843,2007-11-02,W
7747,6.244724334217608,12.104155301116409,-0.3193345361323919,1991-08-20,W
7755,1.7751399860717356,12.363691565115005,-0.7488986300394654,2014-11-14,W
7758,3.7617622623220086,7.901348887011409,-0.3549298786306804,1995-12-23,W
7759,0.5761117246001959,1.376859501004219,-0.4100151430320197,2013-01-29,W
7769,0.6406114650890231,12.846173115074636,-0.9050016019338388,2007-10-26,W
7773,4.162495960947126,7.326033595716581,-0.2753648862690376,2003-09-10,W
7776,0.4731117011979222,1.8212103825062516,-0.5875803972262001,1989-05-02,E
7798,1.7935724034905434,0.0855670017190277,0.9089295860836472,1991-08-31,E
7806,0.1271019130945205,2.169928565621376,-0.8893337164894575,1983-03-17,E
7807,0.5389529508538544,4.6553251296281815,-0.7924820571777185,1988-11-11,W
7810,0.7013609418645501,3.729753973893821,-0.6834381616370894,1991-01-23,E
7811,1.982345001772046,5.838711467571557,-0.4930748781721391,1997-03-16,E
7814,1.4024820574559271,4.146558222360909,-0.4945136503847949,2003-06-07,SPLIT
7820,8.216396870091558,22.083935451693836,-0.457669521057738,2004-05-25,W
7821,3.5125654665753245,7.822591865900904,-0.3802352515193232,1992-09-02,W
7822,0.7524983030743897,4.490098210982978,-0.7129291559794785,2011-03-19,W
7826,0.6944771045818925,3.936383696272969,-0.7000656532564998,1997-01-22,E
7827,0.1680550798773765,3.3614736199378967,-0.9047719431284836,1989-10-07,W
7829,0.6725198496133089,2.7919088103808463,-0.6117571376893358,1990-11-10,E
7833,1.377719307783991,5.8472384652122855,-0.618622184081515,1981-09-30,E
7836,1.0260925833135843,19.60045569948852,-0.9005075818556065,2009-12-30,W
7838,1.480026613920927,6.851826200261712,-0.6447304946621429,1999-05-02,SPLIT
7842,0.1942763375118374,1.258316949941218,-0.7325110350016231,2006-12-27,E
7843,1.550683340057731,12.050129518844187,-0.7719719613606516,2006-12-03,W
7848,2.302126658149064,4.498922983184457,-0.3230084238297563,1992-11-22,E
7852,0.310702484101057,0.5379907190799713,-0.2678096562182144,2003-09-30,W
7866,4.839825122617185,11.29500136571005,-0.4000772024268418,2000-01-16,W
7868,1.881955649703741,6.387062887195498,-0.5448176488404102,2005-09-28,SPLIT
7870,0.2968501360155642,3.643259428441525,-0.8493188419460147,1988-08-30,W
7875,1.1686630644835532,7.395106598734856,-0.7270680762227055,1988-06-11,W
7882,2.148823673836887,9.279636264778674,-0.6239521885925241,2009-12-03,W
7887,1.4175299406051636,8.74277386534959,-0.7209670167983092,1988-07-15,W
7888,0.3418069649487734,1.9243420218117533,-0.6983367228315049,1987-09-23,E
7892,0.3425613045692444,1.7714072223752737,-0.6759069019208979,2011-12-07,W
7897,2.433975710067898,16.337667896412313,-0.7406752694550383,2004-10-11,E
7909,4.500050330068916,10.897938404697925,-0.4155015427555754,2014-01-09,W
7910,0.5405283533036709,1.5355335264466703,-0.4792752965832479,2007-08-18,E
7915,1.1957931136712432,2.442334177903831,-0.3426326140701287,1990-04-26,W
7916,3.1132810497656465,1.04379089246504,0.4978239939214569,2007-10-30,W
7917,2.432650603353977,21.064680544659492,-0.7929423909438298,1988-10-13,E
7918,0.094534145668149,2.162738114595413,-0.916240369110309,1981-02-19,E
7919,0.2109103016555309,0.7516482472419739,-0.5617714851789863,2006-12-01,W
7923,0.9242648794315756,8.44940610975027,-0.8027955364555315,1986-11-11,W
7925,1.1881404733285308,6.353752450086176,-0.6849224762552252,2023-10-06,W
7926,1.7687532012350855,14.96304848510772,-0.788575882694186,2022-02-27,W
7928,2.6840818193741143,15.168772811535746,-0.6993106284832085,2022-03-02,W
7929,3.3550559068098664,18.70601143501699,-0.6958392035321728,2023-10-08,W
7930,3.6546506443992257,4.544427606742829,-0.1085215843890204,2007-10-18,W
7931,3.0962313963100314,2.0782205145806074,0.1967379152923666,2000-10-06,W
7942,1.0823424980044365,4.32664357451722,-0.5997983786635447,2005-04-29,W
7944,1.7969512296840549,17.937010364606977,-0.817882362738122,2022-08-31,W
7948,1.0489722853526473,4.08465782366693,-0.5913331256531545,2001-03-13,W
7951,2.0701687880791724,18.8156483033672,-0.8017631985365423,2022-02-28,W
7956,3.956785666290671,17.00499926460907,-0.6224762653243056,2022-06-01,W
7957,0.4014802780002355,3.997951190918684,-0.8174853815375827,2022-10-02,W
7966,0.690805958583951,4.485836261883378,-0.7331065469995127,1982-04-20,W
7972,1.092815882526338,6.65074369776994,-0.7177484408314233,1982-01-27,E
7973,2.215713939629495,11.809618768282236,-0.684041158128114,1991-01-01,E
7974,0.3371578115038574,3.7885464588180175,-0.8365574508431882,1981-09-27,E
7985,3.144437085837126,0.70307837263681,0.6345286301118626,1992-07-28,W
7986,2.6630598455667496,3.019665877800435,-0.0627526383628317,1996-04-23,SPLIT
7988,0.9207595968618988,14.641612336039543,-0.8816684756241173,2006-01-19,W
7990,0.383170086890459,1.1600340511649847,-0.503409720798786,2003-06-01,W
7991,2.2866471149027348,3.3176553453085944,-0.1839672711680871,1995-06-19,W
7995,0.0492184171453118,1.6807570159435272,-0.9430992877651392,1981-06-09,W
8003,1.2412770204246044,4.502829785458744,-0.567808516668415,2004-09-10,W
8004,5.972681449726224,3.0867082867771387,0.3185615418796035,1998-12-31,W
8005,0.1175715429708361,0.8965478865429759,-0.7681307752330783,1980-12-07,E
8007,0.3301957957446575,4.452462926506996,-0.8619195661154623,1982-05-02,W
8008,0.1002517631277442,1.5234545655548573,-0.8765149074592546,1987-03-19,E
8009,1.1055023418739438,1.3908261125907302,-0.1142973674823806,1990-07-18,SPLIT
8021,3.505904906895012,20.907266692258418,-0.7127857892075816,1981-07-14,W
8022,0.6053639715537429,5.135742885991931,-0.7891124528509713,1983-07-27,E
8024,3.2532213400118053,5.679124220274389,-0.2715863223035211,1987-04-03,E
8025,3.263541619293392,2.379715799354017,0.1566162509296016,1984-08-05,E
8028,0.8150442889891565,2.3419705033302307,-0.4836614063562218,1983-06-22,W
8029,1.0472877589054406,9.99509821459651,-0.8103149516021289,,E
8030,3.3774252138100564,6.66016981494613,-0.3270449337447049,1986-12-15,W
8040,0.8499736487865448,0.1580830598250031,0.6863607801527697,1983-02-26,W
8044,1.0835694940760732,4.314390296116471,-0.5985262817092153,1982-03-22,W
8049,1.7510260418057442,3.891472302377224,-0.3793437108896549,1986-10-26,W
8050,0.1752564217895269,0.7568986862897873,-0.6239758377745716,1985-01-10,E
8052,2.181748880073428,3.2939079236239195,-0.2031097059989809,1982-02-28,W
8056,0.7618390899151564,4.133711067028344,-0.6887626250402267,1980-07-27,E
8057,1.6512848865240812,4.251617766451091,-0.4405176627156392,,W
8062,9.515267180278896,12.981518152635545,-0.1540776124704855,1982-01-03,W
8063,3.906071564648301,12.489732631482184,-0.523527907759423,1986-12-21,W
8067,0.2948095090687275,5.90487115830183,-0.9048952599701506,1984-11-25,E
8068,1.2449926356785,5.305604592896998,-0.619884235822709,1982-08-22,E
8070,1.4614500855095685,12.603716507554054,-0.7921887272589159,1981-11-16,E
8071,1.570062625221908,8.8420815076679,-0.6984170397213856,1991-10-31,W
8074,0.1679744655266404,4.953663542866707,-0.9344059594794356,1980-08-09,W
8077,0.6275594690814614,2.2652560025453568,-0.5661254751732733,1982-11-23,E
8081,0.5977094792760909,10.66253356775269,-0.893837197513378,1981-02-05,E
8082,10.25576895615086,48.95580330863595,-0.6535890345796372,1981-03-15,W
8083,1.2847781851887703,2.7130834963172674,-0.3572673156090987,1984-09-27,E
8096,0.4384221523068845,6.514823680743575,-0.8738942465622617,1991-10-08,E
8097,0.514456182718277,3.023206230252981,-0.709154734023056,1984-01-29,E
8103,0.4171210452914238,4.342086950317025,-0.8247098905209715,1981-08-08,E
8104,1.6183816245757043,7.3954080287367105,-0.6409098310872393,2007-12-18,W
8105,1.2452809843234718,8.10679675731808,-0.7336889151853314,1995-04-04,W
8106,3.538457964081317,8.613918605959043,-0.4176516924590703,2007-03-20,E
8107,3.595155797433108,16.552023228025064,-0.6431107508509697,1997-01-05,W
8110,3.122517972253263,5.565130602801219,-0.2811592353725423,1986-11-11,W
8113,2.835516602732241,4.141517392825335,-0.1871856710063997,1992-07-22,W
8117,1.098286535590887,8.578052904456854,-0.7729954509355544,1982-06-11,W
8124,0.3170440094545483,11.4249936491251,-0.9459984682942376,1987-10-13,E
8126,0.5360478409565985,6.97285835351795,-0.8572234551680831,2011-04-06,E
8129,0.3872116673737764,1.1662917556241157,-0.5014987908725674,1992-07-17,W
8131,0.480615655425936,2.898914121091366,-0.7155724688293285,1997-03-13,E
8134,0.4340926092118025,1.1306909956037998,-0.4451723447560283,2011-03-22,W
8135,0.5446147425100207,4.20655981823802,-0.770745218662452,1990-07-13,W
8142,0.1846127342432737,3.118013810366392,-0.8882024765742703,2010-09-09,W
8147,0.0690506212413311,0.9111441913992168,-0.8591083724351792,2010-11-10,E
8148,0.1235899473540484,2.3287892900407314,-0.8992081277887586,2004-07-07,W
8149,2.481899925507605,12.288540770299733,-0.6639369160850513,2006-10-22,W
8151,0.6018625153228641,4.933566812425852,-0.782541703746027,1987-02-03,E
8157,0.3107231818139553,5.788787151686847,-0.8981153683410302,1989-06-17,E
8158,4.326285074464977,3.405221570748836,0.1191311792102262,2012-02-07,W
8159,1.4417982697486875,0.2068581813946366,0.7490584757648479,2004-09-26,E
8162,0.3327261004596948,0.3048706226982176,0.0436882385835829,1987-11-18,E
8169,0.3355784495361149,9.430703539401293,-0.9312781568427572,2008-10-28,W
8170,1.4340248964726925,17.812702603638172,-0.8509850678288184,2022-11-03,W
8173,10.504925407469273,3.156870040227659,0.5378542956064967,2006-10-24,W
8177,0.1036050859838724,1.3262519016861916,-0.8550832889195117,1994-04-01,E
8179,0.1917736143805086,2.2684314753860235,-0.8440994897712941,1990-06-13,E
8181,1.453898143954575,9.56277640350163,-0.736054988700623,1988-10-09,W
8183,0.0574521399103105,2.2327447831630707,-0.9498277730338696,1983-07-26,E
8185,1.6732094241306186,3.783457944169641,-0.3867284511967555,1999-06-23,E
8187,0.5262343664653599,5.871564474888146,-0.8354951821666063,2010-09-10,W
8188,0.0954715106636285,1.6961665749549866,-0.8934254507867184,1981-10-18,W
8191,2.671773379202932,9.044017003849149,-0.543902153956568,2009-04-13,E
8194,1.4867058107629418,1.789079951820895,-0.0923058352935015,1989-10-19,E
8197,3.6852438179776073,15.3983337986283,-0.6137785176327594,2016-05-07,W
8199,1.111536717042327,0.6233378816395998,0.2814029531433312,2012-02-22,E
8200,0.4058465426787734,5.127889882773161,-0.8533191639513061,1990-10-10,W
8205,4.570438744500279,6.580356822814792,-0.1802488500646315,2015-07-28,W
8208,1.5259119495749474,2.2378686470910907,-0.1891599893326955,2012-03-17,E
8209,0.870754043571651,4.460050056688488,-0.6733123081639801,1991-07-12,E
8213,0.7602689773775637,2.518975378246978,-0.5363145316854337,1988-11-24,E
8217,5.8926439308561385,27.178146925754845,-0.6436345319707709,2005-11-13,W
8218,0.9740176214836538,8.395560971461236,-0.7920893427976652,2008-09-23,W
8222,0.2310204170644283,1.1831317096948624,-0.6732735995042094,1995-04-16,E
8223,5.1656690230593085,9.113638328853996,-0.2764818494690791,1989-10-23,E
8227,0.3204105459153652,7.856961816549301,-0.9216348402118614,1996-06-26,W
8228,1.5387495323084297,11.1753033217974,-0.7579450785731333,1987-03-08,E
8229,1.8005076805129647,2.2125679054297507,-0.1026794078736211,2011-11-16,E
8230,5.579725345596671,4.591114607639611,0.0972005008929862,1989-01-23,W
8231,0.8514695595949888,4.86370224878192,-0.702031859008223,2012-08-31,W
8232,0.6807162407785654,6.815566369798034,-0.8183856516245683,1997-10-24,E
8234,1.5128195104189217,3.601224405691028,-0.4083666330460972,1988-10-27,W
8235,0.6889046402648091,5.014666594564915,-0.7584304247632474,2011-11-09,W
8236,5.152605758048594,11.995906855911016,-0.3990609128567389,2007-11-16,W
8238,3.289214059710502,9.239242607727649,-0.4749211100742344,2009-10-05,W
8240,2.364130427595228,7.470211104489863,-0.519209207879881,2007-08-31,W
8241,0.5589089952409267,8.451692612841725,-0.8759441334660686,2010-11-24,W
8242,0.6392887164838612,10.09835855010897,-0.8809257371541215,2008-02-12,E
8244,0.957214497961104,2.595372583717108,-0.4611169404415249,1998-12-16,E
8247,0.7314981501549482,2.3912689201533794,-0.5315064276741017,1988-11-22,W
8248,0.4228156376630068,4.427949385717511,-0.8256705341835925,2001-06-04,E
8250,0.1480637360364198,2.312512382864952,-0.8796511638884238,2024-03-31,W
8251,0.1776964729651808,3.495744913816452,-0.9032534050468052,2024-04-01,W
8258,0.9071830753237008,8.232254469767213,-0.8014794519141106,1983-10-27,W
8268,0.1651897951960563,1.2180361077189443,-0.7611528314379927,1995-12-31,W
8273,2.8730780868791044,11.942553079221398,-0.6121558299246445,2005-03-15,W
8275,1.2829005485400558,3.360636585857719,-0.4474468443303791,1989-07-25,E
8276,1.0520149320363998,9.06858291849494,-0.7921041923463911,1989-07-31,SPLIT
8282,12.175251071341336,30.51994101656601,-0.4296664108561313,2006-10-15,W
8284,8.205732022877783,31.671366866678,-0.5884488966659888,2013-01-13,W
8285,7.075300741009414,23.24956351798028,-0.5333663702113862,2023-08-22,W
8291,3.4084690995514397,1.9008414498530328,0.2839592138507001,2006-12-19,W
8292,4.55355525482446,9.591869902331382,-0.3561797960493114,2014-02-26,E
8301,1.127651335671544,4.599752092733979,-0.6062259801434037,1988-10-10,W
8303,1.2277471614070237,6.957034879364073,-0.699992704682529,1988-08-01,W
8306,1.6592316515743732,0.1857205466367304,0.7986716980340114,1994-02-02,E
8313,3.5935448417440057,3.233476583380252,0.0527416329819335,2016-05-24,W
8317,1.2165176086127758,1.1082016839645803,0.0465931198635435,1999-06-08,E
8318,0.0350412121042609,2.056567668914795,-0.9664935328753512,1998-09-17,W
8324,1.216573832090944,8.7762435330078,-0.7565103438515008,2007-06-02,E
8325,1.0925415069796145,6.309326626360416,-0.7047930367581496,2004-08-09,E
8326,1.7129873177036643,2.5995358657091856,-0.2055753697545848,2006-04-06,W
8338,2.3875923193991184,1.1244567092508078,0.3596577382160053,1987-11-14,W
8340,3.955682246014476,3.0895053958520293,0.1229458879157467,1988-01-14,W
8344,0.707118658348918,0.689696129411459,0.0124730415872682,1989-05-03,W
8349,1.8783782995305955,18.86233428493142,-0.8188704180840731,2022-10-04,W
8350,0.8284419341944158,8.486660471186042,-0.8221292910926424,1989-12-19,E
8353,1.4797388473525643,6.570884318090975,-0.6323914765494166,1996-12-19,E
8355,1.360608127899468,1.828642735723406,-0.1467537763059883,2004-11-22,W
8357,5.115853069350123,3.659638558048755,0.1659410746578121,2012-10-05,W
8370,2.7556653395295143,0.381305989343673,0.7568954578357475,2000-08-02,W
8372,3.253465163055808,5.560767166083679,-0.2617700460878215,2012-04-01,W
8375,3.354562916327268,7.310341988690197,-0.370915550358213,2014-11-04,W
8376,0.3408492505550384,0.0220007095485925,0.8787338461178363,2002-02-08,E
8379,1.1947684371843934,3.697083430364728,-0.5115271396052133,2013-07-27,W
8380,1.0735326437279582,9.70817142445594,-0.800860302427279,2010-06-10,W
8381,2.5435698428191245,6.444207011256367,-0.4339935483231397,1991-07-20,E
8384,0.0379823744297027,0.677662119269371,-0.8938512773742625,1980-07-28,E
8394,1.0571396434679627,4.913713951595128,-0.6458999951556791,2002-06-10,W
8396,1.170000247657299,8.11704239435494,-0.7480359910559929,1995-02-26,W
8397,1.3285244461148975,12.079346678219736,-0.8018291742521165,2024-11-29,E
8398,0.7964705005288124,2.377113278955221,-0.4980624077562225,2006-09-27,W
8399,1.2914689085446298,2.2494316841475666,-0.2705421263674374,1999-09-30,E
8400,2.747743274085224,4.46823542797938,-0.2384281086364152,1997-02-25,W
8403,2.2123753130435944,0.9282503323629498,0.4088755317140033,2006-06-29,E
8404,0.829688732046634,5.233390247449279,-0.7263143908061123,1994-08-16,E
8406,0.3500086143612861,2.399891654029489,-0.745439048546672,1998-07-30,W
8407,2.045013837516308,2.770420399494469,-0.1506419828979563,1992-02-28,W
8410,0.2289455546997487,3.327886566519737,-0.8712643459699252,2024-12-13,E
8411,2.97438510786742,8.678837310057133,-0.4895171479276708,1996-01-29,W
8415,2.3150131152942777,19.992002290207893,-0.7924408018543206,1997-02-06,W
8416,1.9859762527048588,2.0818670401349664,-0.0235728813838207,2011-04-29,E
8418,0.3194754705764353,9.598129503428936,-0.9355740682525132,2022-10-06,W
8419,1.0204934617504478,5.7506862580776215,-0.698577351665181,2023-10-02,W
8420,6.155347258783877,6.336974477861077,-0.0145391083343939,1998-03-05,E
8423,0.7993597481399775,3.838227093219757,-0.6552690977077493,1998-03-07,E
8428,1.896724320948124,3.64344939077273,-0.3152834479050538,2014-11-12,W
8429,0.6929741175845265,0.6649789898656309,0.0206156807369009,2003-11-11,W
8430,0.4554050485603511,4.582644188776612,-0.8192137364653939,1993-04-07,E
8432,0.9633256774395704,2.2196444501169026,-0.3947001455654244,2002-08-03,SPLIT
8434,0.8570155613124371,4.366957355290651,-0.6718912693482909,2010-08-14,W
8436,2.757219946011901,8.788339972030371,-0.5223757070969857,1993-06-20,W
8437,4.657262627966702,13.10568561591208,-0.4756205373089616,2001-05-26,W
8439,0.7512474143877625,4.12914009578526,-0.6921361622116458,2007-12-14,W
8442,2.687803626526147,2.4380562398582697,0.0487230227079912,2008-09-27,W
8447,0.611391612328589,5.431085085496306,-0.7976354257024872,2007-02-20,E
8449,0.631426396779716,12.36754896864295,-0.9028498202312524,1993-07-11,W
8451,1.435149624478072,7.165371380746365,-0.6662644917426246,2006-02-01,E
8453,1.2792585222050548,9.227341502904892,-0.7564847773498361,1995-01-25,W
8457,1.979129538871348,0.9495792733505368,0.3515372580654012,2003-06-18,E
8458,1.0971851921640337,2.620685645379126,-0.4097776710880685,1998-09-23,SPLIT
8459,0.1215470656752586,3.01433561835438,-0.9224798387422256,2003-04-23,E
8460,0.3853035462088883,7.922140063717961,-0.9072389619957384,2022-11-20,E
8465,1.0105781448073683,4.591475595720112,-0.6392115493299307,2002-07-27,W
8467,4.204625827260315,5.120730997528881,-0.098238082196836,1999-03-17,E
8469,1.8191997385583816,16.284084590151906,-0.7990199230673649,2022-08-30,W
8470,1.7940182578749957,17.0042637437582,-0.8091295515494943,2022-10-03,W
8471,0.8285000626929104,6.578686745837331,-0.7762983210470178,2005-05-04,E
8475,0.0901820571161806,1.3429542519152164,-0.8741472718982768,1998-09-12,W
8478,0.1629570829682052,3.0872337594628334,-0.8997246064192536,2024-12-14,E
8479,0.1728881527669727,4.336365044116974,-0.9233184985545252,1994-09-02,E
8481,0.8346438687294722,5.593242741189897,-0.7403053540360096,2007-10-13,W
8482,2.479899222031236,7.118116681464016,-0.4832475280378756,1993-09-26,W
8486,1.988130261190236,3.491349696647376,-0.27433614996743,2009-05-26,W
8495,1.5617667119950056,12.613276228308678,-0.7796455758797248,1999-11-03,E
8498,0.3632192444056272,1.0697126034647226,-0.4930404471842858,1992-03-27,W
8500,0.7953312071040273,1.701725047081709,-0.3629849501619995,1997-11-22,W
8501,0.2135873679071664,1.4252517223358154,-0.7393430884347911,2022-03-04,E
8505,0.9195093517191708,5.89047158556059,-0.7299524447459518,2011-03-01,E
8511,0.224922944791615,1.8652184903621676,-0.7847772968766024,1997-12-12,W
8513,0.3046035021543503,1.4540969845838845,-0.653603891678442,1995-08-21,SPLIT
8519,1.5166821107268331,2.620415319688618,-0.2667892713492802,1990-12-19,W
8520,0.1461455365642905,2.742171181365848,-0.8988022777020986,1988-08-18,E
8521,0.4851922830566764,5.469936402980238,-0.8370506134671001,1990-06-21,E
8523,8.056488913483918,26.14264043653384,-0.5288483030647679,1984-02-27,E
8524,1.6436655782163143,7.302117193117738,-0.6325272767669683,1992-03-23,E
8525,2.8525355053134263,8.278731246013194,-0.4874733363166046,1984-02-26,E
8543,4.449850928969681,12.720795158529654,-0.481690915263867,1981-01-20,W
8558,1.8035795409232376,0.9651166396215558,0.3028367313080901,1982-07-13,W
8564,2.065498448908329,0.3915866166353225,0.6812592106582022,1984-05-01,SPLIT
8565,0.3751175925135612,1.128813285380602,-0.50115048766196,1987-02-17,W
8569,1.2922068294137716,0.4587722294963896,0.4759820488290989,1991-08-06,E
8574,10.758927189745007,13.582684925757349,-0.1160053706637559,1997-06-17,W
8575,10.407221374567598,16.51703731319867,-0.2269260598586879,1996-05-21,W
8578,9.577499688602984,11.266038882080466,-0.0810101983284325,1999-11-16,W
8580,0.4220949858427048,5.230789247900248,-0.8506620803151853,1981-09-04,W
8586,0.7865831078961492,0.5401193592697382,0.1857716818396539,1992-03-19,W
8587,0.5398293687030673,14.962828926742077,-0.9303565416439398,1983-11-21,W
8588,0.6590533866547048,2.042287750169635,-0.5120546770855197,1982-04-28,W
8590,4.434537560213357,4.054324522381648,0.0447896354225411,1981-12-18,W
8592,0.8904568590223789,1.4327915562316775,-0.233438100569955,1986-06-20,W
8597,0.3099494790658355,1.0576970148831606,-0.5467403595337731,1987-04-09,E
8598,0.6597277829423547,5.53794477507472,-0.7871046665447502,1986-07-27,E
8603,1.5015645576640964,3.983204133342952,-0.4524602067079612,1982-06-11,W
8606,0.3631846448406577,5.644885743036866,-0.8791010685980329,1980-06-22,W
8610,0.0950437900610268,5.374262183904648,-0.9652446615662296,1983-10-27,E
8624,1.2487037982791662,6.370640805922449,-0.6722280292740883,2005-04-13,W
8632,4.1844659904018044,22.067522903205827,-0.6812076976444963,1983-12-08,E
8634,0.3436810309067368,1.1830328730866313,-0.5497767721797014,1985-02-13,E
8635,1.0046093622222545,2.219081530813128,-0.3767334427796105,1985-01-13,E
8636,2.0432546325027943,3.6499549113214016,-0.2822134450612695,1984-09-06,E
8637,0.551218172069639,3.244978676084429,-0.7095945262490652,1987-03-11,E
8638,0.2829612791538238,2.444380865432322,-0.7925003434454261,1984-04-03,E
8644,0.7435426143929362,4.028419585898519,-0.6883702832566999,1985-01-27,E
8648,2.3748281598091125,6.110990086570382,-0.4402830485268614,1983-11-21,W
8653,0.2380408272147178,3.8236797861754894,-0.8827881827073906,1983-07-16,E
8656,3.425166291184724,1.3300113523146138,0.4406049775519729,1999-05-16,W
8658,1.0952672623097897,4.572078385390341,-0.6134813966201029,1985-12-07,E
8668,1.184458026662469,2.3852059026248758,-0.3363756083900565,1981-07-17,W
8670,1.8575823926366863,1.8028037599287927,0.0149652606104101,1983-12-04,E
8673,4.103388580493629,7.545864842832088,-0.2955104621078266,1984-01-29,W
8676,0.8701237794011831,3.5401255264878277,-0.6054083481223573,1985-05-03,W
8677,6.312902510166168,16.795323095750064,-0.4536229117868619,1987-05-03,W
8679,0.7745245657861233,0.1935724234208464,0.6000970448638332,1983-09-04,E
8680,1.2335433587431908,2.601112237200141,-0.3566340820550716,1982-11-13,W
8681,0.7941221296787262,2.3814878780394797,-0.4998616783868982,1985-01-29,W
8683,0.2722801268100738,2.949221527203917,-0.8309607406401742,1981-11-14,W
8684,3.3066351586021483,8.556599571369588,-0.4425407177945559,1981-06-24,W
8686,1.2371285166591406,9.227425705641508,-0.7635582958664172,2004-09-03,E
8695,0.1759235821664333,0.108348824083805,0.237711281843184,1981-07-17,W
8697,0.6703309160657227,5.77827169187367,-0.792100410950794,1986-10-07,W
8699,0.171345068141818,8.362523794174194,-0.9598435197665326,1981-06-10,W
8700,1.2858102833852172,5.444190820679069,-0.6178870512787827,1991-12-14,W
8702,0.4514696486294269,1.8126200754195447,-0.6011910271627007,1991-12-18,W
8703,0.792047112248838,3.3640578724443917,-0.6188512488658368,1991-12-16,W
8704,4.367900852113962,3.0080747231841087,0.1843588166809672,1991-12-20,W
8705,1.2643514527007935,3.155553325079381,-0.4278829448737547,1991-12-19,W
8708,0.1209498755633831,2.012922674417496,-0.88663814475245,1985-04-18,W
8715,1.3248785538598895,4.232446826528758,-0.523195615453599,1982-05-01,W
8725,0.391989666968584,3.1327019883319736,-0.7775750588682078,1986-03-18,W
8727,2.8916572276502848,4.244266772642732,-0.1895493204435356,1985-08-06,W
8730,1.646356066223234,5.143985966220498,-0.5150889135312098,1986-05-10,E
8731,1.658554069697857,4.940814785193652,-0.4973597911658564,1983-11-27,E
8734,0.2933269552886486,0.087328284047544,0.5411686217685987,1986-09-29,W
8735,2.379314051941037,5.265621953178197,-0.3775450702666498,1985-07-30,W
8737,2.6654786448925734,7.74315217230469,-0.4878329932715296,1991-08-29,W
8740,0.6757645616307855,1.845803353004157,-0.4640124045765783,1983-01-28,W
8741,0.1752000479027629,1.663120249286294,-0.8093911619525032,1986-08-20,W
8751,16.49292286625132,10.06341296597384,0.2421083217540598,1985-12-11,W
8752,1.6929644038900733,3.3292346340604126,-0.32580752331906,1982-08-06,E
8758,0.1672351756133139,2.572496859356761,-0.8779185894976919,,E
8760,4.232552021741867,6.226167708169669,-0.1906175648560451,1980-11-19,W
8763,1.897379159927368,19.796061420813203,-0.8250734683725298,1990-12-23,W
8768,1.3393636969849467,2.2632857898715883,-0.2564562820382913,1983-07-10,E
8769,0.1747154984623193,1.431665979325771,-0.7824732158848278,1985-02-14,E
8772,0.9793262565508484,7.883280002512038,-0.7789981348771349,1982-03-12,W
8774,1.7011983320116997,0.4184331838041544,0.6051830889640264,1986-08-10,W
8775,0.2784613035619259,2.524515150114894,-0.8013102798654955,1986-09-11,E
8780,0.0929203405976295,3.3821850400418043,-0.9465222890127118,1981-11-22,E
8790,0.3359958413057029,4.315177099779248,-0.8555221035372832,1982-07-18,E
8792,2.0747977951541543,8.259913134854287,-0.5984797621905504,1983-05-22,W
8796,0.7293660044670105,2.348437390755862,-0.5260476964842271,1986-01-15,W
8798,0.3583113108761608,6.975350605323911,-0.9022831117739144,1981-07-07,E
8799,0.3346757758408785,4.020523960003629,-0.84630979236758,1980-06-19,E
8804,1.9324213108047843,3.761771854944527,-0.3212659793740406,1985-03-19,E
8806,0.444264305755496,1.8919009007513523,-0.6196636226595531,1985-12-06,W
8826,2.4764270670711994,2.235865755006671,0.0510497376006448,1992-06-17,W
8832,0.7763724373653531,3.68714440241456,-0.6521252343235427,1994-03-06,W
8838,2.444016761146486,4.367549257352948,-0.2823921093889548,1981-07-10,W
8842,0.2685899417847395,0.6156292948871851,-0.392481116344245,1985-08-05,W
8844,4.1764416308142245,16.365174256265163,-0.5933677609616399,1987-04-05,W
8845,4.806205730885267,16.634834500495344,-0.5516816647868333,1992-09-01,W
8847,4.861636940389872,20.432628707727417,-0.6155937469762407,2004-09-26,W
8850,2.8226697016507387,11.062965322751552,-0.5934403148735305,1988-12-08,E
8852,2.680396331008524,6.6387695372104645,-0.4247561704745161,2002-11-20,E
8861,0.4976565986871719,0.0446660467423498,0.8352786957388003,2006-01-22,W
8870,2.837846741080284,13.735726613085715,-0.6575455780793006,2012-01-25,W
8875,1.2180899633094668,3.0834231367334723,-0.4336458195152193,1991-08-29,W
8876,4.273153575602919,8.78622306860052,-0.345580774332015,1993-06-09,W
8877,0.8345134761184454,3.841169487684965,-0.6430410348267341,2007-07-10,W
8881,1.7800018601119518,9.146651912946254,-0.6741908553007819,2015-05-14,W
8882,7.548276342451572,11.40249586571008,-0.2033806053348255,2023-04-01,W
8883,1.5493323504924774,0.7432416356168687,0.3516094659362543,1984-10-28,E
8886,0.0357626676559448,0.7578091621398926,-0.9098691099818892,2006-02-12,W
8887,0.2775336364284158,3.4012132361531258,-0.8491151220556349,2004-11-22,W
8889,0.4218157390132546,2.6911000832915306,-0.7289899482721578,2005-08-14,W
8891,6.7958131125196815,14.285140472929925,-0.3552651131293765,2007-12-28,W
8893,3.985402199439704,6.071360141271725,-0.2074184385751577,2004-10-31,W
8895,0.1654960885643959,2.831001676619053,-0.8895403223805115,1998-07-29,W
8901,0.7919715158641338,1.3926758915185928,-0.274966282258722,2006-03-09,E
8906,2.4822029806673527,1.1409445675089955,0.3701914965712857,1989-09-12,W
8907,7.412072418257594,1.3421921920962632,0.6933626633791329,2022-12-13,E
8911,0.4059049664065242,0.8011580603197217,-0.3274502533516097,1989-01-12,W
8916,2.791066301055253,6.7768552913330495,-0.4165783500408541,1992-11-03,W
8918,1.3515236359089613,3.587364476174116,-0.452701253708234,1989-01-17,W
8920,0.3552423426881432,2.616577831096947,-0.7609260844097,2023-07-04,E
8928,0.2357687717303633,4.008871607482433,-0.8889098954599621,2008-05-17,E
8932,0.18702033162117,0.056242436170578,0.5375993072725809,1989-09-06,E
8934,0.4098631888628006,0.0132893817499279,0.9371886989548311,1990-07-21,E
8936,0.5180532727390528,4.862538473680615,-0.8074363203325443,1989-09-01,E
8941,7.919407142326236,6.849821754265577,0.0724198531656183,1988-03-21,W
8953,2.7608644561842084,4.862866532057524,-0.2757182905738685,2006-03-22,W
8958,1.0622661225497725,2.8989342525601387,-0.4636645350107897,2000-07-15,W
8960,0.4456382934004068,7.605674736201763,-0.8893004676970382,2012-08-08,E
8961,5.11497146403417,13.132686217781156,-0.4393832289903481,1989-03-12,E
8963,1.730553570203483,10.067064641974866,-0.7066266191903998,2014-11-03,W
8964,2.114827760029584,16.08332436531782,-0.7675777468543834,2012-04-14,W
8969,1.3703701347112656,3.0855448609218,-0.3849208810964917,2009-05-26,W
8973,6.3534752773121,13.402763777412474,-0.3568132821522134,2024-03-04,W
8979,0.2558104451745748,1.9450358729809525,-0.767534477019416,2004-06-04,E
8980,0.6416821321472526,2.3071033162996173,-0.5647820817309649,1989-08-03,E
8981,0.3004755228757858,0.5728445928543806,-0.3118777010541664,1995-06-14,W
8982,0.536401136778295,1.46362262731418,-0.4636052366888524,1992-03-18,W
8987,4.043928883969784,3.587731541367248,0.059776944619798,1992-02-20,E
8991,0.0297633977606892,0.8108899891376495,-0.9291898463147376,1988-03-23,W
8993,1.1904662270098925,11.450184528250247,-0.8116447879054153,2000-02-11,E
8995,0.2007980532944202,1.885618392378092,-0.8075187207124405,2014-03-02,E
8996,0.6596671249717474,3.73002802580595,-0.6994474093012005,1999-05-13,E
8997,0.8451043502427638,5.916800667066127,-0.7500395678200537,1994-12-02,W
9005,1.0416726488620045,5.9956993870437145,-0.7039597612439452,1993-11-07,W
9007,1.3886047471314669,4.958037740550935,-0.5624128033596474,1994-05-09,W
9008,1.8991982340812683,2.5655785189010203,-0.1492527670895276,1991-12-19,W
9011,0.5350946523249149,0.096423402428627,0.6946297838892198,2000-09-17,E
9014,5.1651999684982,7.069148336537182,-0.1556231946784778,1994-01-18,W
9015,2.142134837806225,0.6683736378327012,0.5243752910718272,1988-05-15,W
9018,1.2946831160224974,14.733404493890705,-0.8384482107245074,1986-01-03,W
9019,0.5170221063308418,11.093585473485293,-0.9109396984133564,1988-10-01,E
9026,1.103693863376975,4.927598666399717,-0.6340108333567577,1988-01-20,W
9028,0.1871169190853834,0.2983026346191764,-0.2290507555475087,1985-07-17,E
9035,0.4393904712051153,4.457468941807747,-0.8205419293688955,1990-01-21,W
9036,0.2764113051816821,1.7850326970219612,-0.7318274909368677,1993-02-26,E
9037,0.3270807503722608,7.841889478266239,-0.919921179483296,1988-10-02,W
9038,0.1714446549303829,1.9493111558258531,-0.8383174016911763,1988-10-08,E
9042,0.2586234919726848,1.0042727878317237,-0.5904279771684267,1991-05-19,W
9056,0.2467856029979884,5.8000161573290825,-0.9183748325875004,2007-12-23,W
9057,1.968271316960454,5.730507758911699,-0.4886796211286986,2009-01-27,E
9059,0.9092832719907163,5.551294185221195,-0.7185133130859542,2012-08-24,W
9061,2.7571832379326224,7.251808267552406,-0.4490587315571438,2016-02-28,W
9073,2.1665747240185738,9.35607886966318,-0.6239451778352706,2013-02-26,W
9075,5.102505151182413,11.413988457992671,-0.3821321556594665,2004-03-23,W
9076,9.383345908951014,8.240786920301616,0.06482923158369,2003-12-30,W
9080,0.2778318729251623,3.155675725080073,-0.8381644047696336,2005-03-06,E
9082,1.6702776849269867,3.86086693033576,-0.3960462793476098,2010-02-10,W
9084,0.8843525014817715,8.117848904803395,-0.8035252797466328,2006-03-08,W
9086,3.93758110748604,25.535436335019767,-0.7328009515708663,2022-03-22,W
9087,2.120352078229189,8.569580737967044,-0.603299269567539,1990-02-02,E
9092,5.62794223241508,11.254090348724276,-0.333262484198402,2007-11-25,W
9093,2.353954464197159,17.135380789637566,-0.7584366594818186,2007-01-25,W
9095,2.905305976048112,3.083143685478717,-0.0296967862271774,2012-09-30,W
9096,0.6874947482720017,6.061841922812164,-0.7962778323926859,2002-01-13,SPLIT
9099,5.954520075581968,17.70632808143273,-0.4966773772379003,2007-11-11,W
9100,0.1918385573662817,3.5089794620871544,-0.8963264033203869,2007-10-29,W
9101,2.7130921315401797,2.133939141407609,0.1194861261500033,2007-07-16,E
9106,1.5704041151329875,7.2309409361332655,-0.6431445180285542,1997-02-06,E
9110,0.8098319242708385,7.909541865810752,-0.8142453933578485,2015-07-23,SPLIT
9111,3.398562367539853,9.538895231671631,-0.4746166560967548,2009-10-15,W
9113,0.6783797889947891,2.6638116212561727,-0.5940509050951409,2004-11-16,SPLIT
9115,4.080961803905666,3.176354811526835,0.1246475853699261,2023-08-04,W
9116,0.9077070448547602,2.1092370115220547,-0.3982606055048525,1993-03-25,W
9118,3.3475548243150115,4.845054423902184,-0.1827866500422759,1995-04-23,W
9119,2.9919781051576138,10.333864176645877,-0.5509509955339256,1993-03-25,W
9120,2.082899194210768,3.744543961249292,-0.2851413085825385,1990-03-21,W
9123,1.561144697945565,10.060417123138905,-0.7313365067484102,1993-03-27,W
9124,0.6076373346149921,4.473467350006104,-0.7608247133917553,2004-09-04,W
9126,0.8287139660678804,8.718022482469678,-0.8263880079783197,2002-06-04,W
9129,0.6835904847830534,4.103827028069645,-0.7144220311062544,2004-09-05,E
9130,1.6411267155781388,2.013038975186646,-0.101777612478915,2010-12-30,W
9131,0.6526928544044495,2.635768278967589,-0.603040554269547,2013-04-25,W
9134,2.796187288593501,5.799763114191592,-0.3494175378937251,1994-08-14,W
9141,1.960265631787479,6.79585558315739,-0.5522525137176056,1991-11-09,W
9142,0.384080340154469,2.3665742445737123,-0.7207353171224994,2002-12-16,W
9144,2.5952847888693213,3.182688363827765,-0.1016625656497121,1994-02-24,W
9145,2.503777354490012,10.315637348685414,-0.6093772746317162,2004-09-07,W
9146,4.566165237687528,18.466279331594706,-0.6035014673364195,2024-08-18,W
9148,2.508688259869814,15.135341041022912,-0.7156331791238592,2004-09-04,W
9154,0.0606081597507,0.0397968338802456,0.2072738129613586,1983-10-27,E
9163,2.519901788793504,1.868890670593828,0.1483349062922898,1987-10-18,E
9167,1.707471203058958,9.251804600469768,-0.6883970741005493,1992-11-24,W
9173,0.2296377513557672,1.156662367284298,-0.6687041308466856,1987-11-16,W
9178,0.1961075980216264,0.4011155664920807,-0.3432686149021698,1988-11-13,W
9189,13.938986723311244,21.509593889582906,-0.2135658758511107,1999-09-07,W
9199,4.765107097104192,6.863122834824026,-0.1804243423118961,1990-01-03,W
9203,0.4929790287278592,4.397197742015123,-0.7983798738411011,1988-09-25,E
9208,1.5210919892415404,2.3983072163537145,-0.2238136972267728,1992-01-18,E
9211,2.412284526973963,3.1018589376471937,-0.1250555802723356,2023-11-14,W
9213,2.4610706716775894,3.189976883586496,-0.1289860339663544,2023-11-13,W
9214,0.5178729295730591,12.745238304138184,-0.921907775566682,2006-09-12,W
9218,2.478737451136112,0.7586070038378239,0.5313399519951935,1994-08-13,W
9222,0.5501307444646955,4.658827543258667,-0.7887751392589741,1983-04-24,E
9225,0.1712444387376308,3.8006091006100178,-0.9137710204862118,1999-06-02,E
9227,0.6207402357831597,4.486176151782274,-0.7569021348009745,1988-10-24,W
9228,0.5468577556312084,0.38865458779037,0.1691085841390943,2011-08-21,E
9229,1.46915811765939,0.8118502795696259,0.2881654617703196,2008-12-05,E
9238,0.9078264506533742,1.6577163925394416,-0.2922928938315985,1994-05-05,E
9241,0.4828656520694494,5.456100684590638,-0.8373906755156256,1992-08-16,W
9242,0.9501155195757748,5.219315595924854,-0.691992502456518,1991-12-06,W
9246,1.2711311737075448,9.3550421372056,-0.7607546693403795,1993-02-15,E
9250,4.936170536093414,7.345837855245918,-0.1961948927547946,2007-01-05,W
9254,2.7880929140374064,10.70420222915709,-0.5867133227597661,2024-10-28,W
9262,0.1932151447981596,1.7199447266757488,-0.7980146377942742,1988-12-11,E
9263,1.6671354109421372,3.72828715108335,-0.3820185938072396,1991-02-07,E
9267,0.351555710658431,2.7112701879814267,-0.7704370262671898,,W
9268,0.4578217770904302,2.436122035607696,-0.6836000926611435,1994-01-10,E
9275,0.4597701840102672,6.320835489779711,-0.8643866916526607,2004-09-05,W
9282,0.0380551265552639,1.0487287640571594,-0.929967444522417,2006-09-11,W
9286,13.389541864860805,16.207579975947738,-0.0952132483098855,2012-02-26,E
9291,0.2575989468023181,8.475148674100637,-0.9410039181285412,2001-08-05,W
9293,7.720819192938507,24.476326304487884,-0.5204034970394557,2024-08-01,W
9294,0.1906737880781293,1.2519391318783164,-0.7356549557531291,2013-10-31,W
9302,2.8566822446882725,11.300266838632524,-0.5964268532894266,2003-11-12,W
9303,1.698653671424836,8.905140114482492,-0.6796139748242326,1991-10-25,W
9304,1.1011760360561311,11.853686186484993,-0.8299980320685266,2023-04-15,W
9305,2.808085603173822,6.519516416825354,-0.3978976381811219,2011-07-23,W
9308,3.5021664407104254,3.4383916445076466,0.0091887129852852,2011-04-07,W
9310,0.1000921539962291,1.9405868500471115,-0.9019030883364209,2004-01-17,W
9312,3.628411347512156,6.381474226247519,-0.2750344005881626,1999-08-02,W
9313,0.8870084942318499,4.135724017396569,-0.6468024159444651,1999-05-28,W
9316,0.1217639921233058,1.32941972091794,-0.8321866610967662,1981-11-08,W
9317,4.436285607516766,6.382822599261999,-0.1799165841160033,1990-03-28,E
9329,0.3095154967159033,2.373060617595911,-0.7692401009127073,2009-02-25,W
9344,0.620514583773911,2.2450686465017498,-0.5669191686925786,1986-10-18,E
9347,4.682977998629212,5.838080760091543,-0.109789593229367,1991-01-10,E
9349,1.6068110447376966,6.366875311359763,-0.5969715955759232,1985-08-28,W
9365,1.1682422505691648,4.267444891855121,-0.5701583921371823,1995-07-27,W
9368,0.8754311874508858,4.424017190933228,-0.6696142221058284,1999-01-11,W
9369,1.3444884195923803,4.510401748586446,-0.540729755478622,1994-09-12,W
9370,1.1580314058810472,2.9708261005580425,-0.439054797083562,1995-07-30,W
9372,0.5023400709033012,0.6349620153196156,-0.1166110095310272,1982-09-05,W
9373,6.76686108391732,1.8546941096428784,0.5697541643000762,1989-02-26,W
9379,5.170688166283071,22.00429685600102,-0.6194523631167927,1997-10-27,W
9380,1.4761700732633471,4.536143966019154,-0.5089511081361394,2005-02-02,W
9389,2.4800276532769203,11.814560280181468,-0.6530116622008513,1987-04-26,E
9395,0.2137656211853027,1.1498334929347038,-0.6864685244041115,2000-06-10,W
9401,4.464205926284194,30.623133591376245,-0.7455375079642269,1982-04-18,W
9406,1.558169465046376,6.364174626767635,-0.6066392858000949,1990-10-19,E
9407,0.5247975662350655,3.739999672397971,-0.7538933098710916,2001-11-14,W
9412,4.77725344337523,4.166547537315637,0.0682825911911504,1980-11-09,E
9413,2.509860219433904,8.392854629084468,-0.5395898628358143,1982-02-28,W
9417,2.341765741817653,7.200228568166494,-0.5091663931579523,1981-12-12,E
9434,1.2219422925263643,5.357486956287175,-0.6285567497372117,1984-07-29,E
9435,6.728091384284198,28.802048033569008,-0.6212741354511109,1998-11-18,W
9437,0.1947158239781856,0.900217741727829,-0.6443330808788297,1991-08-09,W
9439,2.342113160993904,8.576968018431216,-0.5710054495414055,1985-11-10,W
9452,21.52968145860359,14.76917261746712,0.1862457924145052,1987-02-08,W
9453,0.2419037632644176,2.4766062796115875,-0.8220320988706664,1991-10-30,W
9456,0.3142449762672186,0.8243672288954258,-0.4480210648672003,1984-04-21,E
9457,0.1436659796163439,1.5348459407687187,-0.8288174449380135,1980-08-10,W
9458,0.9824179103598,3.331953807733953,-0.5445835572118295,1984-01-15,E
9462,0.982902548275888,2.02739573828876,-0.3469733197783867,1988-02-14,W
9463,0.8090858301147819,4.533992893062532,-0.6971462065099427,1988-12-25,E
9465,3.579565125517547,6.335987617261708,-0.277989796761575,1992-09-06,E
9467,2.2735669733956456,7.056168221868575,-0.5126191846152363,1990-08-26,E
9468,0.5294591262936592,2.243432193994522,-0.6181176503960908,,W
9470,1.4765281048603356,9.656020647846162,-0.7347367368138881,1988-11-27,E
9474,0.3475787942297756,13.612235151231287,-0.9502029474621668,1981-08-26,W
9480,2.5314389397390187,21.344770865049213,-0.7879530327102632,1981-11-22,E
9481,1.2335859490558505,4.465221873251721,-0.5670722763356396,1985-02-17,W
9484,1.143813755363226,4.6654738411307335,-0.6062120401634626,1980-09-28,W
9488,6.927300942130387,38.76388710271567,-0.6967773770587201,1982-09-26,W
9490,0.2483638040721416,0.3653533291071653,-0.1906245055092062,1983-11-24,E
9493,0.3934569624252617,0.74430789379403,-0.3083685784902088,1983-05-23,E
9494,0.0832553561776876,2.0896613989025354,-0.92336995332794,1985-10-19,E
9496,0.3216999415308237,0.2847327571362257,0.0609584286529925,1985-06-18,E
9497,0.0775971496477723,1.801186054944992,-0.9173963771247884,1984-10-16,E
9498,0.2457518959417939,0.6284424737095833,-0.4377637182906657,1984-11-01,E
9504,0.066461662761867,1.2731376104056835,-0.9007738148361852,1984-03-22,E
9505,0.087068885564804,1.7208403199911118,-0.9036800240878434,1984-06-29,E
9507,0.1058741025626659,0.3060434870421886,-0.4859452218854159,1981-04-09,E
9508,0.1354509312659502,0.2321529425680637,-0.2630603706464607,1980-09-23,E
9510,0.1910517578944564,0.6688974909484386,-0.5556673649013498,1980-11-08,E
9515,9.84507485292852,16.237056967336684,-0.245071306228178,1985-08-11,W
9528,1.0624561784788966,10.400520746596158,-0.8146282269564374,1986-10-20,E
9529,7.310850081965327,33.69762140000239,-0.6434468382865534,1986-05-11,E
9532,3.0092242090031505,5.084993839729577,-0.256450915731281,2003-09-28,W
9536,1.9843331398442388,5.5315320789814,-0.4719614889117107,2003-10-03,W
9537,2.5329295052215457,6.838434242177755,-0.4594320371088566,2004-01-25,W
9538,1.4998378306627274,0.9278504559770226,0.2356098918602013,1985-11-18,W
9540,3.2280160672962666,3.2484848336316645,-0.0031604668398119,1985-01-18,W
9544,2.587688237428665,16.5121765085496,-0.7290359621029356,1989-10-01,W
9549,2.643800776451826,11.025046285241842,-0.6131640416313874,1981-06-28,E
9550,0.3365699537098408,2.686385015025735,-0.7773238720449693,1982-11-07,W
9553,2.15864263381809,8.32469644676894,-0.5881765118490266,2003-03-02,W
9557,2.2095609894022346,6.555481780786067,-0.4958242538376081,1981-06-14,W
9558,0.6011606566607952,3.381036469712853,-0.698075892486726,1980-08-10,W
9571,0.5303330747410655,1.5312398513779044,-0.4855063645604903,1985-08-11,W
9575,1.6820596074685454,13.543089448008686,-0.7790419520571044,1993-04-11,W
9576,1.1661598607897758,13.135778930038214,-0.8369228287373084,1991-12-15,W
9577,2.56832711212337,2.2787733785808086,0.0597375140246856,1992-03-15,W
9578,1.1295371064916253,14.638293316587806,-0.8567289124521854,1991-10-20,W
9579,1.929840478114784,15.744496988132596,-0.7816223118065293,1995-01-15,W
9582,2.835826994851232,6.820774386636913,-0.412665619544416,1991-10-13,W
9584,2.202645219862461,1.6800248231738806,0.1346033505025176,1990-04-08,W
9588,1.4327904973179102,7.6302545834332705,-0.6838169766227188,1993-07-18,W
9589,2.0888202395290136,4.026216784492135,-0.3168249901598803,1994-10-23,W
9590,1.5906659252941608,4.873133584856987,-0.5078232476745804,1988-01-17,W
9592,8.72162960562855,16.74456673138775,-0.3150426164781104,1984-01-31,W
9593,1.4880206128582358,1.1742962813004851,0.1178388388872723,2002-03-14,W
9596,0.7987636998295784,3.968189093284309,-0.664874508099276,2001-04-10,W
9616,1.6830235617235303,7.295939696952701,-0.6251185101804345,1986-01-12,W
9617,3.176433611661196,6.77418026747182,-0.3615602715079655,1985-01-01,W
9621,0.5101875467225909,3.575051188468933,-0.7502287725179677,1983-10-16,W
9623,0.4073796672746539,2.6397028621286154,-0.7326100206712811,2002-10-23,W
9631,0.0967893460765481,2.579001985490322,-0.927655535067202,2002-09-10,W
9637,1.199233756866306,5.633525859564543,-0.6489752825541195,2003-01-11,W
9650,0.4867845177650451,1.3320052698254583,-0.4647160204146957,2002-11-07,W
9652,1.648782846517861,2.079224344342947,-0.1154615524562817,2003-02-22,E
9653,6.074269143864512,22.42450554762036,-0.5737171713786189,2002-11-24,W
9657,4.307766195386648,1.744508479256183,0.4235197267019792,2003-01-14,W
9658,1.4020842965692282,9.702859380282462,-0.7474846631609211,2002-12-28,W
9659,2.228119861800224,5.180027709342539,-0.3984677436827251,2003-01-04,W
9660,1.5284826471470296,9.142515843734143,-0.7135258432557102,2002-12-13,W
9662,2.026093690656125,6.555554830469191,-0.5278078132263784,2003-01-13,W
9663,1.4444098407402637,12.53013840969652,-0.7932799236360983,2002-12-29,W
9666,0.8791837226599455,1.49586321413517,-0.2596493913114455,2003-02-12,W
9667,0.8656794428825378,5.913488980382681,-0.744606008043107,2002-11-18,W
9669,0.8192363223060966,4.357147999107838,-0.6834716004693163,2002-12-14,W
9678,1.2538383100181818,11.964895255863668,-0.8102937314275248,2003-01-12,W
9687,0.9201172566972672,8.07152373995632,-0.7953394142314836,2003-01-07,E
9698,1.4337988328188658,8.439735640306026,-0.7095672604938128,2002-11-19,W
9709,2.3612869502976537,2.7861968700308357,-0.0825471112808632,2003-01-25,W
9711,1.834759528748691,7.157502847258002,-0.591924823358241,2002-12-29,W
9720,2.117325324565172,9.728135657962412,-0.6425085815252588,2003-01-11,W
9721,0.4143699826672673,4.831089863087982,-0.8420081385226859,2002-12-22,E
9722,3.2384501434862614,5.074325851164758,-0.2208498952527528,2003-02-10,W
9723,0.6709862444549799,5.9582658829167485,-0.7975680418957298,2002-11-23,W
9731,1.3001924753189087,6.858055088669062,-0.6812569206508168,2003-02-23,W
9732,0.9153381511569024,7.993447868153453,-0.7945088928675026,2003-01-28,E
9733,0.8542960369959474,5.827610902953893,-0.7442957393229627,2003-02-07,W
9734,0.525463598780334,8.673285344149917,-0.8857532470902743,2003-01-10,W
9738,0.7100916425697505,5.476847782731056,-0.770454632328775,2003-02-27,W
9739,0.6728434567339718,9.451597396284342,-0.8670853103885108,2003-01-31,W
9749,0.5297073386609554,5.017270369455218,-0.8090104678494352,2002-12-27,W
9753,1.5334448851644993,1.408985908376053,0.0422980132826321,2002-12-07,W
9756,0.9537270702421664,11.713302370160818,-0.849415827960332,2003-03-01,W
9759,0.7278456008061767,3.691047975793481,-0.6705756370052298,2003-01-05,W
9765,0.4661593646742403,3.9542333437129855,-0.7890868999986599,2002-12-11,W
9771,4.475922719575465,24.68630651570857,-0.6930328828112844,2002-09-08,W
9788,0.5971975866705179,7.525991911068559,-0.8529647531090683,2002-12-28,E
9790,0.6823854628019035,5.214407904073596,-0.7685571054141043,2003-01-07,E
9808,0.4751046122983098,4.353367857635021,-0.8032070741804306,2002-12-10,W
9813,0.1771180545911193,4.904529966413975,-0.930291096959308,1982-08-15,W
9814,2.4088965891860425,23.25958117470145,-0.8123070163065548,1982-03-28,E
9816,1.7720526419579985,5.557980690617114,-0.5164953386819819,1987-04-19,W
9817,0.5738743720576167,3.640752861276269,-0.7276749091738629,1982-12-09,W
9819,0.3577336627058685,3.986018082126975,-0.8352881639095364,1985-09-01,E
9825,0.7075273431837559,2.176875527948141,-0.5094115664179999,1981-11-06,W
9826,0.7320820093154907,0.6083743320778012,0.0922877332274868,1981-01-17,E
9832,0.2104892050847411,2.6626618076115847,-0.853478495105182,1982-09-12,W
9841,0.4425103389658034,8.459369813092053,-0.9005804770660818,1982-08-10,SPLIT
9843,0.4848119700327515,6.462823729030788,-0.8604382869129051,1988-10-20,E
9849,7.661691436544061,12.572261488065124,-0.2426896054279353,1982-11-23,W
9859,2.377162178512662,4.819227440049872,-0.3393458930069253,1982-09-27,W
9861,0.9069889672100544,4.04992057569325,-0.6340506279728718,1985-03-29,E
9863,4.362246100325137,25.57525907456875,-0.7085765113130571,1986-12-14,E
9866,0.3053204836323857,3.2877762420102954,-0.8300516201226453,1984-02-02,W
9871,13.3030140446499,52.99322955776006,-0.5986797042550202,1982-09-12,SPLIT
9873,4.447523050010204,7.338196000084281,-0.2452691208561141,1983-05-01,W
9874,0.6431117746978998,7.588723208755255,-0.8437500809986975,1982-01-26,E
9880,3.385091594420373,19.72589262714609,-0.7070577728782436,1985-06-06,W
9881,0.3218063898384571,1.3489820882678032,-0.6147850023439078,1987-01-14,W
9885,1.130245885811746,4.0733113451860845,-0.5655872182671108,1982-04-16,W
9891,2.59345814678818,11.617289934772998,-0.6350004754283727,2002-06-09,W
9893,1.900890251155943,5.462425973266363,-0.4836863735795021,2024-09-14,W
9897,1.7359477179124951,9.356816419400277,-0.6870125973248408,1988-03-23,W
9898,0.2679505906999111,0.6054665260016918,-0.3864315558366877,1982-06-23,W
9899,0.420814823359251,5.901504639536142,-0.8668796077675687,2004-10-14,W
9903,1.4023062228225172,16.13071498274803,-0.8400382676343996,1990-11-25,W
9904,1.149750117212534,5.759178247302771,-0.6671697674220919,2002-04-11,E
9905,0.1369304982945323,3.183055430650711,-0.9175113984061408,1995-06-25,W
9908,2.33365049213171,7.183029443956912,-0.5095662546593742,2024-10-27,W
9909,0.5989532014355063,9.3591263666749,-0.8797050782052346,2003-02-12,W
9914,2.2467271834611893,6.422424588352442,-0.4816731226770521,1994-09-15,W
9915,1.089546444825828,4.760049789678305,-0.6274797776983655,2022-09-13,E
9918,0.5886152111925185,3.731949059758336,-0.7275285475323611,2005-12-22,W
9921,0.5315317111089826,2.430823772214353,-0.6411425204695547,2011-01-21,W
9929,0.4812180669978261,4.34932766482234,-0.8007603721342259,1994-05-20,W
9933,3.0780143165029585,9.6116096470505,-0.5148769852686346,2006-05-17,E
9934,3.580150954425335,4.063626791816205,-0.0632509020331645,1985-06-13,E
9937,1.9878216609358788,1.1094331918284297,0.2836022577616438,1981-10-01,E
9940,0.1027622250840067,2.087416648864746,-0.9061608836549628,2007-08-23,W
9941,1.1166654098778963,7.833229828625917,-0.7504629093144674,2011-09-17,W
9947,0.1574636278674006,1.4759173709899187,-0.8071930211286128,1980-08-15,E
9949,0.0574622424319386,1.491452842950821,-0.9258032374083284,2009-01-27,W
9950,0.6115583516657352,5.249825604259968,-0.7913262955422459,2009-01-19,W
9957,4.909497020766139,19.22400458739139,-0.5931384429429882,2000-11-28,W
9959,0.2501965779811144,0.4567488804459572,-0.2921757258673422,1989-05-30,E
9972,0.674589860253036,4.607757875695825,-0.7445871063495093,1990-01-27,W
9974,0.4486677125096321,4.135968488175422,-0.8042733630890964,1988-10-31,E
9976,0.4753020862117409,1.6033860445022583,-0.5426903351309819,2009-05-21,W
9988,0.7414006958715618,7.603898987174034,-0.8223189761829138,2006-01-13,W
9991,2.090855644084513,3.7884818064048886,-0.2887444676574525,2015-07-15,W
9997,7.4782695272006094,10.80896594724618,-0.1821323088828518,2010-09-14,W
9999,0.564664269797504,5.643249165266752,-0.8180824279512305,1982-01-02,W
10001,0.2193647315725684,1.6199786653742194,-0.761474956838312,2014-11-18,W
10013,1.2490760013461113,0.0540185403078794,0.9170919091721872,2008-09-14,W
10019,2.5610988191328943,5.2534263827838,-0.3445286174251771,2015-04-24,E
10028,2.224092705175281,7.547358479350805,-0.5447774003727122,2013-08-29,E
10032,5.769446294289082,5.420336117502302,0.0311990138806336,2022-11-04,W
10042,5.440058950800449,10.57613268122077,-0.3206800872781413,2014-11-22,W
10046,2.5013748072087765,3.103045783238485,-0.1073564994488725,2024-02-12,W
10058,2.507290668785572,22.63362796790898,-0.8005410458529194,2011-03-06,W
10065,1.285667112097144,6.409198546782136,-0.6658376717431275,2003-01-25,W
10070,3.869445299729705,7.282732271589339,-0.3060646183250842,1988-04-11,W
10073,1.31669663451612,3.318749531172216,-0.4319007976998846,2022-01-03,W
10076,10.585198471322656,22.892288747709244,-0.3676228802916145,2008-12-09,W
10079,2.1538463393226266,12.619418966583908,-0.7084129615594399,2002-04-13,E
10081,4.7889598943293095,0.6797050919849426,0.7514182734958782,2009-05-29,W
10084,4.018303674180061,43.98487189086154,-0.8325817562325266,2024-06-23,W
10085,0.9343452556058764,3.818194438703358,-0.6068017036343833,2002-09-15,W
10087,1.3638288108631968,1.201960955746472,0.0630869517148895,2008-06-04,W
10096,1.7142134639434516,6.952384678646922,-0.6044091497632565,2015-06-23,W
10098,1.198472186923027,5.849042768590152,-0.6598880046403285,2015-04-04,W
10100,0.2307254672050476,1.4799043713137507,-0.7302450103346806,2006-08-30,W
10106,2.4923963476903737,9.292843869421633,-0.5770308790020695,1994-07-24,W
10107,1.367960992269218,3.533596915192902,-0.4418260405791153,1991-12-14,W
10110,2.1072466699406505,4.3129685409367085,-0.343558868129327,2003-10-06,W
10112,5.575121148023754,10.759840882383289,-0.3174001705487907,2024-08-11,W
10132,2.2240858413279057,1.060208858922124,0.3543765370132049,1998-01-04,W
10133,10.668093358166516,22.72074175719172,-0.3609784036305252,2009-07-05,W
10138,0.360145497135818,3.3730788193643093,-0.8070592781985008,1982-09-11,E
10149,4.317583692725748,10.210330623202026,-0.4056154794370807,2005-03-30,E
10153,2.204160365276038,15.64498407766223,-0.7530234155118336,1989-01-24,SPLIT
10155,2.1148140616714954,1.9059006259776647,0.0519592788654014,2004-05-02,W
10157,1.0696111507713797,1.634324511047453,-0.2088486676106796,1984-12-27,W
10160,2.855697902385145,16.04247646499425,-0.6977805530977866,2003-10-23,W
10161,2.525677816011012,6.774596172152087,-0.4568594819408997,2000-07-24,W
10167,5.702666651457548,10.464854849502444,-0.2945527672724501,1999-03-07,E
10168,3.902459966950119,21.80306457169354,-0.6963718860446659,1995-08-06,W
10169,1.7581235971301794,9.397320383228362,-0.6847954056824522,2000-06-04,W
10174,6.478047366254032,19.445986087433997,-0.5002284364563111,1999-05-30,W
10176,0.759608312509954,5.99778900295496,-0.7751772532978313,1990-12-30,E
10177,0.7057535452768207,6.842679239809513,-0.8130066027290842,1994-01-09,W
10185,0.9421229823492469,6.946701034903526,-0.7611499558643431,1994-10-02,W
10187,1.4482898376882076,0.2587552606128156,0.6968384011990119,2000-10-22,E
10189,15.40210290066898,53.82565488945693,-0.5550310051247656,2004-06-13,W
10202,0.7977005895227194,5.150671314448118,-0.7317919584044232,2001-08-06,W
10208,0.0766516374424099,2.705162435770035,-0.9448908982228528,2004-09-05,W
10209,9.352748694829645,20.42923373170197,-0.3719189971384962,1989-11-26,E
10211,1.3177861608564854,0.9149541803635656,0.1804204336060937,2017-07-11,E
10212,2.740454830694944,8.270412948913872,-0.5022272748074802,2006-04-26,W
10213,3.726294563151896,8.398477998096496,-0.3853419444647427,2010-04-12,W
10214,3.957966879010201,17.930916199460626,-0.6383582602345349,2007-05-20,W
10215,0.2196249039843678,1.7481977883726358,-0.7767838486284598,2003-01-15,W
10216,2.572263127192855,1.5173751497641206,0.2579416334623606,1989-06-01,W
10218,1.6002477211877704,2.728309861384332,-0.2606092488495873,2005-09-16,E
10223,0.500102243386209,4.679058078676462,-0.8068790258311834,2003-02-12,W
10235,0.6548690032213926,5.938034364953637,-0.8013412402241635,2015-10-04,W
10242,0.4899080074392259,4.266180499922484,-0.7939870098374666,2000-06-11,W
10244,1.6379835242405534,10.491200582124293,-0.7299103534290688,1994-06-01,W
10246,3.7305603539571166,8.403775465209037,-0.3851232717550311,1995-07-30,W
10250,1.0876311915926635,16.670667548663914,-0.8775072761753318,2022-11-02,W
10252,0.2000377364456653,0.148582337424159,0.147597349889187,1981-03-20,E
10256,0.5489754369482398,7.580713205039501,-0.8649455197795999,2003-02-17,W
10257,1.4766519330441952,1.88231769297272,-0.120770892593466,2008-10-12,W
10263,3.1761712124571204,6.938526855781674,-0.3719691500370506,2006-05-03,E
10264,3.0021257419139147,1.3960623783059418,0.3651647723352324,2009-04-19,E
10269,21.27263753954321,62.93492246745154,-0.4947570612952938,2024-12-02,W
10272,1.4087289576418698,13.847276657819748,-0.8153213897332914,2006-10-11,W
10273,1.1085223015397787,1.8628623019903896,-0.253868179687732,2008-06-22,W
10276,3.7362559596076608,24.968446417711675,-0.7396763839948268,2022-03-21,W
10294,2.1795712267048657,9.704607813619075,-0.6331978474390654,2022-11-17,W
10297,1.590101388283074,8.798325943760574,-0.693870624020506,2008-10-21,W
10298,5.27469870634377,8.086019187234342,-0.2104168730515323,2023-06-26,W
10299,4.862556636799127,9.61029656091705,-0.3280445023008173,2023-06-27,W
10300,1.7740124640986323,6.790644556283951,-0.5857364842802123,2007-12-05,W
10301,19.868708015419543,111.83436408359556,-0.6982802648599953,2003-05-04,W
10305,4.370718645863235,21.048680988140404,-0.6561115755057539,2009-05-10,W
10308,1.2855897173285484,4.116023356094956,-0.5239978503258426,2011-11-10,W
10311,5.044461590703577,9.49065067106858,-0.3058929989868964,2005-10-08,W
10314,1.1433779457584023,4.951612386852503,-0.6248138607731222,2022-09-12,E
10317,0.5474690655246377,4.4519770364277065,-0.7809881117385244,1992-05-04,E
10318,1.530498334672302,8.083704497665167,-0.6816172154128481,1990-11-11,W
10319,7.966845532413572,15.529185812920332,-0.3218560687700244,2024-04-15,W
10326,0.1656537833623588,3.0317321568727493,-0.8963817402971214,1988-11-16,E
10329,5.831636094488204,11.676381502766162,-0.3338325070677452,2024-05-17,W
10344,0.607615714892745,1.8526083556935191,-0.5060484756998536,2001-11-11,W
10349,0.5632230592891574,7.149125169962645,-0.8539425237171314,2001-11-25,W
10353,1.165849101729691,10.653735047206284,-0.8027258680103319,2003-07-20,W
10354,0.1964657753705978,1.9768656771630049,-0.8192031177370818,2002-10-13,W
10355,0.5908336061984301,7.680687680840492,-0.8571402803194942,2003-06-22,W
10356,4.099291825201362,5.873557595536113,-0.1779096119354992,2004-02-08,W
10357,0.4927106173709035,2.556566506624222,-0.676834477592054,2002-09-15,W
10359,1.209623863454908,10.46716159209609,-0.7928156052776898,2003-08-31,W
10364,0.7034990014508367,2.1848298823460937,-0.5128678002026628,1981-06-28,W
10369,0.3580239303410053,4.177579130977392,-0.84212730898133,1998-12-20,W
10370,0.1321197682991624,4.037007592618465,-0.9366199413631964,1996-06-16,W
10372,2.88765521068126,16.781660409644246,-0.7063796965363023,1995-07-16,W
10379,1.5099547440186143,5.948755769059062,-0.5951164101699769,1998-05-17,W
10383,2.539937731809914,9.935826084576547,-0.5928204847106684,1991-04-07,W
10386,1.6540111722424626,15.781974278390408,-0.8102761467740464,1994-01-23,W
10387,1.2790450435131788,5.063927651382983,-0.5967048558974078,2003-04-27,W
10392,2.384024751372636,27.833500443957742,-0.8422091328815063,2002-06-02,W
10398,0.4266590122133493,0.6283706426620483,-0.1911904840933884,2022-10-09,E
10400,0.3922176123596728,6.839718148112297,-0.8915317764563435,2022-11-03,E
10402,2.252815706189722,9.907420749776064,-0.6294783058951441,2007-09-27,W
10407,2.816734961234033,5.514243412064388,-0.3237925163118659,2001-04-03,W
10413,2.12930678576231,1.251046516932547,0.2598131586214209,1999-11-10,W
10416,6.019344862550497,3.7540565403178334,0.2317809561743373,2004-11-05,W
10430,1.4905517864972353,3.2919906862080097,-0.3766697128131125,2007-08-12,E
10431,1.869588608853519,15.094263242557645,-0.7795797056906763,2002-03-18,W
10439,8.470678556710482,5.225229270756245,0.2369648895741946,2024-07-22,W
10440,9.032836907543242,4.644332813564688,0.3208634668915067,2024-07-20,W
10443,0.1174003090709447,3.9179873019456863,-0.941814605986839,2023-04-26,W
10446,1.668392727151513,0.591233616694808,0.4766978900691586,1989-06-04,E
10456,5.23406755598262,10.39544176775962,-0.330232645495544,2024-10-30,E
10458,8.100211043842137,9.88520086207427,-0.0992465353348316,1998-07-07,E
10459,2.1667643832042813,2.4708047630265355,-0.0655602903666239,2014-09-11,E
10460,1.0808318359777331,2.148471772670746,-0.3306099599410253,1998-10-27,W
10466,0.0872748438268899,0.7007981091737747,-0.7785107495569497,1991-12-07,W
10468,0.1658726017922163,0.245174091309309,-0.1929257450498767,1992-08-03,W
10470,0.5612673880532384,7.925349600613117,-0.8677288279173598,1993-07-10,W
10471,1.658181278035045,9.310304536484182,-0.6976462738657286,2015-01-15,W
10472,1.0314702154137194,7.6825687950477,-0.7632624287828421,2016-05-28,W
10482,0.9448209796100856,8.267142618075013,-0.7948708829357707,2024-10-02,W
10483,1.5218099961057303,15.241842512972651,-0.8184393293428147,2012-09-03,W
10489,0.5404751864261925,8.281050575897098,-0.8774644656744076,2011-10-16,W
10493,0.944362673908472,10.421218213625252,-0.8338206056947414,2011-11-09,SPLIT
10494,4.846527193672955,11.943645798135549,-0.4226947874762621,2024-05-15,W
10498,1.5400984701700509,9.884398771449924,-0.7303866528918637,2003-04-13,E
10499,0.8736174050718546,9.674089492298664,-0.8343493209334325,2002-03-14,W
10508,2.3896355079486966,4.99011147627607,-0.3523800983808658,1994-08-26,W
10514,0.6929824817925692,0.9161276146769524,-0.1386761125754151,1991-12-17,W
10516,0.0546168191358447,3.3231285959482197,-0.9676607840884484,1992-03-06,W
10517,1.6733241556212306,1.2474669786170125,0.1458019959085975,1982-07-09,W
10520,3.6955566108226776,1.235883672721684,0.4987737449256225,2006-02-07,E
10521,8.852701968047768,5.555218040943146,0.228866062904755,2014-07-01,E
10524,4.869847302790731,6.938246718607843,-0.1751679324426611,1986-11-07,E
10526,1.3698581820353866,2.5480335033498704,-0.3007166649627094,1997-02-20,E
10530,2.902703986968845,10.269950420130044,-0.5592833612328241,1995-02-15,W
10532,0.2808291874825954,3.250822646543384,-0.8409643981451711,1997-11-09,W
10551,4.0729874931275845,9.866155998315662,-0.4156043381534802,1995-05-12,W
10553,3.273364111315459,5.201260136673227,-0.2274904431090375,2023-07-20,W
10554,0.0999946095980703,1.9208912551403048,-0.9010388351531508,1989-10-28,SPLIT
10556,2.3684792518615723,14.332054471597075,-0.7163588552220925,1988-11-28,E
10558,2.140187123324722,5.184732891153544,-0.4156421861004117,2009-03-08,W
10560,0.1038280604407191,3.249611258506775,-0.9380766725942872,2013-12-05,W
10562,1.9419455146417024,1.64394768117927,0.083102819071588,2023-08-30,E
10576,2.892254470847547,17.143043698277324,-0.7112841100308682,2024-12-24,W
10577,2.972094950731844,18.18212492531165,-0.7190068961987099,2024-12-25,W
10579,0.7547920164652169,4.884227819275111,-0.7322967329599794,2016-03-29,W
10580,1.6917607756331563,16.09191935416311,-0.8097400804236191,2022-06-19,W
10585,1.6693515162914991,14.711060625500975,-0.7961771044780046,2022-06-18,W
10598,2.4790537669323385,9.970025700051336,-0.6017289834951473,1987-11-17,W
10600,3.1761669353581965,6.807044948451221,-0.3636983823794373,2016-05-28,W
10601,1.3226295337080956,5.424727234989405,-0.6079562474465929,2004-09-25,W
10609,1.1831592489033935,7.993511509615928,-0.742137583435614,1982-01-24,W
10610,0.38550063688308,2.507481751963496,-0.7334925795817618,1985-04-12,W
10613,2.097635162062943,5.08307724352926,-0.4157584808912407,2003-06-20,W
10614,0.7280075699090958,2.612882563844323,-0.5641834716118145,2013-12-08,E
10615,0.1300267418846488,0.4774822294712066,-0.5719347433018562,1994-05-23,W
10617,1.5237078205682335,14.181740551255643,-0.805964429095546,2006-04-29,E
10619,2.783752670045942,11.999804493971167,-0.6233988019037998,1982-02-18,E
10623,1.9494725158438089,4.002008360810578,-0.3448781719215156,1981-02-28,E
10624,0.8020487418398261,7.255850763060152,-0.8009285816105044,2012-09-14,E
10630,1.4608086105436089,5.74373200442642,-0.5944755707231215,2004-06-18,E
10631,2.5624935259111226,3.7248255270533264,-0.1848692568884322,1993-01-27,W
10634,0.1703341268002987,0.2781395469792187,-0.240382939917405,1991-07-08,W
10637,0.889619012363255,5.030801443848759,-0.6994743805973543,2005-03-03,E
10640,0.1724970368668437,3.522496234625578,-0.9066320157072304,1992-04-14,W
10653,0.9515548702329396,4.109920007176697,-0.6240009509954384,2006-03-10,E
10661,1.109424127265811,5.439668073318899,-0.661197584860054,2006-05-13,W
10667,1.6216856511309743,4.254590410273522,-0.4480566827748398,2007-07-17,E
10670,1.398313364945352,6.349585399031639,-0.6390470739119678,2004-02-25,E
10682,0.644932166673243,3.957816741429269,-0.7197621771032142,2007-06-12,W
10683,0.9813751028850676,4.841869130730629,-0.6629455803278044,2012-05-26,W
10685,0.3700351794250309,0.9786500046029688,-0.4512653007426017,1986-05-05,E
10691,0.5966566316783428,7.481728707440197,-0.8522831960516822,2012-06-05,W
10692,1.8032417315989733,2.0235446197912097,-0.0575686406198631,2015-07-05,W
10693,1.220426356419921,3.7179266484454274,-0.505735472851864,2005-03-01,W
10694,0.57134162588045,4.241406738758087,-0.7625715775714602,2009-06-18,E
10696,2.08136953599751,0.8122931597754359,0.438570942658762,2003-12-28,W
10698,0.1657421747222542,0.9355357391759752,-0.6990002748063461,2003-12-27,W
10701,1.7082117372192442,9.283531250897797,-0.689182736702213,2012-02-04,W
10702,2.8443542905151844,5.98999243369326,-0.3560691289779061,2012-05-22,W
10704,1.4801279958337543,2.9105767849832773,-0.3257902456568751,2013-03-05,SPLIT
10705,2.7974366978742182,3.495722198393196,-0.1109594580446764,2008-01-12,E
10707,1.675767368171364,10.316730831749735,-0.7205307284210809,2024-06-05,E
10710,0.142992652952671,0.4602890238165855,-0.5259506182296138,2012-12-13,W
10714,0.5066282846964896,3.704111887142062,-0.7593637868775654,2006-10-24,SPLIT
10723,0.1631207810714841,2.5700819306075573,-0.8806376267849396,1991-06-18,W
10730,0.3699990347959101,2.4126610197126865,-0.734068102068891,2014-11-01,W
10731,0.9541281033307314,5.27331212721765,-0.6935729391184992,1991-10-22,W
10733,4.8608863689005375,14.606281826272609,-0.5006067323026431,1991-10-15,W
10736,0.4796783300116658,3.1306776171550155,-0.7342764331098861,1994-05-01,E
10750,0.2039507012814283,0.1784958387725055,0.0665579625985543,1994-05-18,W
10755,0.2185726459138095,2.6771901696920395,-0.8490396763600236,2004-04-16,E
10765,1.119609197601676,7.1106192651204765,-0.7279275532451674,2022-08-29,E
10767,0.7138334978371859,5.263136155903339,-0.7611386574831167,1991-10-09,W
10769,2.045735740568489,8.15387564804405,-0.5988600618935794,1997-12-08,W
10770,0.7016605418175459,6.456502930261195,-0.8039551500730998,2002-03-26,E
10772,0.8349623749963939,9.95016640331596,-0.8451641344003552,2007-05-24,W
10780,1.0191523642279208,7.869190088007599,-0.7706766205948832,2007-06-21,W
10781,3.4298792518675327,10.878933428786697,-0.5205920535244617,1994-11-23,W
10783,0.2781939730048179,1.363098194822669,-0.6610061530076236,1994-09-11,W
10784,2.360864167101681,11.524454624857754,-0.6599481506367552,1993-07-20,W
10789,3.5642388379201293,12.426230312790722,-0.5542045947085975,2014-08-03,W
10792,0.3659904832020402,5.039405370131135,-0.8645832819156848,2003-12-25,W
10793,2.8881513625383377,0.9057509172707796,0.5225228008157279,1982-06-01,W
10795,1.644233143888414,3.2775907018221915,-0.3318602227824397,1985-07-21,E
10796,0.9812539536505938,1.5193393086083231,-0.2151830779834356,2002-07-23,E
10798,2.044313951395452,12.008307484909892,-0.7090487407403911,2005-09-20,W
10799,3.342264193110168,16.620640532579273,-0.6651525177285971,1994-01-09,W
10800,1.080921626649797,7.27934927213937,-0.7414146886539957,2000-01-29,E
10801,0.1904006842523813,0.6457190420478582,-0.5445611955714504,1981-03-04,W
10803,1.277097249403596,4.576754312030971,-0.563672827709725,1986-08-19,W
10806,1.0761933913454411,6.79949071072042,-0.7267047846514032,1992-03-10,W
10807,1.439978614449501,2.30232404358685,-0.2304317710074272,1983-08-17,E
10808,0.9267656267620624,2.7176161683164537,-0.4914003642462266,1983-05-29,E
10809,3.206677661743015,10.84398377686739,-0.5435549172181287,1986-10-18,E
10812,0.6084848516620696,8.025149579159915,-0.8590431743345041,1981-09-30,E
10813,1.2765914732590318,5.216935521457344,-0.606811067606844,2003-12-08,W
10814,2.413039674051106,12.638163052964956,-0.6793559002802911,1998-04-21,W
10815,1.6088142031803727,3.32241735747084,-0.3475000379142251,1982-06-02,W
10816,2.506163885816932,0.9082954721525311,0.4679711328045109,1984-01-13,W
10817,1.5648219669237733,4.34889411367476,-0.4707821797337178,2006-01-14,W
10818,0.5753573123365641,2.500830111093819,-0.6259283111590955,1982-07-29,W
10819,0.9755359664559364,5.205492349341512,-0.6843450906176866,1981-08-01,W
10825,0.5164438164792955,4.3839110750705,-0.7892218715137349,1986-08-14,W
10826,0.7006777585484087,7.803123457357287,-0.8352083401859716,1982-07-11,E
10828,0.357871875166893,2.257874730974436,-0.726371144416639,1982-07-10,E
10829,0.4027799880132079,0.9078418193385004,-0.3853604666821881,1983-06-10,W
10830,1.4412612970918417,4.004150461405516,-0.4706511239143509,2000-03-28,E
10832,2.0658453330397606,3.521995097864419,-0.260592581844499,2003-11-25,E
10835,0.0725342584773898,0.838319219648838,-0.8407334215223621,1987-10-30,E
10837,2.558279284276068,3.8567033275030553,-0.2024049201384633,1998-04-24,W
10839,0.6597209298051894,4.743738365359604,-0.7558153420732127,1993-04-23,W
10840,0.7701622629538178,7.491144408937544,-0.8135495282908068,1994-05-06,W
10841,1.7512860242277384,2.826297794468701,-0.234842618468286,1995-04-07,W
10842,2.40160727314651,4.659263619687408,-0.3197419101419734,1988-09-15,W
10844,0.3002690579742193,2.2848045295104384,-0.7676901273307484,1997-09-30,E
10845,0.5023833983577788,5.014227000996471,-0.8178651882260909,2006-11-04,W
10847,1.267664136365056,8.218259923160076,-0.7327273276887519,2004-05-22,W
10848,1.4675776464864612,6.250380889046937,-0.6196979707185367,2005-02-09,W
10849,0.2374833030626177,3.1295072827488184,-0.8589343824934904,2004-03-09,SPLIT
10850,2.8048827261663973,11.368816586211324,-0.6042130336831361,2000-09-19,W
10852,1.099484988488257,4.829998527653515,-0.6291464558437663,1994-05-05,W
10855,0.3917463142424822,0.7465130370110273,-0.3116747711121777,1982-10-24,SPLIT
10857,0.6925260033458471,1.995142238214612,-0.4846640722710559,1988-09-22,E
10858,4.9522657175548375,6.4388233323115855,-0.1305017991035764,1994-05-22,E
10860,3.452109871432185,8.179738792125136,-0.4064383106620227,1994-01-09,SPLIT
10863,1.8578199576586485,1.4890937265008688,0.110169029127581,1994-01-18,SPLIT
10865,0.9667166341096164,8.298998615704477,-0.7913346982836736,1986-04-11,W
10867,0.4709382615983486,3.687946343794465,-0.7735266513583613,1982-07-21,W
10868,2.612398243509233,4.412591094151139,-0.2562555989930075,1983-02-25,W
10869,4.36062609963119,4.652134613366798,-0.032343975727123,1985-09-13,W
10872,1.262535554356873,4.573195607401431,-0.5673085276338345,1994-03-17,W
10878,0.5931631792336702,1.246251112781465,-0.3550521143510099,1991-01-18,W
10879,0.1108072325587272,1.1025830060243609,-0.8173592813989852,1991-06-26,W
10880,0.6817599255591631,1.6060682917013764,-0.4040112623702938,1997-02-19,W
10881,2.500156413763761,5.636516323778778,-0.3854597586976176,2006-02-04,W
10882,0.4121753396466374,3.4082842860370874,-0.7842273548051093,1988-10-29,SPLIT
10883,1.125014997087419,5.676696196198463,-0.6691964815564999,2007-03-01,W
10884,1.0003814678639174,4.943654590751976,-0.6633999329751057,1989-10-25,W
10885,1.2250087284483016,7.984425125643611,-0.733966550418433,2010-12-15,W
10887,1.9647858729586003,5.407352413516492,-0.466969881299317,2015-06-17,W
10889,0.552234101574868,5.482342720031738,-0.8169766935112931,1988-09-14,E
10891,0.4872936606407165,4.072082766331732,-0.7862454796413088,1982-06-27,W
10892,2.072236765176058,4.881176121532917,-0.4039655636911151,1992-09-12,E
10894,1.5395746338181198,11.36388971284032,-0.7613703432726269,2007-05-08,E
10895,3.6693724412471056,8.520457615377381,-0.3979616739196118,1989-08-20,W
10897,1.5075752078555524,9.499797753989697,-0.7260790175672962,2012-04-08,W
10901,0.4086701860651374,2.6220735982060432,-0.7303169022822709,1994-05-16,W
10902,1.6127303005196154,8.974846516735852,-0.6953542196942438,2005-05-03,W
10903,2.8055464578792453,5.525221154093742,-0.3264614766477763,1996-02-06,SPLIT
10904,0.2373628364875912,0.3257054388523102,-0.1568950094217849,1980-06-13,E
10905,2.04828872345388,7.669942981097847,-0.5784647277971748,2006-08-03,W
10906,0.3995881229639053,4.92108091339469,-0.8497977903779544,1991-07-09,W
10907,0.5214817961677909,4.87665826594457,-0.8067920468280211,2008-09-04,W
10908,0.7426020484417677,10.947868413757533,-0.8729560027813457,2006-08-31,W
10909,1.641507763415575,5.226014439947903,-0.5219505041827512,1982-05-19,W
10910,1.8418836146593092,4.6571443118155,-0.4331818125734391,1983-12-04,E
10911,0.5818225042894483,2.884505064226687,-0.6643003335435798,1984-05-09,E
10912,0.4046288840472698,3.194653833284974,-0.7751613775160375,1982-10-04,E
10913,0.82914815004915,4.803985889768228,-0.7056174611899051,1981-06-25,W
10920,0.9364833729341626,4.682444801088423,-0.6666683239468895,1994-08-18,SPLIT
10922,1.9624221250414848,5.3895530118606985,-0.4661510441754293,2009-12-09,W
10923,2.4737482480704784,2.0819462845101957,0.0860026853772068,2001-09-07,W
10926,0.7051207371987402,1.6208796659484506,-0.3937054041393331,1995-06-09,W
10931,2.677436275407672,4.818738255184144,-0.2856526313571747,1981-07-08,W
10933,0.6919856569729745,4.868543297052383,-0.7511079745489283,1992-02-24,W
10934,1.859245530795306,8.57257922552526,-0.6435435651525636,1990-10-16,W
10938,2.6374185010790825,7.150336881633848,-0.4610779697789537,1995-04-03,W
10941,1.331383449025452,5.544740478973836,-0.6127517587039346,2007-06-23,W
10943,1.5502091706730423,7.668263304978609,-0.6636733092672622,1989-07-26,E
10946,2.843239809386432,4.029323413502425,-0.1725824216742897,2012-03-31,W
10947,4.792253443971276,7.282758904038928,-0.206252829255106,2005-06-27,W
10950,1.9524950999766588,7.026054782792926,-0.5650756245785513,2008-07-07,W
10952,1.2876384323462844,2.524163293186575,-0.3243938037378138,1994-06-28,W
10953,0.79370809905231,3.6661853259429336,-0.6440685803816137,1993-04-13,E
10954,1.8382867649197576,5.512412327341735,-0.4998334874419553,1993-07-28,W
10955,1.119083866942674,6.9760825536213815,-0.7235180084500202,1991-12-06,SPLIT
10956,3.4112920677289367,5.529346831142902,-0.236901947094742,1995-01-31,W
10957,1.0021140286698935,2.3263647705316544,-0.3978546422404825,1981-08-01,E
10961,1.3428758629597723,7.991744505008683,-0.7122805620316006,1982-09-19,W
10962,1.4342741542495787,11.646776567213236,-0.7807096410234577,1988-12-27,SPLIT
10964,1.6523399725556374,6.139785600360483,-0.5758949321096337,2010-05-18,W
10968,0.616249649785459,2.585864868015051,-0.6150983068469017,1999-04-23,E
10969,0.6058795261196792,7.332316789776087,-0.847350833360756,1995-03-07,E
10970,1.242790073622018,11.910360475070776,-0.8110277733047104,2007-12-04,W
10971,2.495568694081157,7.363367741461843,-0.4937448455221822,1991-09-27,W
10974,1.353369696997106,4.228700675535947,-0.5151011697535349,1994-06-11,W
10975,1.113718377891928,7.277948347385973,-0.7345656317504881,1999-06-27,E
10976,0.7630199026316404,7.924002164974809,-0.8243310776250189,2005-02-14,W
10977,4.0439135557971895,5.25253471173346,-0.1300089153572172,1992-09-28,W
10978,3.467837443575263,6.254844977520406,-0.2866500635563064,1991-07-12,E
10980,1.8903767787851395,15.978448023088276,-0.7884162165396192,2023-04-29,E
10981,0.9624151783064008,8.304044242948294,-0.7922798483098554,1999-10-02,E
10984,0.5156779168173671,1.583558561746031,-0.5086995466365724,1986-08-13,E
10985,0.6753000263124704,1.0457957983016968,-0.2152673701779901,2010-05-06,W
10987,0.6461777118965983,0.3172871470451355,0.3413622840508927,1984-12-08,E
10988,0.5080881360918283,5.420501787215471,-0.828597308073282,1982-03-05,E
10991,1.541122378781438,1.0296763400547206,0.1989444117033238,1989-06-20,W
10993,0.5127925174310803,4.095337826758623,-0.777440098638686,1982-03-18,SPLIT
10994,0.6613125796429813,5.305495156906545,-0.7783362196866115,1987-02-06,E
10995,0.6384853525087237,2.775626767426729,-0.6259728268554298,1994-06-30,W
11000,1.990547941531986,4.39373183157295,-0.3764220829050261,1988-10-28,E
11002,0.8935685884207487,0.3091733106411993,0.4858858565040842,1981-09-20,E
11003,0.6716528870165348,3.045293679460883,-0.6385996543106697,1981-07-09,E
11004,0.2997353384271264,3.1658827252686024,-0.8270234440618637,1988-12-21,E
11005,7.4241976253688335,9.35644516395405,-0.1151474090023859,1982-06-09,W
11006,2.211065565701574,5.794663930311799,-0.4476292093549136,1981-12-31,E
11009,1.939466225914657,6.133237378671765,-0.5195002019365533,1994-01-05,W
11010,0.4229620797559619,0.9431749442592264,-0.3807911324838672,1994-08-25,E
11011,0.9269001418724656,7.362099846825004,-0.7763541698306826,1998-07-01,W
11012,0.2963124699890613,0.0883290693163871,0.5407200715962488,2005-10-28,W
11013,0.9246143847703934,7.868755764327943,-0.789701930183026,2005-10-31,W
11014,0.9926249543204904,2.0036312113516037,-0.3374231711606659,1993-07-17,W
11016,1.0338302408345044,3.407769861165434,-0.5344784685279234,1982-11-13,E
11019,2.5839826380833983,2.366543611045927,0.0439224066483173,2012-05-19,W
11020,1.3806835627183318,5.106892664916813,-0.5743607429729095,1994-08-14,W
11022,1.7209107698872683,10.879876107908784,-0.7268566183084864,1999-10-20,W
11024,1.3306625913828611,8.51851407578215,-0.7297921163665665,1993-02-25,W
11029,4.133648002520204,13.452792659401894,-0.5299051033708507,1997-08-18,E
11030,5.015312977135181,10.074708906933663,-0.3352808875074965,1991-12-17,W
11032,3.810278320685029,4.485842487541959,-0.081431331880668,1990-01-13,E
11034,5.262362811714411,1.8175727610941976,0.4865566946470361,1992-03-06,E
11035,0.4846705496311188,1.7307477872818708,-0.5624568583225232,2000-04-12,E
11036,1.8190432148985565,13.252959452103823,-0.7586195736441281,1982-11-22,E
11038,0.2123566288501024,0.8987991735339165,-0.6177734420415325,1985-06-20,E
11039,1.3678707666695118,3.3896854305639863,-0.4249691606522121,1989-11-04,E
11043,0.6178570725023746,8.356334656476974,-0.8623035720291936,2003-11-05,W
11048,0.4799380702897906,2.058023296762258,-0.621792453958769,2003-09-10,W
11051,1.1490275785326958,0.8612843588925898,0.1431336173671092,2003-01-31,E
11052,2.077460065484047,1.7195889530703423,0.0942498004805475,2005-03-15,E
11055,1.7639374937862158,3.3250706889666617,-0.3067657074065954,2007-03-07,W
11058,2.100986864417792,4.112079226411879,-0.3236875855806662,2004-12-14,W
11059,0.5778194139711559,7.193373434245586,-0.8512919637287926,1998-08-05,W
11061,1.0736000961624086,3.617567171808332,-0.5422887162891179,1988-08-04,W
11062,2.2199180545285344,1.3234365209937096,0.2530036197132324,1999-03-02,E
11065,7.395210437476635,8.281384180299938,-0.0565284594281952,2005-02-07,W
11067,2.100636433809996,4.528182958718389,-0.3662109919066757,1991-05-07,SPLIT
11069,3.36653564684093,11.292578777763993,-0.5406904470040069,1986-04-21,W
11070,0.6284209573641419,4.718259884044528,-0.7649304396486263,1980-08-07,W
11076,0.3649832000955939,4.031067056581378,-0.8339494870234235,1991-09-06,E
11077,0.8295263135805726,5.237961991224438,-0.7265668191155766,2000-10-21,SPLIT
11081,1.18595114024356,2.581907758489251,-0.3704906833732023,1994-03-04,W
11086,1.0855157813057303,22.316358670592308,-0.9072283048490468,2009-01-11,W
11088,1.1372050419449806,0.9203148949891328,0.1054133877696115,2010-05-03,W
11089,3.5471786074340343,4.371326226741076,-0.1040786911880177,1999-10-01,SPLIT
11091,0.7425567544996738,1.8761970652267337,-0.4328930433197662,2005-02-28,W
11092,1.771993895061314,7.005148711614311,-0.5962253379103382,1993-11-22,W
11093,0.5863616904243827,3.3979295240715146,-0.7056632365167497,1985-10-16,W
11094,1.1268855622038243,9.809176434762776,-0.7939138306793081,1982-07-20,W
11097,0.5024572690017521,5.187096908688545,-0.8233755217685127,1984-11-21,W
11099,0.164475408848375,6.5933478763327,-0.9513229624664732,1981-06-09,W
11107,0.612120040692389,1.615275331772864,-0.4503714533490051,1987-09-26,SPLIT
11108,1.171700653154403,6.4648217195644975,-0.6931323982391272,1988-03-11,E
11113,1.1332597914151847,19.493591121397916,-0.8901180023838089,2010-01-03,W
11114,1.179096233099699,3.499937877990305,-0.4960087038881319,1986-11-10,W
11116,3.3640078380703926,8.553696862887591,-0.4354604477152046,1982-04-11,E
11117,0.6618077890016139,9.844075549393892,-0.874011966878908,1983-12-09,W
11118,2.232392339967191,15.542849376797676,-0.7488200300688946,1988-12-12,E
11120,3.621720103546977,7.3754647662863135,-0.3413368700417145,2010-05-19,W
11123,0.5968680894002318,1.890377706848085,-0.5200570122174585,1992-01-24,W
11124,0.182313747704029,2.298607937991619,-0.8530274061002171,1981-06-16,W
11126,0.3200689600780606,2.7262530494481325,-0.7898653135961571,2004-03-18,W
11129,1.005362547468394,2.9642211087048054,-0.4934670058381683,2009-03-02,W
11131,2.170555175282061,1.2829355876892805,0.2570209821058928,2007-06-19,W
11134,0.9676632871851324,8.227186306379735,-0.7895205838140608,2006-06-08,W
11135,0.9197546290233732,7.9123067408800125,-0.7917236779721719,1995-04-29,W
11136,0.7725802194327116,1.0129829226061702,-0.1346369095067762,1997-11-05,W
11139,3.271244950592518,23.139940361492336,-0.7522833669190846,2007-11-18,W
11142,2.75573637150228,4.065851864172146,-0.1920543204027246,1996-06-04,E
11143,0.3538464065641165,2.351092092692852,-0.7383700911043373,1998-02-24,W
11144,1.0026002335362136,8.881787584163249,-0.7971345819229577,2004-09-14,SPLIT
11149,0.4665683060884475,0.9338839547708632,-0.3336890958320415,1993-05-13,W
11152,0.8255958268418908,2.986418701708317,-0.5668453933431538,2004-01-01,W
11155,3.4198663998395205,1.1689361047465354,0.4905267317220367,2002-12-22,E
11156,1.079511023592204,9.065974105149508,-0.7871938088925111,2007-12-04,W
11158,1.8524620532989504,3.335154666332528,-0.2858138318936216,2006-11-19,W
11159,0.6141263283789158,3.725513965822756,-0.7169690173631084,2004-03-10,W
11164,1.6825137035921216,3.4361484199762344,-0.3425963023246521,2005-08-06,W
11166,1.3616578206419945,3.0019477591849864,-0.375902429432601,1991-01-05,E
11167,0.3557496666908264,1.1948937699198725,-0.541158646414971,1982-02-14,W
11168,0.3054812923073768,1.0748163033276796,-0.5573689423589734,1985-12-16,SPLIT
11171,2.6007565641775727,6.59764360729605,-0.4345198043800397,2006-07-09,W
11172,0.9686490264721216,3.98907127417624,-0.6092361134831474,1981-11-20,SPLIT
11173,0.7272681696340442,4.67521582916379,-0.7307652665713616,1985-06-06,E
11175,1.282665804028511,11.747939946129918,-0.8031302874751901,2002-10-20,W
11179,1.168358474038541,4.086440951563418,-0.555317575644677,1994-05-01,E
11180,0.6343296496197581,1.6525743771344423,-0.4452503102893356,2015-06-30,E
11185,0.4138251729309559,1.140394512563944,-0.4674817507546649,1999-07-16,W
11188,0.8603785377927125,3.342026326805353,-0.5905303912809469,1981-09-12,W
11189,0.3460149839520454,7.636706039309502,-0.9133090125674644,1984-02-07,E
11192,0.5434858952648938,5.551033455878496,-0.8216476594948078,1984-04-26,W
11196,2.5672779474407434,1.6460122046992185,0.2186570849561331,1990-09-28,E
11199,1.6637928439304233,4.216465971432626,-0.4341089750730922,1999-12-12,W
11200,1.0324175786226988,11.888811791315677,-0.8401982428970622,1982-09-25,E
11205,0.3420648071914911,2.152051817625761,-0.7257026365261346,1985-04-19,W
11206,3.6841478552669287,23.602451647631824,-0.7299665093940406,1984-08-05,W
11208,0.3076813733205199,3.4461386865004897,-0.8360702599390931,1990-01-17,E
11209,2.9947199895977974,0.1010358277708292,0.934726229242992,1983-08-04,E
11214,2.273360432125628,11.990875859744849,-0.6812503122341558,2004-12-12,W
11217,0.4394701672717929,6.552779617719352,-0.8742979210452257,2002-01-26,W
11219,2.7698581074364483,11.39218816999346,-0.6088336313586147,2010-07-14,W
11222,8.593306829221547,3.910631072241813,0.3744960822647189,1994-10-21,E
11223,1.3486873991787434,3.2653959887102246,-0.4154039769983431,2013-11-07,W
11224,0.1651195376180112,3.1354176066815853,-0.8999438391998457,1994-06-15,W
11226,1.8344015129841864,14.804897070862353,-0.7795097547242267,2023-04-28,E
11230,0.8334439573809505,4.297344805207104,-0.6751205337243761,2002-10-27,W
11234,0.436320228036493,4.967335229739547,-0.838509234555644,2006-01-07,W
11236,1.1213244372047484,9.094353049993517,-0.7804698829597309,2009-09-26,W
11241,0.9063247716985644,6.852612724527717,-0.7663791538107486,2005-12-04,W
11242,2.473253548145294,2.250398210249841,0.0471786129236421,2006-01-26,W
11246,0.9216432524845004,4.745359129272401,-0.6747334162230907,2004-12-12,W
11247,0.7153382734395564,6.588913783431053,-0.8041309998969467,2012-05-08,W
11250,1.505376672372222,6.836620141752064,-0.6390848124459346,2005-11-10,W
11251,2.207163483835757,11.924719284754246,-0.6876334852222499,2024-11-21,W
11254,0.4331283220089972,7.957896754145622,-0.8967639071320863,2006-12-10,W
11258,3.270153951831162,14.52861674875021,-0.6325415943782384,2023-06-15,W
11265,1.6408588457852602,3.4976752689108253,-0.3613513857609221,1995-06-13,W
11268,2.5005020005628467,2.440514784771949,0.0121406622153016,2012-02-24,W
11269,0.4741555759683251,0.9117992734536527,-0.3157705300916074,1995-05-21,W
11270,2.200123277492821,2.301892908290029,-0.0226053453824907,1994-10-22,W
11272,0.2178704324178397,3.902864445000887,-0.8942565154520383,1995-02-24,W
11273,2.534222121350467,10.439210283569992,-0.60932125866866,2001-10-01,W
11277,2.61308972677216,2.682087007910013,-0.0130302130778609,2000-09-04,E
11281,1.9918247172608967,1.8568157465197144,0.0350796526752007,1999-03-27,E
11282,0.3328796541318297,1.5446342290379107,-0.6454037894301335,1994-04-02,W
11284,1.1251258295960724,6.637948184274137,-0.7101339424083356,2003-06-18,W
11285,0.5610096622258425,6.845791580621153,-0.8485149948452976,2008-10-02,W
11289,0.9308101143687963,0.1632293276488781,0.7016024808974082,1992-12-29,E
11290,3.7054656371474266,2.2067019809037447,0.253504933058286,1992-09-02,W
11292,0.4908028477802872,0.9458986883983016,-0.3167643586072751,2015-10-20,W
11296,0.4760799128562212,5.186506128869951,-0.8318507094290404,2001-08-09,E
11298,0.8005926255136728,5.731465898454189,-0.7548727946706347,2004-06-23,W
11299,1.1594112045131624,2.314057809766382,-0.3324188586413459,1999-11-16,E
11304,1.5000348375178874,10.146959627978504,-0.7424168368995052,1997-08-11,E
11313,0.6238364791497588,7.81340104341507,-0.8521230491658494,1981-11-15,W
11318,0.3631379390135407,1.7773103127256036,-0.6606898216587891,1982-05-23,E
11319,0.1828239392489195,1.8913700580596924,-0.8237156799348989,1982-12-08,W
11323,0.481447943020612,2.10736191412434,-0.628054612282814,1981-03-18,E
11324,0.9752347627654672,3.413785482291132,-0.5556025225155148,1982-01-18,W
11326,0.3378116055391729,3.7380949007347226,-0.8342397672666884,2013-12-17,W
11328,0.4132738271728158,8.989716850221157,-0.9120973653272172,1981-08-30,E
11330,0.8285109214484692,3.262506112921983,-0.594960903614882,1983-02-03,E
11338,1.1180236572399735,4.857171806506813,-0.6257783819713834,1997-04-15,W
11339,0.1989588728174567,4.143523733597249,-0.908366300639174,2024-09-03,E
11340,0.2117178598418831,4.22699325485155,-0.9046039021816548,2024-09-04,E
11343,0.5526374662294984,3.889086703304202,-0.751160835235795,1992-03-13,W
11344,1.5761845614761114,7.686987818684429,-0.6596879563955336,1994-06-13,E
11346,0.1486122906208038,0.568033411167562,-0.5852558935322172,1993-07-08,W
11352,0.0815650951117277,0.6082745045423508,-0.7635244623445495,1992-03-15,W
11356,0.655925864353776,0.8427929244935513,-0.1246845382404066,1991-10-25,W
11360,1.239515974652022,8.880700421519578,-0.7550416065962188,2022-08-18,E
11366,1.0138183631934226,1.6646659895777702,-0.2429910130745134,2022-03-13,E
11372,0.6151259439066052,2.1186758363619447,-0.5499849708588203,2007-03-11,W
11376,5.674340100027621,8.996816936414689,-0.2264631772486655,1999-10-10,W
11385,1.7433800832368431,12.377226809039712,-0.7530729243385731,2000-09-12,E
11388,0.9169669980183244,8.162754409015179,-0.7980186931047454,2003-05-09,E
11391,5.420703109353781,5.018459491897374,0.0385321728208504,1999-04-29,W
11392,4.812597174197435,2.707468120381236,0.2799349435613995,2009-09-04,SPLIT
11400,2.4918055031448603,4.72489257901907,-0.3094333517142659,2005-02-10,E
11401,2.449306924827397,1.7191381258890033,0.1751657488714477,2006-06-24,E
11403,0.7049913359805942,7.796376027166843,-0.8341463659041305,1994-11-25,W
11409,0.9314276315271854,3.266594247892499,-0.5562540366482226,2012-09-28,W
11410,3.041030639782548,8.318399224895984,-0.4645804101069045,2004-08-15,W
11411,0.8620863351970911,5.066938286647201,-0.7091979237120173,2004-02-28,W
11412,0.9544703406281768,3.320627580396831,-0.5534743960205676,2007-05-29,E
11413,0.1810761503875255,0.112422970123589,0.2339127290880681,2006-08-10,E
11414,0.0969703681766986,2.0399924516677856,-0.909244683831972,2004-08-23,E
11421,1.1145561197772622,3.099925800226629,-0.4710827376018409,2017-07-11,E
11423,1.0826273187994957,6.402989947237074,-0.7107446773395956,2006-10-28,W
11426,0.5770092457532883,1.2434693109244108,-0.3660905879534332,2005-09-23,E
11428,0.4502937719225883,1.2936236504465342,-0.4835836076330916,1996-07-24,E
11430,1.0135611137375236,3.719711715355516,-0.5717292662666894,2006-04-20,E
11436,0.4363939017057419,2.500027095898986,-0.7027715698382045,1982-02-10,E
11441,1.0891799423843622,2.6195195778273046,-0.4126351102596709,1982-06-03,W
11443,0.2953134290874004,2.371365367434919,-0.7785159356478064,2004-10-29,W
11446,1.7331701293587685,1.6709987157955766,0.0182633166541287,1986-10-19,W
11448,0.6042305110022426,3.8753910651430488,-0.7302314489151348,1983-02-13,W
11449,5.000305156223476,13.857213228475302,-0.4696751657120462,2010-10-14,W
11455,6.547646355815232,12.368681381456554,-0.3077254267577284,1994-06-21,W
11456,0.1568724950775504,5.454964175820351,-0.9440922805570808,2006-10-21,W
11458,6.809893159661442,9.433062048628926,-0.1614957903490655,2005-11-27,W
11466,0.7377292844466865,12.268205215223134,-0.8865549746593205,2016-05-30,W
11467,0.4726281706243753,4.180398581549525,-0.7968512988222295,2003-05-09,W
11468,0.2477654414251446,1.224790070205927,-0.6634891663254993,1982-07-12,E
11470,0.4772471860051155,0.708622322883457,-0.1951101155261147,1999-01-25,E
11474,4.151792726945132,28.27915494563058,-0.7439610603512307,2008-03-03,W
11475,5.304358528926969,14.49597079027444,-0.4642151205249614,2012-03-02,E
11478,0.7195852897129953,3.192837791517377,-0.6321536425007402,2011-09-21,E
11479,1.2261179517954588,5.909914152696729,-0.6563586223150716,2004-01-11,W
11481,1.0548205012455585,8.149966098368168,-0.7708104387145251,1989-02-28,W
11484,1.2485310747288167,11.381311325356364,-0.8022887324831864,2015-12-16,W
11486,1.191962318494916,3.0154017615132034,-0.4333923588125359,1989-06-23,E
11487,0.4781505661085248,1.6886256309226155,-0.5586525578747326,1987-10-13,W
11491,2.726849999278784,8.229779635090381,-0.5022465684656621,1989-06-08,E
11498,1.596182180568576,0.8206377732567489,0.3208945730872422,1987-03-17,E
11502,0.4137637810781598,0.8942410005256534,-0.3673359808807334,1991-01-23,W
11504,0.5094911633059382,4.088128089904785,-0.7783673961472443,1991-01-21,W
11509,1.6451526544988155,4.459048803895712,-0.4609769465466694,1983-05-08,E
11511,0.4675927367061376,0.2754913568496704,0.2585190310520101,1987-04-02,E
11512,0.1152110593393445,3.705139517784119,-0.9396856089440028,1986-12-06,E
11519,0.0636762492358684,0.2406058758497238,-0.5814657254792898,1987-02-09,E
11522,3.025956346653402,6.321726621827111,-0.3525761716872915,1985-11-03,W
11523,1.035081336274743,4.288678213953972,-0.6111464740248908,1987-08-02,W
11526,3.379960108082741,3.914064550306648,-0.0732249296154381,1984-07-01,W
11527,1.042098064441234,7.099123887717724,-0.7439946802665776,1986-10-19,W
11533,1.8425344517454505,13.552254291251302,-0.760628809851773,1982-03-24,W
11537,3.130785770714283,9.35383120784536,-0.4984570570180627,1983-12-07,W
11540,3.663774316199124,7.601483251899481,-0.3495445099143551,1982-10-03,W
11543,1.2243036492727697,14.186352914199231,-0.8411094758707209,1983-01-30,W
11546,1.5522413640283048,7.609988447278738,-0.6611651538988849,1986-05-04,W
11547,2.388259176164865,3.959514832124114,-0.2475286067064204,1985-11-17,W
11550,0.4503436777740717,8.61490429379046,-0.9006439362305058,1981-06-10,W
11552,0.6067946311086416,10.654681257903576,-0.892235327395917,1981-07-08,W
11553,0.7543866075575352,6.213480482343584,-0.7834669927469491,1983-06-08,E
11577,3.0462748715654016,8.051474526524544,-0.4510103333041693,1984-11-27,W
11578,3.2123878356069326,6.835048523033038,-0.360555723680753,1986-07-06,W
11579,0.8328808159567416,8.051444227807224,-0.8125055506514232,1983-05-06,E
11582,1.4194269701838491,5.061040521599352,-0.5619368596528357,1985-03-06,SPLIT
11585,4.4292278927750885,39.08804148249328,-0.7964381517332659,1983-09-25,W
11588,1.495016989763826,5.271584074944258,-0.5581187732312097,1986-03-02,E
11592,0.4208436012268066,2.5546296164393425,-0.7171249274041462,1982-06-14,W
11593,1.9771290067583325,6.032406627200544,-0.50630620872053,1989-06-23,E
11598,2.213204733096063,6.012315442785621,-0.4618687485356357,1987-03-01,W
11602,0.1457846816629171,5.366064637899399,-0.9471013544778952,1991-03-28,E
11606,6.182403579819948,21.541666236240417,-0.5540046161448634,2007-04-15,W
11609,0.2412172285839915,3.009286381304264,-0.8515816270127387,1984-05-12,W
11610,1.924982339143753,1.0469861258752644,0.2954258174682802,1981-02-01,E
11611,2.117228203918785,22.51746449060738,-0.8281100373223128,1989-01-17,E
11613,0.2951317052356899,7.088367987424135,-0.920056418359562,1984-08-26,E
11622,0.4077989235520363,0.0909214708954095,0.6353809793703619,1999-09-11,E
11628,1.0951482360251248,6.456323547288775,-0.709951048629918,1981-12-01,E
11629,0.1579717965796589,4.57017108798027,-0.9331780783969142,1984-05-28,W
11631,1.2473257179372013,9.356535164639354,-0.7647412142143258,1983-03-27,W
11632,1.9524538535624745,1.5592757556587458,0.1119613813293586,1986-12-29,W
11636,2.038625281304121,0.935219677630812,0.3710366945518629,1994-10-21,E
11639,2.5497942566871643,0.4451311738230288,0.7027430671303553,2000-02-25,E
11647,3.4910171516239643,12.585991828236727,-0.5657131054666493,2024-12-03,W
11649,1.2265841141343117,0.7198084453120828,0.260366628695965,2022-03-23,E
11650,0.8281800877302885,6.956406738609076,-0.7872256791000103,2004-02-04,W
11656,1.0074557596817613,9.03482620138675,-0.7993572051476303,2022-10-08,W
11658,1.8090708516538143,5.586365224327892,-0.510760195053427,2011-01-13,E
11659,4.151964705437422,10.948673007078469,-0.4500941239062552,1992-04-20,E
11660,0.7242819406092167,5.356471661478281,-0.7617788886032302,2003-04-12,W
11661,2.1049639619886875,0.6733797830529511,0.5152653200274778,2002-10-04,W
11665,3.3717613657936454,9.648485297337174,-0.4820741184048935,1995-04-18,W
11669,0.5154799767769873,4.16641047783196,-0.7797983606088312,1999-08-10,E
11670,0.4934208132326603,0.280205781571567,0.2756045786078146,1989-03-13,W
11671,1.212661458179355,2.0282246191054583,-0.2516482040643415,1984-04-16,W
11673,4.178386735729873,4.089557921048254,0.0107437601930228,1993-03-25,W
11674,0.3982319612987339,6.32057386636734,-0.8814575174477071,1981-11-01,W
11675,2.330475247930736,9.327271996065974,-0.6001842896137347,1981-11-29,W
11676,1.7259089625440538,8.645727651193738,-0.667186765826653,1982-03-28,W
11680,0.4745923057198524,0.0801648059859871,0.7109913355059425,2008-08-26,W
11681,2.004914552904665,7.295732507482171,-0.5688655767953502,1981-07-12,W
11683,0.6635226481594145,8.947640933096409,-0.8619266767129256,1988-12-08,E
11687,2.7976348362863064,4.4860096662305295,-0.2318035743453129,2024-11-21,W
11688,1.423402802553028,13.268661386333406,-0.8062351505882829,2011-05-25,W
11692,0.1046070186421275,0.8506603762507439,-0.780989031549121,1988-03-27,E
11694,1.2435614429414272,2.561909052543342,-0.3464348524488106,1989-03-25,E
11696,0.5107739428058267,3.994062751531601,-0.773233092578803,1988-12-13,E
11699,2.552764941006899,12.605355171486735,-0.6631818560530881,2008-09-14,W
11705,4.381938132457435,5.233004441484809,-0.0885149653762661,2009-07-16,W
11707,0.5214031208306551,5.8459803983569145,-0.8362268836925343,1990-02-15,W
11708,1.7083520437590778,3.60865205177106,-0.3574005161307202,1990-05-18,SPLIT
11709,0.2549598356708884,2.702297080308199,-0.8275700468946978,2017-07-11,W
11711,1.908190488815308,0.1444392609409988,0.8592641844360127,1987-03-22,W
11720,0.4025172847323119,9.659645110368729,-0.919993880256048,1993-03-13,W
11727,1.1032539429143071,6.086357190273702,-0.6930977427076922,2006-01-24,E
11728,3.83848619973287,5.636715784436092,-0.1897827178468057,2008-05-16,W
11737,2.37018233910203,2.2509761918336157,0.0257957277315593,2022-12-14,SPLIT
11745,1.6076652873307469,14.950160797685385,-0.8058120336478238,2015-03-08,W
11749,1.500307435169816,3.031255074311048,-0.337841006482393,1981-12-07,E
11753,0.8533529294654727,2.0591242779046297,-0.4140019861400137,2016-05-25,W
11754,1.6404391918331385,3.661550175398588,-0.3811986112337925,2016-05-24,W
11757,0.2100000381469726,1.6716902358457446,-0.7767963824335802,1985-08-16,W
11761,0.9929420342668892,1.5633350349962711,-0.2231342633345974,2024-08-28,E
11765,0.7177886925637722,4.670154985040426,-0.733557462544482,2011-06-13,W
11770,1.2668341929093003,5.623949168249965,-0.6323105439505526,2005-05-18,W
11772,0.2190207308158278,4.594999507069588,-0.9090071416432232,2023-07-30,W
11780,1.4646967984735966,0.0861343508586287,0.8889184668541614,2009-02-06,W
11787,0.4431069931015372,3.1002183882519603,-0.7498920108022076,2004-08-10,W
11788,2.06353622674942,8.402827025391161,-0.6056822838959486,2013-10-04,W
11790,1.4137127078138292,10.347891429439189,-0.7596054600517461,2012-12-08,W
11795,4.105642951093614,13.066974722780287,-0.5218384256769284,2004-12-05,W
11798,4.434869738295674,14.641669396311045,-0.5350446213537076,2007-05-17,W
11803,4.343368208035827,10.05543401837349,-0.3967042341800194,2005-08-07,W
11804,2.170293820090592,5.569584714248776,-0.4391917623869906,2007-03-10,W
11806,1.86760238558054,12.238890789449217,-0.7352137965959115,2006-05-07,W
11807,1.3899215552955866,8.516221169382334,-0.7193818837611918,2024-06-20,W
11812,4.962253793608397,8.763900490943342,-0.2769637160215571,2014-11-02,W
11815,0.5418274262920022,2.558290974237025,-0.6504472692398677,1990-03-11,E
11819,1.6158569259569049,5.798752100672573,-0.5641423788755802,2004-02-06,W
11822,0.6121362801641226,4.547908500768244,-0.7627399349608368,2015-02-28,W
11824,1.139577202964574,4.866745359729976,-0.620540791451051,2015-07-21,W
11826,5.3235794911161065,3.7816205671988423,0.1693492635023394,2001-04-24,W
11830,0.1719816522672772,4.688076555728912,-0.9292265051538754,2003-02-02,W
11831,0.667703109793365,6.435542598366737,-0.8120005593987201,1994-02-11,E
11832,0.951069817878306,9.41054518520832,-0.8164244053469658,2005-05-08,W
11844,2.1366183650679886,5.095209707506001,-0.409106979970635,1990-08-19,W
11849,2.392901914659888,15.128222989384083,-0.7268552187413543,2006-01-29,W
11850,0.298671530559659,2.201342359185219,-0.7610641030554286,2016-06-01,W
11851,0.9911755858920516,9.468239420093596,-0.8104720798772717,2024-03-30,W
11852,1.0782387112267315,9.824126071762294,-0.8022009476495393,2024-03-29,W
11853,2.493504519108683,11.82852738443762,-0.6517945867036383,2022-11-22,W
11854,8.765981633681804,8.209091160912067,0.0328063672838599,2007-10-30,W
11871,5.056443446315825,4.33732898067683,0.0765522553614956,2011-06-08,E
11872,0.4793749530799687,6.054232921916992,-0.8532587316986425,2005-09-10,W
11879,0.8928763037547469,1.0352468639612198,-0.0738389344572056,2003-11-12,E
11884,0.8266276544891298,11.55967753753066,-0.8665255470982355,2006-10-17,W
11892,0.3292502202093601,0.1097445134073495,0.5000189979344102,1984-05-26,W
11897,0.2651239270344376,2.108882796019316,-0.7766443334298654,2012-12-05,E
11898,0.618412097916007,1.4539531590417027,-0.4031823339636036,2011-04-30,E
11899,6.204588815569878,2.385194986127317,0.4446437672491208,2014-06-08,E
11902,0.1855818098410964,5.51400101184845,-0.9348788093278196,2004-01-10,W
11914,3.349476018920541,8.14125375635922,-0.4170124814654427,2012-05-15,W
11920,2.3021202785894275,6.64638884505257,-0.4854740053832075,2005-07-19,W
11922,1.914583276491612,9.745227763429284,-0.671592743666807,2024-04-15,W
11925,1.6935415286570787,2.2976188689935952,-0.151353811962041,2010-08-22,E
11926,1.6816119733266532,3.2419149801135063,-0.3169075789655876,2006-01-21,W
11927,1.4977783355861902,10.42738007195294,-0.7488036159520256,2015-05-08,W
11933,4.424167649354786,15.247985931113362,-0.5502101352291521,1998-06-21,W
11934,2.148391651455313,3.982627392746508,-0.299173062107115,1994-02-20,W
11938,1.8376086056232448,10.479015507735312,-0.7016051494775206,2002-03-31,W
11943,1.0494872727431357,6.283836601302028,-0.7137758291412866,1991-07-10,W
11946,2.1760777188465,7.830932421144098,-0.5650893346953625,2002-08-08,W
11948,0.3299768511205911,0.5093502309173346,-0.2137109401510108,1989-01-24,W
11949,0.2780635980889201,3.457103315740824,-0.851110483411173,1999-07-15,E
11952,0.353445615619421,0.5032980567775667,-0.1749093059989755,1989-10-14,W
11953,0.2465738719329238,1.3548591993749142,-0.6920584739368457,1988-12-19,W
11955,0.9214000692591072,5.782201837748289,-0.7251029873070733,1993-02-28,E
11956,1.5425800681114197,12.0607921872288,-0.7732062257568167,2007-02-10,E
11957,0.1834762301295995,0.369038906879723,-0.3358508470088425,2004-10-01,W
11959,0.3226097747683525,0.2997585861012339,0.0367165011973835,2005-10-29,W
11961,0.1460682796314358,1.6320520490407944,-0.8357048426065441,2004-11-05,W
11966,0.1362861478701234,2.067728340625763,-0.876329172442447,2004-11-12,W
11969,0.598880335688591,0.0279771597124636,0.9107383738148666,2005-09-13,W
11970,0.1058257073163986,0.9949539992958308,-0.8077259115859017,2005-05-12,E
11971,0.1533963978290558,0.6086574867367744,-0.5974132513824794,2004-06-30,W
11972,0.0312833646312356,0.6184566468000412,-0.903704977125312,2005-05-06,E
11980,0.1426955321803689,1.351964479312301,-0.8090595438647376,2005-09-29,E
11981,0.4135524593293667,0.2841809205710888,0.1854168690862256,2006-04-05,W
11992,0.1881276667118072,0.0190831571817398,0.8158092630146431,2004-08-31,W
11995,0.14562907256186,0.2530271410942077,-0.2694002121455296,2001-06-01,W
11997,0.0736204190179705,0.922105073928833,-0.8521270781156353,2003-01-29,W
12001,0.1402976079843938,0.8430139198899269,-0.7146426050998501,2001-05-23,E
12004,0.7425877638161182,0.2669001817703247,0.4712167036021223,2007-04-21,E
12015,0.3194393329322338,0.5501831537112594,-0.2653379188357568,2002-08-22,W
12016,0.3105495125055313,0.8797688437625766,-0.4782076393757266,2003-03-06,E
12023,1.9903619699180128,0.3511119680479169,0.7000932085084126,2003-11-01,W
12025,0.3161127511411905,0.6247130306437612,-0.3280100157510145,2003-07-03,W
12026,0.2671527229249477,0.0451851841062307,0.7106647442439604,2003-10-14,W
12031,0.185712531208992,0.022213215008378,0.7863351180613388,2003-10-17,W
12033,0.2821708582341671,0.1812370792031288,0.2178076180330379,2001-05-10,E
12036,0.2126358095556497,1.605051200836897,-0.7660369377782899,2001-06-20,W
12040,0.1575393509119749,0.750227140262723,-0.6529077632983851,2005-10-04,W
12042,2.427831316366792,4.191742794588208,-0.2664690278641917,2015-09-16,W
12043,1.6218361430801451,6.368322730064392,-0.5940415781890038,2015-12-11,W
12044,3.394484401680529,4.173131337855011,-0.102891975884358,2015-04-23,W
12046,0.782911024056375,1.5752969468012452,-0.3360118923083631,2015-10-16,W
12061,0.6802675370126963,0.4071912411600351,0.2511141583787323,1995-04-20,W
12066,0.8249965971335769,1.9276658119633796,-0.4005827998323796,1996-10-25,E
12068,0.1875004805624485,0.29653534386307,-0.225261969875484,1995-04-15,W
12069,0.1570381643250584,0.8094879370182753,-0.6750462008069202,1997-01-19,E
12072,0.2060785945504903,0.6682822303846478,-0.5286188752428564,1994-11-29,W
12075,0.2957603251561522,1.0101265599951148,-0.5470353083113068,1984-08-16,E
12079,1.1365887224674225,17.80133599601686,-0.8799669193574838,2011-04-09,E
12081,1.0298363715410233,3.5319389649666846,-0.5484931652378592,2005-04-28,E
12088,2.1481506186537445,3.714333330048248,-0.2671534327596758,1984-07-22,E
12095,3.2569705741479997,16.15918709244579,-0.6645092576939599,2015-07-16,W
12096,0.1589611992239952,0.7938668504357338,-0.6663381199134595,1992-10-20,W
12102,2.225114273838699,3.50563473906368,-0.2234473124441073,2001-05-13,E
12105,0.8380162324756384,5.127393395639956,-0.7190415127483147,2007-10-27,W
12123,0.7138505326583982,2.8185772178694606,-0.5958300732112504,2022-06-02,W
12127,1.714596852194518,3.328091465868056,-0.3199671508337701,2023-04-19,W
12135,0.3336154567077756,1.124511267989874,-0.5424054013176066,2022-09-06,E
12147,2.212762100622058,1.5088904085569084,0.1891288051017534,1996-12-20,W
12148,1.7109077405184507,0.4418981028720736,0.5894677597340514,1986-10-29,W
12149,0.6471487395465374,0.2047352381050586,0.5193353943110525,1992-03-17,E
12150,3.220129828900099,3.235539894318208,-0.0023870591400739,1982-12-08,W
12157,0.8368228357285261,0.5924809440039098,0.1709516865408316,2004-10-01,W
12161,5.521182301454246,9.369321254082024,-0.2584290677796982,2005-10-18,W
12162,1.2695250902324915,5.374105246737599,-0.6178218757391661,2003-04-29,W
12169,11.384684753604231,25.756511104060337,-0.3869510934847808,2011-06-25,E
12171,4.431717673316598,2.299079588847235,0.3168477672708033,2023-08-03,W
12175,2.8904051585122943,6.187745125964284,-0.3632171603382684,2023-08-01,W
12191,1.0486256834119558,0.8873284487053752,0.0833166612940815,2023-07-27,W
12192,5.312150354497135,6.285433593671769,-0.0839212066516852,2024-04-01,W
12193,2.4771005557850003,2.3903398108668625,0.0178247165620232,2023-07-19,W
12195,0.927390999160707,3.661688007414341,-0.5958269631739718,2023-08-04,W
12205,0.8800206137821078,3.942171340808272,-0.6350122010615074,2017-08-10,W
12209,2.127519367262721,12.137520430609584,-0.701715607189487,2016-09-09,W
12230,2.654384793713689,9.679017560556533,-0.5695616314998528,2018-03-06,W
12233,1.810194007586688,7.668554647825658,-0.6180521135448865,2017-04-16,W
12239,4.365243259817362,7.397520476952195,-0.2577861194011654,2017-04-04,W
12240,0.5332233114168048,7.18502252548933,-0.8618278498288987,2017-09-04,W
12248,5.142536438535899,27.1497691469267,-0.6815008191393237,2017-10-29,W
12255,0.7729229731485248,2.991300001740456,-0.5893319931869256,2017-08-10,W
12267,1.913101326674223,12.760808803606778,-0.7392513229685485,2018-01-21,W
12271,2.089204262942076,0.66153893340379,0.5190107645942019,2017-03-17,E
12278,3.1333569260314107,10.09765835525468,-0.5263618309830713,2016-08-07,W
12288,1.9345068661496043,3.918072765227407,-0.3389216420812312,2017-04-24,W
12311,0.6694461558945477,7.14067717269063,-0.8285696325831942,2018-01-25,W
12318,0.9133490957319736,8.031855633482337,-0.795790230993943,2018-01-26,W
12323,2.703062773682177,8.41857879748568,-0.5139093889359011,2017-10-14,W
12338,2.9899994637817144,2.621158382855356,0.0657335065252798,2017-06-29,E
12341,1.0231647565960884,5.145282588899136,-0.668258574876664,2017-06-20,E
12357,2.946314448490739,4.7017794558778405,-0.229529740264323,2017-08-29,W
12367,6.507863143458962,7.435662867035717,-0.0665398209088844,2016-11-20,W
12368,6.645832760259509,7.0368914301507175,-0.0285804686588113,2016-11-18,W
12385,1.519085924141109,5.477566160261631,-0.5657677684080338,2017-09-05,W
12386,1.5159000493586063,5.526917744427919,-0.569518879021325,2017-09-06,W
12388,0.718539941124618,2.7105105710215867,-0.5809102615550669,2017-08-10,W
12389,0.4837013436481356,2.739283027127385,-0.6998425756981896,2017-08-11,W
12398,1.4326829328201711,8.080642379820347,-0.6988050159670478,2017-08-16,W
12411,1.1080244034528732,7.225285252556205,-0.7340733875995468,2017-08-15,W
12414,4.012159449514002,20.769613274838772,-0.676200771095634,2017-12-28,W
12416,2.1531761954538524,12.67214047908783,-0.7095271227289623,2017-06-04,W
12417,5.721490014810115,25.46249856147915,-0.6330495054657143,2016-08-05,W
12419,3.778998597059399,10.765172188635916,-0.4803418286621864,2016-11-11,W
12430,4.236385761760175,5.917773129418492,-0.1655860801152955,2018-01-10,W
12436,3.4829241815023124,14.952504818327723,-0.6221488329309035,2016-09-10,W
12438,3.7371932342648506,12.35679468791932,-0.5355789687012601,2017-12-04,W
12442,1.7961213616654277,9.04182019084692,-0.6685493545129144,2016-10-21,W
12446,2.6678150920197368,16.139327657874674,-0.7162976718475673,2017-09-03,W
12452,1.5022635255008936,7.785094910301268,-0.6764928292828446,2016-10-23,W
12458,1.356169062666595,4.714848062954843,-0.5532316794352471,2017-08-07,W
12459,3.096031750086695,5.562924169469625,-0.2848949044550682,2017-03-21,W
12474,4.188758631236851,5.530617010779679,-0.138060141820415,2018-01-09,W
12477,5.136006611865014,26.07872975897044,-0.6709242358577776,2017-10-28,W
12478,1.0961187910288572,2.10821325937286,-0.3158519318298501,2017-04-20,W
12483,3.972990909591317,7.062676189467311,-0.2799726787825334,2017-04-03,W
12484,0.300400048494339,0.5554771209135652,-0.2980299995563504,2017-09-04,W
12485,6.601056573912501,4.041367412544787,0.2405174953210596,2017-12-17,W
12490,1.127150728367269,7.05880216602236,-0.7246134340352381,2018-01-04,W
12497,2.0773971239104867,9.46944176708348,-0.6401790752391832,2018-03-06,W
12502,2.41734474664554,9.316559966187924,-0.587972664546702,2017-10-02,W
12517,1.6170837935060265,2.463159035425633,-0.2073590414570815,2017-11-15,W
12524,1.0035552405752242,6.645797837059945,-0.737610427864876,2017-07-13,E
12526,1.593090621754527,17.75261534936726,-0.8353029220920629,2017-09-22,W
12527,1.592689571902156,17.951721055433154,-0.8370184087643966,2017-09-23,W
12531,2.843157851602882,13.437922902405262,-0.6507408943471684,2016-08-15,W
12532,4.185560625977814,2.655911086127162,0.2235848665637159,2018-03-06,W
12535,2.038169794715941,0.6299631590954959,0.5277872804682725,2017-03-16,E
12538,1.1875979723408818,3.621137824840844,-0.506066449715472,2016-09-13,W
12542,3.646478204987943,2.2609810372814536,0.2345335127820544,2016-12-13,E
12550,0.2798435566946864,0.8086465131491423,-0.4858133033127625,2017-02-14,W
12555,0.3725255914032459,2.316300648264587,-0.7229083933295535,2017-09-23,W
12558,6.522276179399341,13.76400742167607,-0.3569767328843058,2016-09-09,W
12569,1.15820315759629,6.308235615491867,-0.6897575423048447,2017-08-09,W
12571,1.7294919146224856,9.453588436357675,-0.6906948961568989,2017-02-06,W
12574,1.387858219910413,8.249273767694831,-0.7119769197525245,2017-08-09,W
12579,11.837888339534402,7.8589415811002254,0.2020094997249067,2017-12-20,E
12581,0.4609705172479152,7.571900703012943,-0.8852289537305968,2017-10-28,W
12593,2.773147246800363,14.2463222281076,-0.6741206004230405,2017-04-21,E
12594,0.9532253090292216,6.116705586202443,-0.7303438115151897,2018-01-03,W
12596,3.6828958988189697,9.103065497707576,-0.4239156861806757,2017-08-27,W
12597,2.49320581369102,2.2760999579913914,0.0455214796645334,2017-11-21,E
12601,1.1657821061089635,8.752832393161952,-0.764930453503352,2017-08-15,W
12609,1.8825269783847036,8.833532037213445,-0.6486531147981086,2016-12-27,E
12613,1.1867834874428809,5.255698603577912,-0.631575696858428,2017-06-21,E
12614,1.2058403035625815,7.022880759090185,-0.7069191446928941,2017-09-03,W
12621,2.6893680160865188,3.198358476627618,-0.0864494064340236,2017-08-10,W
12632,2.2548104766756296,4.40362298861146,-0.3227204301339155,2017-08-15,W
12640,1.077274119015783,5.973647047765553,-0.6944302471877178,2017-08-10,W
12642,2.399750023148954,6.375137093476951,-0.453041391586146,2017-08-16,W
12645,2.6466669822111726,11.427181129343808,-0.6238886534467422,2017-06-05,W
12646,1.8294438943266869,9.123049332760274,-0.6659310612851942,2017-06-04,W
12650,1.1358514339663088,5.754405249841511,-0.6703021422595453,2017-08-09,W
12655,3.455210760701448,7.828814415261149,-0.3875925112145293,2017-04-17,W
12656,1.8751887725666163,4.787126601673663,-0.4370759511573954,2017-03-22,W
12660,12.000922637991607,17.03017001459375,-0.1732365859179638,2017-05-22,W
12662,2.663224187679589,5.9889442338608205,-0.3843799477944911,2017-03-17,W
12666,3.894598092418164,23.83312249416485,-0.7190827078441454,2017-12-31,W
12670,1.4374791150912642,7.918170700781047,-0.692703522816158,2016-10-04,W
12678,2.892949590459466,2.235286856070161,0.1282434500137429,2017-02-27,W
12685,2.5885921819135547,7.899041974451393,-0.5063534552561045,2017-09-04,W
12686,2.350055026821792,8.766357748303562,-0.5771918379855987,2017-09-03,W
12688,1.7495067724958062,10.032848965376616,-0.7030293752084468,2017-08-11,W
12689,1.6577074564993382,8.933319153264165,-0.6869600053744558,2017-08-10,W
12690,1.52289052400738,11.422491740435362,-0.7647206559221188,2018-01-20,W
12699,2.5898447991348803,7.005765784997493,-0.460202187984209,2017-03-23,W
12700,1.1431917687878013,3.958298234734684,-0.5518204414793623,2018-03-07,W
12701,2.229667673818767,5.252511301543564,-0.4040057899815219,2017-04-25,W
12703,2.578375497367233,12.958005026448518,-0.6680854342599076,2017-06-03,W
12705,4.780512294732034,17.123152487911284,-0.5634965799403174,2020-09-06,W
12707,1.3434777506627142,17.421979757025838,-0.8568137493996408,2018-05-14,W
12710,0.5707870498299599,1.5582344084978104,-0.4638033847920784,2020-08-07,W
12714,4.0411382196471095,2.4745388510636985,0.2404353916840552,2019-11-24,W
12720,1.6554155349731443,3.346656615845859,-0.3381080939817041,2020-07-09,W
12723,5.396257933229208,5.704109187470749,-0.0277334299752512,2020-07-28,W
12728,2.8592197597026825,14.01117137633264,-0.6610369330921213,2020-06-30,W
12733,2.6588376201689243,9.834608742967248,-0.57436282305345,2021-10-05,E
12743,4.039710292592645,11.981841715984046,-0.4957154849379953,2020-08-07,W
12744,1.625833417288959,8.117140913149342,-0.6662552189612201,2020-08-06,W
12761,1.2051405566744506,8.800134222954512,-0.7590989586555819,2018-05-07,W
12767,0.5345669956877828,3.661262926179916,-0.7451912943839237,2018-04-15,W
12768,2.270326614845544,18.90187248168513,-0.785537004966295,2018-05-24,W
12776,4.170860020443797,7.41970032826066,-0.2803005385481405,2018-06-19,W
12781,1.8060155315324664,4.918143398594111,-0.4628278271528895,2021-10-30,W
12785,2.3122612992301583,21.301381390541792,-0.8041588644659134,2021-02-10,W
12789,0.0536562772467732,1.6567700803279877,-0.937259763322027,2019-05-29,W
12799,8.69099242426455,6.753857539501041,0.1254227065531877,2018-07-06,W
12802,2.7057129768654704,6.19248832995072,-0.3918517049523168,2020-07-31,W
12807,0.2681854264810681,3.9563683941960335,-0.8730349107312257,2019-06-09,W
12812,0.2775716800242662,0.3861593995243311,-0.1636019810519519,2018-03-25,W
12813,0.2916543427854776,0.4361343327909708,-0.1985191510308381,2018-03-23,W
12820,9.154389627743512,13.160720250336452,-0.1795344340440896,2020-06-22,E
12822,3.412226984277368,8.96530222054571,-0.4486416589592097,2021-10-31,W
12825,0.8795660561881959,9.662236591801047,-0.833127960073056,2021-09-12,W
12826,1.9995679156854749,7.560308157932013,-0.5816749296146215,2018-05-10,W
12829,0.5771996546536684,8.504307135939598,-0.8728846064946018,2021-09-10,W
12831,1.6965485559776423,14.956726415082812,-0.7962504601735996,2018-04-30,W
12832,5.530403557233512,22.35844545532018,-0.6033967873866436,2018-11-23,W
12836,3.2428131867200136,3.682736467104405,-0.0635217856161632,2021-01-27,W
12840,2.353883041068912,1.860402777325362,0.1170970088429973,2019-04-11,W
12841,2.486669261008501,2.072799312416464,0.0907715322360598,2019-04-09,W
12844,2.458425361663103,5.058595278067514,-0.3459043204778597,2021-02-09,W
12845,2.515042879153043,6.233822937356308,-0.4250585317225233,2021-02-07,W
12847,0.5196574260480702,5.163552738726139,-0.8171253882992291,2018-03-22,W
12848,5.230167015455663,13.649584393016994,-0.4459495888162228,2019-10-20,W
12850,2.5590965026058257,14.735802753362805,-0.7040634391989292,2020-01-16,W
12851,10.638638940639794,13.372608046978712,-0.1138620208999801,2021-11-29,E
12854,2.3388094259426,14.559363384731114,-0.7231878911232753,2020-01-15,W
12862,1.2835911656729877,15.801716989837589,-0.8497432818898953,2020-07-16,W
12870,3.8733592946082354,2.1921220193617046,0.2771811812154213,2019-11-23,W
12879,1.7331306599080565,0.4324780162423849,0.600594492434845,2018-04-19,E
12882,4.403670249506831,1.5532279163599014,0.4785111737312551,2019-05-14,E
12898,1.135181624442339,1.156497466377914,-0.009301407872049,2019-07-01,W
12904,4.398945156019181,19.16241370118223,-0.626596650670258,2018-07-15,W
12913,3.3419060138985515,19.592304616700854,-0.7085658566822397,2019-06-18,W
12916,1.7837729072198272,3.78843169240281,-0.3597604411938468,2021-12-16,W
12926,0.1598722524940967,0.449796725064516,-0.4755440792328502,2019-08-05,E
12927,1.988098562695086,13.676016121404244,-0.7461588346625704,2020-01-06,W
12931,0.3511876226402819,2.0448503643274307,-0.7068597204628811,2020-01-15,W
12933,1.0663180998526514,4.013509058393538,-0.5801754403702634,2019-07-07,W
12934,1.1774349017068744,7.793223301880062,-0.7374919710492496,2021-01-05,W
12938,1.2781766969710588,12.106974406167865,-0.8090157238984443,2020-07-05,W
12940,0.4395269420929253,5.6659939009696245,-0.8560231130509465,2019-05-06,W
12941,1.014704389963299,6.49947183765471,-0.7299226530689645,2021-06-24,E
12942,2.2520970720797777,12.536890130490065,-0.6954359292854368,2019-07-02,W
12946,1.0640152161940932,8.939376642927527,-0.7872691120813663,2020-07-10,W
12956,2.3304805867373943,8.79527195636183,-0.5810655364282443,2018-05-09,W
12957,2.5533369472250342,12.698346698656678,-0.6651731039654991,2020-12-02,W
12958,0.7447340982034802,2.5272516403347254,-0.5447815744230777,2018-06-06,E
12959,0.6292132283560932,2.781789457425475,-0.6310684650122249,2018-06-05,E
12960,2.183493992313742,12.20519471494481,-0.6964985431629221,2021-09-13,W
12963,1.408391194883734,12.496761979535222,-0.7974288844979971,2021-12-03,W
12965,1.3855691403150558,10.64302826486528,-0.7696208304854031,2019-07-01,E
12970,2.2619157657027245,6.822300942614675,-0.5020119316105718,2021-04-16,W
12971,0.8008826379664242,5.510207084007561,-0.7461983038592274,2019-07-08,E
12979,2.456392559222877,17.604292409028858,-0.7551038199233209,2021-04-14,W
12980,1.159242028836161,4.34630091348663,-0.5788818501713963,2020-01-16,W
12981,2.9437584402039647,1.843893328681588,0.2297295552425209,2021-04-06,W
12986,3.503849207423628,30.049207306467,-0.7911457511494688,2020-11-27,W
12995,2.2891906341537838,12.676658156327903,-0.694078075196101,2021-11-22,W
12996,1.64309620577842,8.651406561024487,-0.6807818224932013,2018-09-28,W
12997,3.3976149703375995,22.93991252128035,-0.7419943864192052,2020-07-17,W
13002,1.7768944054841995,19.9365870449692,-0.836332611190039,2018-09-23,W
13011,1.9712776076048613,2.68853415758349,-0.1539239321503973,2021-02-23,W
13018,0.7403832911513746,5.692790594883263,-0.7698233238311777,2018-04-27,W
13019,1.125353876966983,5.9195020091719925,-0.6805175591507839,2018-04-28,W
13023,3.951927786692977,0.7309714998118579,0.6878124191486614,2021-08-17,W
13031,1.731453102082014,15.22761621326208,-0.7958080045682884,2018-04-29,W
13032,3.094469389412552,7.854263204615563,-0.4347346849806855,2020-10-12,W
13035,0.9944663112983108,4.63098980113864,-0.6464406471503585,2018-06-13,W
13047,2.011030038818717,6.340375227853656,-0.5183972099056633,2018-06-11,W
13056,4.747039331123233,8.983754624146968,-0.3085557402452519,2018-09-20,W
13059,1.9875539243221283,5.0737295197322965,-0.4370559006533408,2020-08-25,E
13063,0.2503729127347469,1.4259629845619202,-0.7012855083055133,2018-07-05,W
13064,3.0947179598733783,7.15575411147438,-0.3961804025545382,2018-10-07,W
13065,2.712437827140093,7.750622650142759,-0.4815211413468336,2018-10-08,W
13066,4.21072864625603,14.550478425808253,-0.5511239090233013,2018-05-07,W
13069,2.139939270913601,6.412137993145734,-0.4995509968304225,2018-08-11,W
13071,4.206290716305375,7.933524450054392,-0.3070255751567883,2018-09-19,W
13072,0.6088980855420232,2.002030997071415,-0.5335774612975649,2018-06-12,W
13075,0.6426660935394466,5.244134020060301,-0.7816585985125796,2019-09-21,W
13080,2.8839893960393965,13.52881731186062,-0.648568407906545,2020-01-28,W
13081,3.011314563453197,15.47095820400864,-0.6741402314162387,2020-02-02,W
13083,1.542842204682529,6.880937019363046,-0.6336935801264065,2021-10-19,W
13085,3.935871017165482,3.2343002161942422,0.097845752651908,2018-03-07,W
13086,0.744969277177006,6.241402696818113,-0.7867364406160032,2020-01-30,W
13088,10.299691058695316,6.693800091510639,0.2121924762435153,2018-07-08,W
13101,2.6918551744893198,4.7214581267908216,-0.2737781164531052,2018-04-28,W
13105,1.2257012538611889,0.52856320515275,0.3973962107742286,2018-03-09,W
13112,5.678901171311736,5.790541687747464,-0.0097337349169962,2020-08-30,W
13118,0.8590875682421029,7.236484823748469,-0.7877636004855091,2021-08-31,W
13135,1.9931816067546608,11.57991581549868,-0.7063040889270925,2019-05-29,W
13136,8.481223937589675,14.123688369989395,-0.2496123123869691,2020-03-22,E
13138,5.5638104900717735,19.626291643828157,-0.5582542333097985,2018-11-22,W
13142,2.0356933651492,4.96238550869748,-0.4182136549625837,2021-12-17,W
13144,6.251454204320908,12.81335730617866,-0.3441892461534996,2019-02-26,W
13147,4.0842087510973215,4.008771805791184,0.0093212809268296,2018-07-16,W
13154,8.975286816246808,7.767276656581089,0.0721520430026243,2021-12-13,E
13168,2.052930409088731,8.223899701610208,-0.6004740008396598,2020-10-16,W
13169,1.5950221586972475,2.2613601670600474,-0.1727883679769161,2018-04-03,W
13172,3.1505276104435325,2.87402995955199,0.0458950964745618,2021-11-03,W
13173,2.574313848279417,2.165644730906933,0.0862178667904199,2021-11-04,W
13175,1.393925013486296,6.679505373351276,-0.6546882931549906,2021-04-16,W
13176,1.14066126011312,9.570404469966888,-0.7870125552660588,2020-03-04,W
13177,1.2602900685742495,8.656973314937204,-0.7458391453694788,2019-06-18,W
13179,1.985589625313878,2.7274836900178343,-0.157411950773268,2021-02-28,W
13181,1.5029252278618517,2.763087189756334,-0.2953957556920955,2019-02-12,W
13183,1.9976501297205689,12.067743790801616,-0.7159482143182289,2021-08-09,W
13186,2.9309846134856343,7.245159801794216,-0.4239498784854377,2021-04-16,W
13190,0.4218183252960443,1.71214035525918,-0.6046612062923394,2020-08-03,W
13206,4.12248687678948,20.291934753768142,-0.6622908427509079,2018-06-12,W
13207,5.592515191063285,8.33573363861069,-0.1969535783782677,2018-08-26,E
13215,3.13115410041064,4.320530486525968,-0.1596117458058059,2020-06-10,W
13231,1.7326029799878595,0.4323500036261976,0.6005917847649922,2018-04-18,E
13241,1.4293129164725542,6.759047812782228,-0.6508915609039221,2018-05-09,W
13242,1.3202414764091372,6.948725870810449,-0.6806756101526016,2018-05-10,W
13244,3.759527569636703,7.429296953137964,-0.3279852477828371,2018-07-05,W
13246,2.050409459043294,9.58668441628106,-0.647607988556083,2018-03-07,W
13248,0.2341413758695125,6.061496807262301,-0.92561790590275,2019-02-12,E
13251,6.123994057066739,13.296295376494529,-0.3693200013297728,2019-02-27,W
13253,8.24614234175533,14.293913015164437,-0.2683121482020753,2018-05-09,W
13254,2.413698869291693,11.696515467949212,-0.6578792055735712,2018-05-08,W
13255,2.595241205766797,1.9351091948337853,0.1457132346419282,2019-02-06,W
13256,2.3890529070049524,1.8231951626949008,0.1343362819441537,2019-02-05,W
13257,1.775783559307456,7.060675963759422,-0.5980780413983197,2018-05-16,W
13258,2.0616231337189674,18.042857749387625,-0.7949090905946538,2020-10-12,W
13260,1.4980543684214354,6.46009635925293,-0.6235169652637308,2018-05-15,W
13261,1.006942120846361,10.04708625562489,-0.817814449800026,2019-02-20,W
13264,2.972073820885271,14.843266205862164,-0.6663466634458374,2018-05-08,W
13265,1.3522768011316657,16.211744433268905,-0.8460174030667256,2020-10-11,W
13268,2.6376092354767025,5.86581668141298,-0.3796360993189774,2020-08-01,W
13270,1.716836997307837,6.980098788626492,-0.6051857712724974,2019-07-11,W
13271,1.7774043837562203,5.36828654166311,-0.5025241359282082,2019-07-10,W
13274,2.008504825178534,8.706004432402551,-0.6250869215017529,2018-10-07,W
13277,4.69979950459674,14.455097790807486,-0.5092848129522884,2020-08-06,W
13278,3.7257658317685127,13.222129795700312,-0.5603270265920044,2020-08-05,W
13281,2.8434962816536427,15.58292911760509,-0.6913675636981248,2020-07-01,W
13292,0.9784178100526332,9.90543762780726,-0.8202074962058792,2020-05-28,W
13295,1.011521426960826,4.579154934734106,-0.6381398737756728,2018-06-12,W
13304,4.5111177721992135,11.69589904975146,-0.4433130017993679,2019-02-01,E
13307,1.6331698433496058,13.293501894921064,-0.7811742802432383,2019-09-05,W
13308,0.4696685336530208,4.402778591960669,-0.807214518066517,2019-10-20,W
13311,2.43725102301687,7.616052034310995,-0.5151342779345318,2021-10-30,W
13316,1.937213921453804,26.06814433587715,-0.8616540517958109,2020-06-22,W
13320,1.6043938719667494,16.5550793572329,-0.8232995140643877,2020-11-28,W
13321,4.139408558607101,5.033455196302384,-0.0974664686605287,2018-03-28,W
13322,4.468577058520168,25.88733703130856,-0.7055877121474794,2021-04-24,W
13324,7.616892157122493,10.152187998406587,-0.1426801961099299,2018-04-22,W
13327,1.265233197249472,4.262697158847004,-0.5422398200605472,2018-03-08,W
13329,3.2832432594150305,11.84828236978501,-0.5660393618103545,2020-08-06,W
13330,0.7227088622748852,6.638516480103135,-0.8036444128086376,2018-05-09,W
13331,0.0970109580084681,2.633415639400482,-0.9289408050002212,2019-07-07,W
