ID;extracted_text
8915;"Scientists Meet Analytical Challenge of an Ephemeral Element

FOR 23 years scientists have known of a bizarre, man-made element that can be created only one atom at a time, each surviving for only a few seconds. Chemical analysis of this new element, recently named seaborgium, seemed out of the question."
628;"ABROAD AT HOME; LACKING THE EVIDENCE

Prime Minister Begin explained the attack on Iraq's nuclear reactor at a press conference June 9, two days after the raid. Israel had to act, he said, because Saddam Hussein, the Iraqi President, ''wanted to destroy our existence, in fact our people and our country.''"
1279;"As It Returns to Negotiations, North Korea Lashes Out at Japan

North Korea called Japanese officials ''political imbeciles'' on Saturday for saying they would not accept the North as a nuclear power, less than a week after it agreed to return to international arms talks on its atomic program. In typically harsh words, North Korea also condemned the United States as ''fanatic warmongers who destroy peace and security on the Korean Peninsula.''"
5129;"Iraq Balks at Naming Its Nuclear Suppliers

Iraq is still refusing to name the suppliers of materials and equipment used in the country's clandestine nuclear weapons program despite pledges to do so, the International Atomic Energy Agency said on Friday. As a result, there is no guarantee that all the nuclear supplies have been declared to inspectors or that Iraq will not try to buy from the same suppliers again, said Dimitri Perricos, who this month headed the agency's 12th inspection trip to Iraq. ""There is a political decision not to divulge information of this nature,"" Hans Blix, the agency's director general, said at a news conference."
8568;"SCIENCE WATCH; Evidence for Neutrino Mass? Since May, physicists have been astir over a hypothesis that neutrinos, thought to be the most prevalent sub-atomic particles in the universe, have mass. Numerous experiments have been designed to affirm or deny that assertion, made by Dr. Frederick Reines of the University of California at Irvine and others."
1742;"Bhutto Says She Favors Pact With India to Bar Atom Arms

Prime Minister Benazir Bhutto of Pakistan today denied that her country was building a nuclear bomb and said she would like to work for nuclear nonproliferation with India. Interviewed on British television, Ms. Bhutto said, ''We would like to make our region free from the threat of nuclear proliferation and that is why we would like to work with India as our neighbor to prevent any pressures in the future.'' She added, ''Pakistan has not, nor do we have any intention of putting together or making, a bomb, or taking it to the point where you can put it together.''"
9121;"South Africa Signs a Treaty Allowing Nuclear Inspection

South Africa signed the Nuclear Non-Proliferation Treaty today, permitting inspection of all its atomic installations. Foreign Minister Roelof F. Botha signed his country's accession to the treaty at a ceremony here attended by the visiting British Foreign Secretary, Douglas Hurd."
9080;"Slowdown in Program to Clean Up Nuclear Waste in Washington State Is Drawing Criticism

The Energy Department is drawing increasing criticism for its plan to slow down its cleanup of radioactive waste in tanks at the Hanford nuclear reservation in Washington State. The energy secretary, Samuel W. Bodman, told the Senate Energy Committee on Thursday that there are issues ''where we do have differences of opinion'' on how thoroughly the underground tanks should be emptied."
6902;"North Balks, Threatening Korean Pact

The Clinton Administration's agreement to have North Korea freeze its nuclear program could fall apart over the North's continued refusal to let South Korea supply it with two new light-water reactors, American officials said today. The officials said they were disappointed that North Korean officials, in talks held last week in Berlin, had continued to insist that another country provide the light-water reactors that the agreement promises to the North in exchange for freezing its weapons-oriented nuclear program. Under an agreement signed in October, the two countries said they would try to work out details about the light-water reactor project by April 21."
7840;"Political Tensions Rise in Iran as Hard-Liners Chafe at Deal

Tensions between the Iranian president, Hassan Rouhani, and more conservative authorities over the country's nuclear agreement and its future are turning increasingly bitter, punctuated by public exchanges and growing signs of an anti-American backlash, including arrests. Mr. Rouhani is insisting that the nuclear deal signed in July not only will create the basis for an end to Iran's prolonged economic isolation, but could be the start of new relations with the United States under certain conditions. Yet even his cautious statement of optimism has provoked a stormy reaction."
9464;"THE NATION; ADVISE YIELDS TO CONSENT IN NUCLEAR FUEL VOTE

It was a squeaky victory, and therefore especially gratifying to senior Carter Administration officials who had lobbied the Senate mercilessly for days. By a margin of two votes, the Senate approved last week the sale of 38 tons of enriched uranium to India, shipments authorized by President Carter last June."
8778;"STATE PANEL'S STUDY OF SHOREHAM ATOM PLANT ENDS IN WIDE DISAGREEMENT

Exerpts from report, page B8. Members of Governor Cuomo's commission on the Shoreham nuclear power plant agree that it was a mistake to build the reactor, but after six months of hearings and deliberations, there appears to be agreement on very little else. The commission's 13 members now disagree even on what their chairman, Dr. John H. Marburger 3d, says they agreed to when they drafted their report to Mr. Cuomo - such things as whether the Long Island Lighting Company, the owner of the reactor, is prepared to run it and whether it would pay to open the plant."
11142;"U.S. Seeking to Strengthen Nuclear Agency

After the Persian Gulf war, when international inspectors got a better opportunity to look around a defeated Iraq, they discovered that President Saddam Hussein had secretly been developing nuclear weapons. To deter such an ominous possibility from threatening the world again, Washington wants to strengthen the powers of the International Atomic Energy Agency, which is responsible for guarding against the diversion of nuclear material to bomb-making. But the effort has run into determined resistance, not from rogue states bent on acquiring nuclear arsenals, but from two allies -- Germany and Japan -- that fear a new burden on their flourishing nuclear power industries. While expressing commitment to nonproliferation, diplomats from each country, in separate interviews today, said the expanded powers that Washington is seeking for the atomic energy agency would place unfair economic and financial burdens on the owners of nuclear power plants. Next week, the atomic energy agency's 35-member board of governors will meet in Vienna, where a majority of the nations will seek to persuade the Germans and Japanese to change their positions. The board operates by consensus, and the determined opposition of any member could scuttle the changes."
7352;Why does Mr. Safire find it so hard to believe that chemicals that kill insects and weeds, kill the birds that eat them, kill the fish that swim in them, will ultimately kill us either directly or by destruction of the food chain? Instead he focuses on the conservative Chicken Little lament that the Communists are coming, only now it is the terrorists, i.e., the nuclear holocaust is coming unless we spend more money on bombs. As I recall, the United States is the only nation actually to use an atomic weapon. Few nations even test them anymore.
5404;"Japan’s Plan for Fukushima Wastewater Meets a Wall of Mistrust in Asia

The government in Tokyo says criticism of its intention to release treated water into the ocean is unscientific. South Korea has called the proposal “utterly intolerable.”
TOKYO — In late 2019, the Japanese government convened diplomats from 22 countries for a briefing on its handling of more than a million tons of wastewater from Fukushima’s crippled nuclear reactors. Storage space was rapidly running out, the authorities explained, and they were considering several solutions."
5004;"Iran: Talks End on Encouraging Note

VIENNA -- The second round of talks between Iran and six world powers over Iran's nuclear program ended Wednesday with all parties expressing satisfaction with the discussions, which were the most detailed so far on each of the main issues dividing them. Both Catherine Ashton, the European Union's foreign affairs chief and the chief negotiator for the six powers, and Mohammad Javad Zarif, the Iranian foreign minister, described the talks as ''useful and substantive.''"
10803;"U.S. AGAIN SAYS IT WON'T JOIN SOVIET MORATORIUM

The Reagan Administration, responding to a speech by Mikhail S. Gorbachev, today repeated assertions that it would not join a Soviet moratorium on underground nuclear tests. Mr. Gorbachev said in his speech that the Soviet Union was extending its moratorium on such tests until Jan. 1."
1859;"Brazil Comes Clean About Its Bomb

Brazil's new civilian President, Fernando Collor, has moved courageously in recent weeks toward a noble goal: keeping Latin America free of nuclear weapons. He has publicly confirmed what many long suspected - that his country's military has been working secretly for 15 years to build an atomic bomb. He's prepared to ban exports of nuclear and missile technology. And he's called for a ban on nuclear tests, even for peaceful purposes, across Latin America. These are helpful steps but he can do more by denying funds for the military's nuclear programs and by allowing international inspection of Brazil's reactors. The U.S. can help Mr. Collor nudge his fractious military along by suspending sales of supercomputers the military badly wants."
7685;"Pakistani Scientist Is Focus Of Atomic Sale Investigation

Pakistani officials said Wednesday that their investigation into the sale of the nation's nuclear technology to Iran had now focused on Abdul Qadeer Khan, the father of Pakistan's atomic bomb, and that a ""security ring"" had been set up around his house five days ago to keep him from leaving the country. But it was unclear whether the government had the political will, to bring charges against the widely revered scientist."
6429;"NORTH KOREA SITE AN A-BOMB PLANT, U.S. AGENCIES SAY

United States intelligence agencies have detected a huge secret underground complex in North Korea that they believe is the centerpiece of an effort to revive the country's frozen nuclear weapons program, according to officials who have been briefed on the intelligence information. The finding has alarmed officials at the White House and the Pentagon, who fear that it may be an effort to break out of a four-year-old agreement in which North Korea pledged to give up its nuclear weapons program in exchange for billions of dollars in Western aid. The finding also follows a string of provocations by the North, including missile sales to Pakistan and the incursion of a small North Korean submarine carrying nine commandos off the South Korean coast this year."
585;"A Widening Nuclear Divide

MADBAN, India -- When a farmer named Praveen Gawankar and two neighbors began a protest four years ago against a proposed nuclear power plant here in this coastal town, they were against it mainly for not-in-my-backyard reasons. They stood to lose mango orchards, cashew trees and rice fields, as the government forcibly acquired 2,300 acres to build six nuclear reactors -- the biggest nuclear power plant ever proposed anywhere. But now, as a nuclear disaster unfolds in distant Japan, the lonely group of farmers has seen support for their protest swell to include a growing number of Indian scientists, academics and former government officials. ''We are getting ready for bigger protests,'' Mr. Gawanker said."
1598;"The partners, meanwhile, are negotiating for positions in other Washington law firms. Nuclear Power Blues
T he nuclear power industry these days is as blue as a farmer who lost his only milk cow. Disappointed in the Reagan Administration, unhappy with its press coverage and concerned that it is losing ground with the public, the industry has concluded that it is threatened with a public relations meltdown of sorts."
724;"ANDERSON SAYS CARTER AND REAGAN HAVE 'FOLLY' ALLIANCE ON ATOM WAR

John B. Anderson charged yesterday that President Carter and Ronald Reagan ''have formed an alliance of folly'' based on ''the fatal belief that nuclear wars can be limited and perhaps even won.'' ''Now, obviously, neither Mr. Carter nor Mr. Reagan is advocating nuclear war,'' the independent Presidential candidate told a luncheon of the Council on Foreign Relations in Manhattan. ''But I consider both of them to be seriously misguided in their endorsement of the so-called nuclear war-fighting thesis.'' AN-A
In his first major campaign address on United States-Soviet relations, Mr. Anderson called, in effect, for a cautious but less belligerent attitude toward Moscow while opposing any military alliance with China."
12005;"World Briefing Asia: North Korea: Visit Set To Nuclear Lab

Three inspectors from the International Atomic Energy Agency arrive in North Korea next Tuesday for a four-day visit to an isotope production laboratory at the North Korean nuclear complex at Yongbyon. But Melissa Fleming, public affairs officer at the agency headquarters in Vienna, made clear that the visitors would not inspect installations suspected of harboring enough weapons-grade plutonium for two warheads, which was produced before the signing of the Geneva agreement in 1994."
2448;"Congress May Lift Ban on Wheat Sales to India and Pakistan

Under pressure from farmers, the Government is poised to re-allow the sale of wheat to India and Pakistan despite economic sanctions by the United States against those countries for their recent nuclear tests. Allowing wheat sales would seem to undermine Washington's moral outrage against India and Pakistan, but a movement to skirt the sanctions on wheat has caught on in Congress, and President Clinton encouraged the movement on Friday as he sought greater flexibility in exercising sanctions around the world."
2167;A county bus strike early this month lasted a day. He has railed, a rarity, at the Nuclear Regulatory Commission and Consolidated Edison over a series of leaks and other problems at the Indian Point 2 nuclear plant in Buchanan but now accepts N.R.C. assurances that the plant is safe.
10663;"U.N. Inspection-Unit Leader Seems Tailored for the Job

A co-worker says David A. Kay, the cool-headed American nuclear inspector who is standing off Iraq's military in a Baghdad parking lot, is just ""a regular guy thrust into extraordinary circumstances"" -- circumstances, she might have added, for which he appears well suited by training and temperament. The 51-year-old Texan's resume almost suggests that he has been prepping for a crisis between United Nations inspectors and a developing-world dictator since his days as a Columbia University graduate student, 25 years ago."
4205;"INDIA TO REPROCESS SPENT NUCLEAR FUEL; Decision to Produce Plutonium Is a Challenge to U.S. in Dispute Over Delays in Supplies

The highest officials of India's Atomic Energy Commission said here today that they had authorized the reprocessing of spent nuclear fuels into much more toxic and dangerous plutonium oxide. The decision to begin full-scale but temporary operations at a previously unused 10-year-old reprocessing plant represents a thinly veiled challenge to the United States over what India regards as Washington's delays in releasing nuclear fuel under the terms of a purchase agreement. As successive shipments of enriched uranium for the Tarapur nuclear power plant were delayed by Congress, Indian officials hinted that if pressed this country had the ability to maintain the plant without the American supplies by simply converting the stored nuclear waste that accumulated from earlier United States deliveries. The Tarapur facility can run on a plutonium fuel made from reprocessed spent uranium."
40;"Mr. Prokip said there was hope that the ships might be spared because they are operated by Turkey, a country that has mediated agreements between Russia and Ukraine during the war. Stationing U.N. experts at critical substations
  With most of its thermal and hydroelectric power plants destroyed or badly damaged, Ukraine has relied on its three operational nuclear power stations to keep the lights on. Together, they can provide 7.7 gigawatts of electricity per hour, more than half of the country's current generation capacity, according to DiXi Group, a Ukrainian energy think tank."
2262;"Mr. Butler said that he would travel to Iraq late next week to discuss arrangements for the inspections of the presidential sites with Deputy Prime Minister Tariq Aziz, and that inspections of the presidential sites will begin within ""a couple of days."" The International Atomic Energy Agency, which has a mandate to rid Iraq of nuclear weapons, is making 10 of its inspectors available to join the United Nations team looking for chemical and biological weapons, Mr. Butler said. Jayantha Dhanapala, the Under Secretary General for Disarmament, who is to supervise inspections at the presidential sites, will enlist senior diplomats to accompany the inspectors, under the arrangement worked out by Mr. Annan."
1120;This antique technology will keep the NASA circus flying but does little for industry. The Department of Energy plans a $5 billion atom smasher, even though it promises few commercial spinoffs and will rob funds from physics research of greater relevance. Why does this country's research policy remain so incoherent, while Japan targets one high-tech industry after another and wrests dominance from American competitors?
3454;This may seem like an irrelevant question, given that both the White House and Congress are controlled by a party that rejects the scientific consensus about human-driven climate change. But the proposition that it could, long a dream of an environmental movement as wary of            nuclear energy as it is of fossil fuels, has been gaining ground among policy makers committed to reducing the nation’s carbon footprint. Democrats in both            the United States Senate and in            the California Assembly have proposed legislation this year calling for a full transition to renewable energy sources.
2216;"Celebrating the Web; an Atomic Movie; a Hurricane Over Saturn - Correction Appended

So many piquant tidbits this week: We were able to see a revival of the world's first Web site (which had no funny cat photos), watch the first movie starring tiny atoms, and view the first images of a surprisingly Earth-like hurricane swirling over Saturn. Developments
Computer Science
Happy Birthday, WWW!"
6391;(Page 1, Column 3.) Israel wants a nuclear treaty to bar atomic weapons from the Middle East and plans to introduce its own proposal for this on Tuesday at the United Nations, its diplomats said in New York. Emphasizing its change in policy, Israel will support an Egyptian proposal to keep nuclear arms out of the Middle East. (1:5.)
9266;"Study Says U.S. Rejected Safer Nuclear Test Site

When the United States chose Nevada as the site for atmospheric tests of nuclear weapons four decades ago, Government officials knew the choice would mean that more people would be exposed to radiation than at an alternative site in North Carolina, a new study asserts. But, the report made public today by a private anti-war group says, officials chose the Nevada site because it was already under Government control and could be used sooner and because it was closer to bomb production plants."
5904;"Reports From Europe
Scientists at the conference reported that the European observations, taken in the highway tunnel under Mont Blanc, Western Europe's highest mountain, supported the findings from the Soudan mine and from the mine beneath Lake Erie. The European observations were carried out by a collaboration of physicists from CERN, the European nuclear researech center near Geneva, and Italian laboratories at Frascati, Milan and Turin. In the three experiments hundreds of tons of iron or thousands of tons of water were rigged with instruments to detect the decay of protons or neutrons within that material."
11206;"U.S. WEIGHS RISK THAT ATOM WAR COULD BRING FATAL NUCLEAR WINTER

The Federal Government has embarked on a broad program to assess the theory that fires set by even a limited exchange of nuclear weapons would blot out so much sunlight with smoke and soot that life on earth would be all but extinguished. According to Federal officials, the scientific study is to involve more than a dozen Government agencies and cost up to $50 million."
2490;But in an interview with journalists on Tuesday, Mr. Putin claimed that Ukraine’s offensive was sputtering and that it had recently lost three times as many tanks as Russia had, figures that could not be confirmed. The United Nations’ chief nuclear energy watchdog, Rafael Mariano Grossi, ventured into the war zone on Thursday to visit the endangered Zaporizhzhia Nuclear Power Plant, held since last year by Russian forces. Mr. Grossi, head of the International Atomic Energy Agency, cited new safety fears because the destruction last week of the Kakhovka dam had drained the reservoir that supplies water to keep the plant’s nuclear fuel from melting down. After crossing the front line to reach the plant, he explained the concern in posts on Twitter, but did not say what he had found.
4297;"IRAN IS SHIELDING NUCLEAR EFFORTS IN TUNNEL MAZES

Last September, when Iran's uranium enrichment plant buried inside a mountain near the holy city of Qum was revealed, the episode cast light on a wider pattern: Over the past decade, Iran has quietly hidden an increasingly large part of its atomic complex in networks of tunnels and bunkers across the country. In doing so, American government and private experts say, Iran has achieved a double purpose."
5259;This is Wal-Mart's specialty. I create a global supply chain down to the last atom of efficiency so that if I sell an item in Arkansas, another is immediately made in China. (If Wal-Mart were a country, it would be China's eighth-largest trading partner.)
772;"AROUND THE NATION; Decision on Atom Plant Possible Next Month

Government safety officials said today that they could decide by Feb. 15 whether to allow the Diablo Canyon nuclear plant to start up despite scores of new reports about the safety of the facility's design and construction. However, officials of the Nuclear Regulatory Commission told a House subcommittee that at least 15 of the assertions about the California plant would have to be resolved first."
6231;"A12

Russia-Iran Arms Deal
The Kremlin signed an accord that will let Iran buy jets, missiles and other weapons from Russia. And the atomic energy ministry said it planned to deliver the first of two nuclear reactors to Iran next month. The arms deal comes six years after Moscow stopped such sales to Iran under pressure from the United States, which regards Iran as a leading sponsor of terrorism."
1639;"[B10.] TODAY'S COLUMNS
An order from Korea has revived hopes at Atomic Energy that its business in nuclear reactors is not gone. Talking Deals."
2865;"The baby-steppers believe that only by a series of small, incremental agreements can the arms race be slowed; they are willing to risk the locking-in of a Soviet advantage to achieve some measure of arms control. The giant-steppers believe that the time is ripe for a breakthrough that will reduce the nuclear arsenals; they are willing to risk the delays of a Soviet propaganda offensive to accomplish genuine arms reduction. Each position can be defended, but a difference in debating tone has become apparent: the giant-steppers may think the other side to be naive, but impute no sinister or subversive motive to the believers in the SALT agreements."
2238;"Chemist Asserts Backing on Fusion

B. Stanley Pons, an electrochemist at the University of Utah who last month threw scientists into turmoil by asserting that he had achieved nuclear fusion in a jar of water at room temperature, said today that 60 laboratories around the world had told him that they had duplicated parts of his work. But he added that many of them had not made their results public and might not do so in the near future, partly because of concerns about giving away information that could be used in patent applications."
12131;It also ended a multiweek stretch of relative calm in Kyiv, Ukraine’s capital, during which several American officials visited the city. In other news from the war, the U.N.’s atomic watchdog denounced international complacency over safety at Ukraine’s Zaporizhzhia nuclear plant, after Russian shelling again cut power today. 4.
10696;"U.N. Nuclear Chief Welcomed in Libya

Libya welcomed the scrutiny of the United Nations nuclear watchdog on Saturday and promised its cooperation with the International Atomic Energy Agency. The agency's chief, Mohamed ElBaradei, arrived in Tripoli with a team of experts and praised Libya's new openness as a step in the right direction."
4335;"ISRAEL OPENS TRIAL IN ESPIONAGE CASE

The espionage trial of Mordechai Vanunu, the former nuclear technician who told a British newspaper what he said were details of Israel's nuclear weapons industry, began today in a Jerusalem courtroom behind closed doors and boarded windows. The prisoner was transferred to the Jerusalem district courthouse in a police van with the windows painted and sealed to prevent any additional revelations."
7022;"North Korea's Atomic Bravado Incites a Host of Skeptics

Just days away from the scheduled opening of discussions with the United States, North Korea appeared to announce today that it was reprocessing nuclear fuel rods, a step that would suggest development of atomic weapons. Later, however, the statement was withdrawn from North Korea's official Web site amid confusion over the accuracy of the translation."
12140;"Ukrainian officials are also seeking donations for routers and other equipment to put internet service into bomb shelters, including those at schools. In other news from the war:
An official at Ukraine’s atomic energy company said that international inspectors should visit the Zaporizhzhia power plant, where shellfire damaged a nuclear fuel storage facility. Russian propaganda is becoming multilingual, relying on languages like Spanish and Arabic to evade social media moderators."
2979;"Effort to Solve Energy Woes Clashes With Nuclear Safety

If the collapse of nuclear controls in Russia poses the near-term threat that terrorists could seize plutonium to make nuclear weapons, longer-term fears arise from nuclear energy programs launched by America's closest allies: Japan, Britain and France. Over the next two decades these countries, as well as Russia, plan to vastly increase the world's stockpiles of plutonium."
7781;"Physicists Manage to Create The First Antimatter Atoms

Physicists at the European Laboratory for Particle Physics announced yesterday that they had created, for forty-billionths of a second, the first complete atoms of antimatter ever made by human beings or seen in nature. In an antiatom, the antimatter equivalent of an ordinary atom, the electrical charges of all the component particles are reversed; while an ordinary atom has a positively charged nucleus with one or more negatively charged electrons orbiting it, the antimatter atom has a negatively charged nucleus with positively charged orbiting electrons. An ordinary atomic nucleus contains positively charged protons, while its antimatter counterpart contains negatively charged antiprotons. Unless an antimatter atom is kept from coming into contact with an ordinary atom, the two atoms annihilate each other in a violent flash of energy -- a fact that may explain the apparent absence of antimatter in the natural universe. Antiprotons are routinely made in physics laboratories, as are antielectrons, which are also called positrons."
2852;"ERROR IN SITING REACTOR PLANT IN SOUTH RUSSIA IS DISCLOSED

The problems at the giant Atommash reactor-manufacturing plant that brought censure from the Politburo last summer and evidently set back the nuclear power program apparently stemmed from siting the factory too close to a manmade lake, Soviet sources said today. They said geological surveys of the site at Volgodonsk, on the Don River's Tsimlyansk Reservoir in southern Russia, had failed to take account of the effect the reservoir would have on the shore area, and the foundations of the plant were undermined by erosion."
8146;"Radioactive Iodine Detected in Ocean, Despite Gains at Japanese Plant

TOKYO -- Workers made incremental progress at the stricken Fukushima Daiichi nuclear plant on Thursday, but disturbingly high radiation readings there as well as miles away continued to reinforce fears that Japan's crisis was far from over. The death toll from the earthquake and tsunami that crippled the plant three weeks ago rose to nearly 11,600, with more than 16,000 people listed as missing."
5080;"Iran’s Captive Minds; Bret Stephens

In June 2014, Dina Esfandiary and Ariane Tabatabai wrote an article in The Bulletin of the Atomic Scientists, making the case that Iran had “genuine and reasonable concerns” about its nuclear fuel supplies and that it would need many more centrifuges to become energy independent. There had to be “a mechanism to guarantee Iranian supply,” they wrote, a position plainly sympathetic to Tehran’s interests."
6210;"The action has renewed a debate over whether Japan is trying to sanitize its past. A5
Kenya churches warned of curbs    A11
 
National    A16-31, B4-6
 
Atomic Energy officials denied being informed of serious reactor incidents at the Savannah River Plant. They suggested that the commission was kept in the dark because of national security concerns."
9470;"THE NATION: Order on Nuclear Plants; Atoms for Peace And War: Is There A Clear Distinction? IN April 1946, in a proposal to the newly formed United Nations, the United States took the first formal steps to establish a doctrine of clear division between civilian and military uses of nuclear technology. That was the cornerstone of Washington's political effort to control the spread of nuclear weapons while promulgating the development of nuclear power. Now critics of the Reagan Administration are arguing that the United States has taken a provocative step toward breaching that doctrine."
1646;(30.) A method for disposing of nuclear wastes by storing them chemically in high-silica glass was developed. Radioactive atoms become part of the glass and suitable for storage. Patents.
6691;"New Rules on Atom Fuel to Japan

Japan and the United States have agreed that aircraft carrying plutonium from Europe to Japan will not enter American airspace or refuel at American airports, resolving Congressional concerns about the safety of the shipments. In letters exchanged between the two nations and in a letter from the State Department to Congress, officials enumerated for the first time some details about the shipments that had been left vague in a recent agreement between the two countries."
123;"2 More U.N. Inspection Teams Arrive in Baghdad

United Nations inspectors of nuclear and ballistic weapons arrived here today in the latest test of whether Baghdad is willing to comply fully with the gulf war cease-fire. The start of their mission, which follows a standoff with Baghdad over United Nations flights, comes as the Government has made it clear that it wants improved relations with Washington."
2538;There were three. There was the man seen around the world as a Stalinist maniac, who 44 years ago sent his troops pouring over the 38th parallel to unify the Korean Peninsula on his own terms, and who four decades later burst again onto the front pages as a man in search of a nuclear bomb to save his regime. This was the Kim who intimidated his neighbors into silence, who used his unpredictability as a weapon.
3854;"Principle of Equivalence
Even though the new findings seemed to undermine a basic assumption made by Einstein - the principle of equivalence that stemmed from Galileo's work - scientists said the hypothesized new force, called the hypercharge, was so weak and local that, if it did exist, it should not fundamentally alter Einstein's principles as the basic tool of modern cosmology. The other known forces are electromagnetism, gravity and the strong and weak forces governing nuclear structure. The new analysis suggests that, contrary to Galileo's assertion, a feather would fall faster than a coin if dropped from the same height in a vacuum."
6271;"The fighting seems to suggest the violence in Natal province has spread. A1
 
Rebel leader in Liberia bars West Africans from leaving    A10
 
Soviet nuclear weapons production has a history of intense radioactive contamination and exposure of high doses to workers, according to American experts who studied the Soviet program. A3
 
Some Soviet citizens forced into exile between 1966 and 1988 have had their citizenship restored."
3106;A dabbler before he became a serious painter in 1954, Von Bruenchenhein used his fingers, bakers' tools, even strands of his wife's hair to get pigment on canvas. At first his fervent imagery tended toward the big bang, as in ''Atomic Age'' (1955), depicting the atmospheric inferno of a nuclear explosion. But gradually the work began to reflect an exaggerated, Surrealistic view of the natural world, rife with reptilian coils, sinister insectoid palps and spiky vegetation, floating in a kind of cosmic soup and animated by brilliant color transitions.
4082;"Some electric utilities and power plants coordinate their unpaid bills. Kursk Atomic Power Station, a government-owned nuclear plant, has been left with millions in unpaid bills by local electric utilities across central Russia. So instead of promising to pay off its suppliers itself, Kursk Atomic pays off its own bills with i.o.u. 's that companies can redeem in the form of electricity at local utilities that owe Kursk Atomic money. ""You can talk about these things for weeks and never get a thing done,"" laughed Mr. Baranov, who heads Rossiisky Kredit's veksel-trading operation."
11311;"UKRAINE TO CLOSE CHERNOBYL PLANT

Ukraine's Government has agreed to shut down the remaining nuclear reactors at its power plant in Chernobyl, which was heavily damaged in a catastrophic accident in 1986, the Clinton Administration said today. After three days of meetings with an American delegation, Ukraine abandoned its insistence that nuclear production must continue at the plant, agreeing instead to a joint effort with the United States to find options like energy conservation and nonnuclear power generation to replace electricity from the plant, which generates about 1,800 megawatts of power. A thousand megawatts is often described as the amount of electricity used by a million typical American homes."
3014;Security risks, which had helped prompt the Energy Department to overhaul lab management, have remained a problem. And Livermore's biggest project, the National Ignition Facility, a giant array of lasers designed to fuse hydrogen atoms, has been plagued by delays, cost overruns, and heath and safety concerns. ''Everybody thought that with privatization we could save money and get more transparency,'' said Peter Stockton, a senior investigator at the nonprofit Project on Government Oversight who has studied the national laboratories since the 1970s.
5645;"LONG ISLANDERS; NUCLEAR METHODS PUT TO OTHER USES

''IT'S not a question of whether we're going to do it or not,'' said Garman Harbottle of Setauket, a senior chemist at the Brookhaven National Laboratory in Upton. ''It's a question of whether we're going to do it right."
5062;"Iran and U.S. Agree on Path Back to Nuclear Deal

In indirect talks in Vienna, the U.S. and Iran agreed to try to synchronize Washington’s lifting of sanctions and Iran’s limiting of uranium enrichment. BRUSSELS — The United States and Iran agreed through intermediaries on Tuesday to establish two working groups to try to get both countries back into compliance with the 2015 Iran nuclear deal. In a meeting of the current members of the deal in Vienna, all parties agreed to establish one working group to focus on how to get the United States back to the deal by lifting harsh economic sanctions imposed or reimposed after President Donald J. Trump pulled out of the accord in May 2018."
8495;"Russians Balk at Opening Nuclear Sites to U.S. Eyes

This was supposed to be a banner day for American-Russian cooperation."
8768;"The typical Con Edison customer uses only 3,199 kilowatt hours a year - about half the national average. New Plants May Be Needed
If Con Edison's Indian Point nuclear power plant was ordered closed, Mr. Kleinman said, ''it would clearly hasten the day when new power plants would have to be built.'' ''I seriously doubt those measures could prevent that from happening,'' he added."
4570;"India Leader Struggles To Complete Nuclear Deal

The Indian government is desperately trying to salvage a landmark nuclear deal with the United States that has emerged not only as a personal test for Prime Minister Manmohan Singh, but also as a symbol of the difficulties of enacting policy in India's system of coalition politics. At issue this week is whether the fragile government led by Mr. Singh's Congress Party will go through with the deal, even if it means being pushed to the brink of what, in a time of discontent over soaring food and fuel prices, it wants to avoid: early elections,  before the end of its five-year term in May."
4628;"Inspector Lists Computers With Atomic Secrets as Missing

The office in charge of protecting American technical secrets about nuclear weapons from foreign spies is missing 20 desktop computers, at least 14 of which have been used for classified information, the Energy Department inspector general reported on Friday. This is the 13th time in a little over four years that an audit has found that the department, whose national laboratories and factories do most of the work in designing and building nuclear warheads, has lost control over computers used in working on the bombs. Aside from the computers it cannot find, the department is also using computers not listed in its inventory, and one computer listed as destroyed was in fact being used, the audit said."
3987;"Hiroshima and Nagasaki in Black and White

The mushroom cloud is one of those images that's hard to process without resorting to abstractions. In our minds this symbol of nuclear Armageddon has somehow become detached from the weapon's deadly efficacy. Art has sometimes attacked this disconnect: see Warhol's ''Atomic Bomb,'' Takashi Murakami's skull-faced plume and the ending montage of ''Dr. Strangelove.''"
117;"2 IN HOUSE WITHDRAW ATOM CURB

Members of the House Foreign Affairs Committee backed away today from a measure to cut off aid to any nation that manufactures a nuclear bomb. They acted after Administration officials told them privately that Israel might fall into that category."
7626;At the Los Alamos laboratory, Lazarus evolved the manual calculations of the Manhattan project into computerized numerical analysis. In 1951, his first assignment was to estimate yields of atomic explosions using a method proposed by Hans Bethe and a primitive computer. He soon moved his calculations to a more powerful device -the first stored-memory computer, MANIAC, which was designed by Nick Metropolis and others.
9692;But the plant at Al Dawrah has as sinister a history as any on the weapons inspectors' list of about 1,000 sites across Iraq -- sites the inspectors plan to search painstakingly. Al Dawrah's story took a sharp turn in 1995, when Mr. Hussein's son-in-law, Gen. Hussein Kamel, then in charge of all of Iraq's nuclear, biological and chemical weapons programs, defected to neighboring Jordan with millions of dollars of government money. Among the secrets he took with him was confirmation of a huge biological weapons program that Iraq had insistently denied, with Al Dawrah as one of the principal production plants.
485;"A Q&A ON NUCLEAR POLITICS; PROPOSALS, LIKE WEAPONS, ARE ALSO PROLIFERATING

ALTHOUGH the United States and the Soviet Union have apparently made little progress in arms control negotiations, there has been no shortage of ideas and theories for and against different proposals offered by the two sides. What follows is a discussion of some of the arguments."
6989;"North Korea Shows Video of Atom Site

Partly lifting the veil of strict secrecy from its mysterious nuclear projects, North Korea suddenly broadcast a videotape today showing what it described as a series of conventional nuclear power plants, on the same site that the United States maintains is the core of a huge weapons complex. The release came just hours before the beginning of an elaborate 80th birthday celebration for North Korea's hard-line Communist leader, Kim Il Sung."
11383;To the outside world, the administration seems divided over whether to promote the overthrow of Iran's Islamic Republic -- perhaps by force -- or to tacitly support the approach embraced by the Europeans, which favors negotiations and a series of incentives that would ultimately require American participation. ''You need to get everybody to read from the same page, the Europeans and the Americans,'' said Mohamed ElBaradei, head of the International Atomic Energy Agency, in an interview in Davos on Friday. ''This is not a process that is going to be solved by the Europeans alone,'' he added.
5694;"Leaving Iran's Nuclear Past a Mystery

VIENNA -- The Iranian nuclear crisis began a decade ago when Tehran's leaders refused to answer questions from international inspectors about evidence that a secret team of scientists, working in a complex organization that sprawled across military and university laboratories, were experimenting with the technology to build a nuclear weapon. Ten years of standoffs, sanctions, cyberattacks and negotiations followed."
1118;"America Needs France's Atomic Anne

It's not often that I find myself recommending a French state-owned industry as the answer to major U.S. problems, but I guess there's an exception to every rule. In this case the exception is the French nuclear energy company Areva, which provides about 80 percent of the country's electricity from 58 nuclear power plants, is building a new generation of reactor that will come on line at Flamanville in 2012, and is exporting its expertise to countries from China to the United Arab Emirates. Contrast that with the United States, where just 20 percent of electricity comes from nuclear plants, no commercial reactor has come on line since 1996, no new reactor has been ordered for decades, and debate about nuclear power remains paralyzing despite its clean-air electricity generation in the age of global warming. Areva is headed by Anne Lauvergeon, a brilliant product of France's top schools."
3986;"Hiroshima and History

To the Editor:
A mere catalogue of heretofore unknown horrors in the development of nuclear weapons - specific facts disclosed for the first time in my book, ''Day One: Before Hiroshima and After'' - would be far too long for this space. But in fairness to your readers, permit me to mention a few of these additions to history that remained studiedly ignored in Nathan Reingold's review (Nov. 18)."
5937;"Man in the News: Avul Pakir Jainulabdeen Abdul Kalam; Self-Made Bomb Maker

Among the Indian scientists who successfully detonated five nuclear tests in the northwestern desert last week, none seemed more visibly delighted by the acclaim waiting in New Delhi than Dr. A. P. J. Abdul Kalam. An impish, shaggy-haired bachelor, Dr. Kalam is widely regarded as the central figure in India's drive to join the small club of nuclear-armed nations. Dr. Kalam, 66, has never hidden the passion for a powerful India that has driven him since he was growing up in a poor family on the coast of Tamil Nadu."
5901;"MUSIC REVIEW; Reich Evokes a Nuclear Holocaust

This season's new-music adventures at Miller Theater came to an end on Thursday evening with a program devoted to two of Steve Reich's big works of the 1980's, ""Tehillim"" (1981) and ""The Desert Music"" (1984, in a revised edition from this year). The performers were Ossia and Alarm Will Sound, two energetic ensembles from the Eastman School of Music that joined forces in both works and were conducted by Alan Pierson."
8305;"Review/Television; Iran and the A-Bomb: Fears Despite Denials

Iran already ranks high on the ever-lengthening list of countries whose prospective possession of a nuclear bomb sends a chill along the global spine, and tonight's ""Frontline"" report will do nothing to stop the shivers. The picture that emerges from ""Iran and the Bomb"" is of a Government bent on acquiring the ingredients of a nuclear weapon even as it makes peaceful overtures to the West. The technique is to buy a reactor here, some fuel there and other elements anywhere they can be found in the international arms bazaar."
443;Why is a light ray so fast and a whisper so slow? Why are atoms so tiny and stars so big? Why is the universe so old?
5879;"MOSCOW NOW SEES CHERNOBYL'S PERIL LASTING FOR YEARS; PLANS BADLY HURT

The Chernobyl disaster did serious harm to the Soviet nuclear power program and has forced a review of the location and size of atomic generating plants, a Government official said today. Some nuclear stations are near big cities, and a four-reactor station similar to the Chernobyl plant is situated not far from Leningrad. Nuclear central steam plants are under construction in the suburbs of other cities. The official, Andronik M. Petrosyants, who is chairman of the State Committee for the Peaceful Uses of Atomic Energy, said at a news conference that the Chernobyl accident ''hurt the nuclear program badly.'' Report Sent to Vienna Agency
The news conference was called to discuss a report on the accident that has been submitted to the International Atomic Energy Agency in Vienna. The report, which has become available abroad but was not distributed here, did not deal with the issue of whether the accident had set back the nuclear power program and had forced a basic review of siting policies. In assessing the causes of the Chernobyl accident, the report mentioned some reactor design flaws, but attributed the disaster mainly to six operator errors."
10899;"U.S. Delays New Mexico Waste Site's Opening

Faces with a lawsuit and growing political opposition in New Mexico, the United States Department of Energy today postponed at least until the end of November the opening of the nation's first permanent nuclear waste repository. The postponement came one day before the first truckload of waste was to leave a Government nuclear weapons plant in Idaho and head south to Carlsbad, N.M., the site of the repository, the Waste Isolation Pilot Plant. The decision was made after a lawsuit was filed today in Federal District Court in Washington by Tom Udall, New Mexico's Attorney General, seeking a court order to halt its opening."
6197;"But the new study found that there was no evident benefit in taking AZT early. A1
 
U.N. TO PRESS NORTH KOREA
The International Atomic Energy Agency declared that North Korea had violated its obligations to open its suspected nuclear weapons sites to inspections. For the first time, the agency asked the United Nations Security Council to enforce the provisions of international agreements intended to limit the spread of nuclear arms. A2
 
HARSH LIFE FOR BOSNIA YOUNG
Bosnian children had no worries before the war, refugees say, and now they make up a large part of the refugee flood."
9972;"The 1991 Budget: Nuclear Weapons; Administration Plans No Money for Plutonium Processing Plant

The Bush Administration has notified Idaho lawmakers that it will not provide money in next year's budget to build a plutonium processing plant that was once the centerpiece of the Energy Department's plan to rebuild its deteriorating nuclear weapons industry. The plant, using advanced lasers to purify plutonium for bombs, was to have been the first new nuclear weapons manufacturing plant since a military nuclear reactor was completed in 1963 at the Hanford Reservation in Washington State. Government plans call for its construction at the Idaho National Engineering Laboratory, a 890-square-mile Federal atomic reservation near Idaho Falls. The Government has spent $588 million on planning and research for the project, which was proposed in 1981."
5433;Dr. Greenstein's research was rich and broad. He measured the elemental makeup of stars, finding that they varied considerably, some rich in carbon, others heavier in other atoms. Working with physicists, he helped explain how nuclear reactions within stars could produce all of the naturally occurring elements. Dr. Greenstein also explained how the vibrations of electric and magnetic fields in light from distant stars, which point in random directions when they are emitted, become partly lined up by the time they reach Earth.
11516;If the scribes listen very closely, they can sometimes hear a nuance dropping. For example, there was the Taiwan press's remarkable report in March of a nuclear scientist who had defected to the United States. Like other dispatches from around the world, the Taiwanese reports were translated and made available to the public and press by the Foreign Broadcast Information Service.
11681;"Washington; SUMMITRY AND THE BOMB (2)

When the leaders of the major industrial nations meet in Ottawa on July 20-21, President Reagan will be asked some hard questions about United States policy on the export of nuclear knowledge and materials to other countries. For while Washington, long before the days of Reagan, has talked more about the dangerous spread of nuclear weapons than any other capital in the world, it has been the principal exporter of nuclear information ''for peaceful purposes,'' without having any effective policy for keeping its information and nuclear materials from being used in secret to produce atomic weapons. As The Wall Street Journal pointed out the other day, the United States supplies nearly all the noncommunist world's highly enriched uranium for power plants."
3481;-- everyone turns to wearing pelts, carrying torches and cannibalism.) The cause of the ''Afterworld'' calamity seems to be atomic, as a Japanese sage tells the hypersquare ad guy, Russell Shoemaker, that the phenomena in burnt-out New York remind him of Hiroshima. Shoemaker will spend the balance of the 130-episode series on a vision quest, crossing the country using bootlegged transportation, in an effort to find his wife and child, dead or alive, in Seattle.
10749;The United Nations cease-fire resolutions ending the Persian Gulf war required Iraq to give up all of its weapons of mass destruction. An Iraqi team was at the International Atomic Energy Commission in Vienna today to discuss demolition of installations at Al Atheer nuclear plant outside Baghdad. The plant had escaped damage in allied attacks during the gulf war last year.
3651;American diplomats, for their part, stressed that their military forces continued to enjoy a remarkable degree of patience and even support, given the undisputed enormity of West Germany's military burden. #900,000 NATO Troops More than 900,000 soldiers from seven different countries - about 250,000 of them American - armed with 10,000 tanks, 1,600 jet fighters, 1,600 helicopters, plus large arsenals of chemical, nuclear and other weapons fill hundreds of bases and depots across the densely populated lands. Their maneuvers cause millions of dollars in damage annualy to land and roads and their jets scream past regularly at tree-top level.
11917;"With Issues to Resolve, Bush Welcomes Putin to Camp David

President Bush welcomed President Vladimir V. Putin of Russia to Camp David today for another meeting intended to show the two as problem-solvers who work best in informal settings, even as they appear still divided on Iraq and on Russia's continued insistence that its sales of nuclear technology to Iran are benign. The meeting came during a week when the International Atomic Energy Agency has found new evidence that Iran is enriching uranium. Mr. Putin, who expressed doubts two years ago that Iran was seeking nuclear weapons, has begun to concede that Tehran may be doing exactly that -- even while denying that Russian technology is contributing to the effort. For two years now, Mr. Bush has been raising the issue, and for two years White House officials have insisted that they are making progress, without much noticeable change in the Russian position."
11334;The account was supported by local residents reached by telephone in recent days. North of the dam, speculation continued to swirl around Russian intentions at the Zaporizhzhia Nuclear Power Plant, which has been occupied by Russian forces since early in the war, and where Ukrainian intelligence has estimated that at least 500 Russian soldiers are garrisoned. Rafael Mariano Grossi, the head of the International Atomic Energy Agency, said at a news conference in Rome on Friday that the agency was “almost there” in brokering a deal for Russian troops to pull out of the plant and to create a demilitarized zone around the facility, which has been at the center of frequent shelling. “We have a proposal on the table which, simply put, is aiming to stop the folly of bombing the largest nuclear power plant in Europe,” he said. Although the Kremlin has pushed back on Ukrainian suggestions that its forces were preparing to leave the nuclear plant, Alexei Likhachev, the head of Russia’s nuclear energy agency, confirmed that negotiations were continuing with the International Atomic Energy Agency, the United Nations’ nuclear watchdog group.
10866;"U.S. CITES PAKISTANI PLEDGE NOT TO MAKE ATOM ARMS

Pakistan has given the Reagan Administration ''absolute assurances'' that it is neither developing nor planning to develop nuclear weapons, Under Secretary of State James L. Buckley said today. ''I was assured by the ministers and by the President himself that it was not the intention of the Pakistan Government to develop nuclear weapons,'' he told a Senate Government Affairs subcommittee. Mr. Buckley added that Pakistan, which has not signed a 1968 treaty to curb the spread of nuclear weapons technology, had made no promise not to seek a weapons-making ability or nuclear explosions such as one by India in 1974. ''One has to make a distinction between the nuclear option and nuclear weapon,'' he told the Senate panel. Pakistan vows to Reagan Administration that it is neither developing nor planning to develop nuclear weapons$3 Billion Aid Accord Reached
Mr. Buckley's testimony was in the context of the United States' policy on the nuclear spread, now under review. At the end of a visit Mr. Buckley made to Pakistan earlier this month, the two sides announced a $3 billion aid package, including the supply of advanced F-16 fighter planes."
11819;"White House Hails Action By Pakistani On Atom Sales

The White House praised President Pervez Musharraf of Pakistan on Thursday for breaking up what now appears to have been one of the world's largest nuclear proliferation networks, and made little mention of his decision to pardon Abdul Qadeer Khan, the scientist at its center, and terminate any investigations into whether the military was involved. In a reflection of how far the administration is going to bolster General Musharraf, the White House spokesman, Scott McClellan, declined to answer questions from reporters traveling here with President Bush about whether the United States would now press Pakistan to sign the nuclear nonproliferation treaty. In the past few months, the White House has issued stern warnings that Libya and Iran must fully comply with the treaty -- including allowing highly intrusive inspections by international inspectors -- and demanded that North Korea rejoin the treaty, which it renounced last year."
7110;"Nuclear Commission Fines Pennsylvania Utility

The Philadelphia Electric Company has paid the Nuclear Regulatory Commission $50,000 for illegally dismissing a worker who was exposed to radioactive gas at its Peach Bottom Atomic Power Station. The worker, George A."
12133;The group said it was granting the prisoners amnesty to mark the Lighting Festival, a three-day holiday that begins today. North Korea launched a ballistic missile off its east coast this morning, just hours after special envoys on North Korea met in Washington, D.C., to discuss how to deal with the isolated country’s nuclear capabilities. The Chinese economy increased by 4.9 percent in the third quarter, markedly slower than the 7.9 percent increase in the second quarter.
3292;"FOR L.I. ATOM LAB'S WORKERS, A DEATH WATCH FOR A DREAM

For five years, Marty Woodle has carried a small loose-leaf notebook, scribbling down ideas as he went about his job at the Brookhaven National Laboratory. Today, he crossed out almost everything in the notebook."
2069;"CLINTON APPROVES A PLAN TO GIVE AID TO NORTH KOREANS

President Clinton approved a plan today to arrange more than $4 billion in energy aid to North Korea during the next decade in return for a commitment from the country's hard-line Communist leadership to freeze and gradually dismantle its nuclear weapons development program. ""This agreement will help achieve a longstanding and vital American objective -- an end to the threat of nuclear proliferation on the Korean Peninsula,"" Mr. Clinton said this afternoon, after his top foreign policy advisers described the details of an enormously complex agreement struck with North Korea late Monday. American and North Korean officials plan to sign the broad accord on Friday, and almost immediately the United States will begin a remarkable new foreign aid program: it will provide for the North, with which it has never signed a peace treaty ending the Korean War, supplies of heavy oil to keep factories running and homes heated."
6328;"NEWS SUMMARY

INTERNATIONAL   A3-5
 
Serb Forces Bombard Villages in Kosovo
Hundreds of Serb police officers pounded villages in Kosovo Province with mortar rounds, set fire to homes and appeared to shoot at men indiscriminately in a sweep to stamp out ethnic Albanian separatist rebels, according to people who fled. A3
Russia to Sell Reactors to Iran
Russia's Atomic Energy Ministry said that it planned to sell several more nuclear reactors to Iran, a rebuff to the United States. Ukraine, meanwhile, withdrew from the Russian program to build a reactor in Iran."
1316;"At Argonne Lab, a Shift From Radioactivity to Supercomputers - Correction Appended

Argonne National Laboratory, the nuclear research facility in the Chicago suburbs that midwifed the atomic bomb, is ending its use of highly radioactive materials -- much to the relief of its neighbors -- in favor of supercomputers that will allow it to pursue a broader palate of scientific research. Argonne hopes to lure more federal dollars to help its scientists develop technologies that could support innovations in energy conservation and other fields."
11720;"West Knew of North Korea Nuclear Development

Several weeks ago, international inspectors showed North Korean officials American surveillance photographs and chemical evidence laying bare an elaborate effort to deceive the inspectors about how much nuclear-bomb fuel the country has produced. That was their last encounter before North Korea's surprise announcement today that it would become the first country to pull out of the Nuclear Nonproliferation Treaty. The evidence, several diplomatic officials here said, made it clear that investigators knew that North Korea has produced plutonium from its nuclear wastes for at least three years beginning in 1989, enough time to generate enough of the material to produce one or more nuclear weapons. ""They realized that it was only a matter of time before their huge investment in this project would be shut down,"" one American official said today."
11548;The explosion in the Florida skies should make us wonder. Mr. Reagan's Strategic Defense Initiative, or ''Star Wars'' policy, depends on the assumption that we might create, maybe in the next century long after he's gone, a shield that would defend the United States from hostile nuclear attack. But that assumes there will be no accidents, that maybe this defense system would work 96 percent of the time, as a High Frontier report suggests.
4193;India quickly blamed Pakistan and two Islamic groups operating openly there for the Dec. 13 assault. Western diplomats say the troop mobilizations now are the largest they have seen in more than a decade between the two nuclear adversaries, which have waged hot and cold wars for the last half century. Both nations say they are reacting defensively to each other's buildups and have every hope that strenuous efforts to resolve their differences through diplomacy will succeed.
10870;"U.S. CONSULTS IRAQIS ON ISRAELI RAID

The United States has met with Iraq to seek a compromise that would condemn Israel's June 7 raid on Iraq's nuclear reactor but not demand an arms embargo against the Israelis. Jeane J. Kirkpatrick, the American chief delegate, and Saadun Hamadi, Foreign Minister of Iraq, have been consulting away from the Security Council, where a debate on the raid is under way."
1666;"BUSINESS TECHNOLOGY; Withstanding 3,000-Degree Heat

An exotic carbon material that has enormous structural strength and can withstand temperatures as high as 3,000 degrees Fahrenheit is being considered for use in such things as nuclear waste containers, laser shields in space weapons systems and even replacements for human bones. The material, known as a carbon-carbon composite, is being used here by the B.F. Goodrich Company to fabricate wheel brakes for advanced airliners, like the Boeing Company's 747-400."
6036;"Mohammad Zia ul-Haq: Unbending Commander for Era of Atom and Islam

Mohammad Zia ul-Haq constantly promised democracy without ever really giving it during the 11 years he ruled Pakistan. General Zia, who took power in a coup as his fractious nation deteriorated into fierce rioting, later refused to stop the execution of the man he overthrew, Zulfikar Ali Bhutto, despite protests from leaders around the world."
7301;"Among the laureates are Saul Bellow, the novelist, and Milton Friedman, the conservative economist, whose teachings influenced not only his colleagues but also influential scholars at the university's law school, like Edward H. Levi, who served as attorney general in the Ford administration. Beneath the Stagg Field grandstands, Enrico Fermi and his co-workers achieved the first controlled, self-sustaining nuclear reaction on Dec. 2, 1942, the most important step in developing the atomic bomb. The site is marked with a massive bronze by Henry Moore, ""Nuclear Energy."" In the Loop
Frank Lloyd Wright's prototypical Prairie Style building, the Robie House, stands nearby, echoing the horizontality of the plains in its strip windows, the deep overhang of its eaves and even in the proportions of his trademark Roman bricks, very long and very skinny."
6891;"Nominee for Energy Post Is Accused of Lying

Two former Government investigators testified today that Victor Stello Jr., President Bush's choice to head the nation's nuclear weapons industry, lied to them in an investigation of the Three Mile Island nuclear accident. One of the investigators, Julian Greenspun, formerly of the Justice Department, also told the Senate Armed Services Committee that Mr. Stello had been ''a total bully'' when he headed the staff of the Nuclear Regulatory Commission. Both Mr. Greenspun and John Sinclair, a former N.R.C."
12198;The airstrikes underscored how many conflicting currents Mr. Biden faces as he attempts to fashion a coherent Iran policy. Those include pressures from Congress, from Israel and from Arab allies who worry about his determination to get back into the Iran nuclear accord, and now from a new leader in Tehran, Ebrahim Raisi, the incoming hard-liner who was elected president two weeks ago. He will be inaugurated in August.
8368;Rockets strike near spent-fuel storage at an occupied nuclear site. Ukraine and Russia blame each other.
11048;"U.S. Plans More Sea Exercises On Halting Illegal ArmsTrade

The Bush administration, stepping up pressure on North Korea and Iran on the issue of nuclear programs, announced today that the United States and other nations would carry out 10 joint military exercises in coming months to train for the interception of shipments to and from nations suspected of having illegal arms programs. The first exercise -- scheduled for the Coral Sea off Australia this weekend, with Britain, Japan and Australia taking part -- was disclosed over the summer."
8927;''While we belonged to different political parties, Scott Matheson never let politics get in the way of doing what was right for the people of Utah,'' he said. As Governor, Mr. Matheson successfully opposed placement of the MX missile system in Utah's western desert and was an early campaigner against open-air testing of atomic weapons. His mother and several aunts, uncles and cousins had died of cancer, and he was particularly concerned about the effects of radiation on health.
8899;"Science and Secrecy

STALIN AND THE BOMB
The Soviet Union and Atomic Energy, 1939-1956. By David Holloway."
5820;That finding has now been challenged by physicists. Thomas A. Cahill, director of the Crocker Nuclear Laboratory at the Davis campus, and his associates have used a powerful cyclotron to fire a penetrating beam of protons through the Vinland Map, and have concluded from their experiment that the ink contains only trace amounts of titanium, amounts consistent with a genuine medieval document. ''In the light of these results, the prior interpretation that the map has been shown to be a 20th-century forgery must be re-evaluated,'' they reported in the journal Analytical Chemistry.
8364;"Robert Serber, 88, Physicist Who Aided Birth of A-Bomb - Correction Appended

Robert Serber, a theoretical physicist who was the intellectual midwife at the birth of the atomic bomb and helped shape particle physics research for decades, died on Sunday at his home on the Upper West Side in Manhattan. He was 88."
2685;"Despite Sabotage, Iran's Top Leader Endorses Talks to Salvage Nuclear Deal

The declaration by Ayatollah Ali Khamenei appeared to put to rest any speculation that Iran would boycott or quit the Vienna talks aimed at saving the nuclear deal. Iran's top leader said Wednesday that his country would keep negotiating with world powers over how to salvage the 2015 nuclear deal, quashing speculation that Iran's delegation would boycott or quit participating in protest of the apparent Israeli sabotage of a major uranium enrichment site. The declaration by the top leader, Ayatollah Ali Khamenei, who has the last word on security matters in the country of 80 million, came three days after an explosive blast at the Natanz enrichment site plunged the heavily guarded facility into a blackout and disabled or destroyed hundreds of underground centrifuges used to process uranium into fuel."
6387;"Prime Minister Yasuhiro Nakasone said he had ordered the Bank of Japan to lower interest rates, in an effort to spur Japanese consumption, especially of foreign goods. Page A1
 
 News analysis: An accord to remove medium- and short-range nuclear missiles in Europe would have little battlefield impact on a war between NATO and the Warsaw Pact countries. A1
 
 Efforts to protect the ozone layer advanced as officials said a 31-country meeting had agreed in principle to freeze and ultimately reduce production and consumption of chloroflourocarbon chemicals."
1127;In the traditional fate of truly innovative ideas, it was at first rejected by Nature, a leading journal, but Dr. Lauterbur persuaded the editors to reverse their decision. His idea concerned a technique called nuclear magnetic resonance, or N.M.R., spectroscopy. In that process, molecules are entrained in a strong magnetic field and zapped with radio waves.
6437;"NORTH KOREANS UNVEIL NEW PLANT FOR NUCLEAR USE - Correction Appended

WASHINGTON -- North Korea showed a visiting American nuclear scientist earlier this month a vast new facility it secretly and rapidly built to enrich uranium, confronting the Obama administration with the prospect that the country is preparing to expand its nuclear arsenal or build a far more powerful type of atomic bomb. Whether the calculated revelation is a negotiating ploy by North Korea or a signal that it plans to accelerate its weapons program even as it goes through a perilous leadership change, it creates a new challenge for President Obama at a moment when his program for gradual, global nuclear disarmament appears imperiled at home and abroad. The administration hurriedly began to brief allies and lawmakers on Friday and Saturday -- and braced for an international debate over the repercussions."
8169;"Rate of Nuclear Thefts 'Disturbingly High,' Monitoring Chief Says

Mohamed ElBaradei, the chief of the International Atomic Energy Agency, said in a speech on Monday that the number of reports of nuclear or radioactive material stolen around the world last year was ''disturbingly high.'' Dr. ElBaradei, in his annual report to the General Assembly, said nearly 250 such thefts were reported in the year ending in June."
8091;"RICKOVER, FATHER OF NUCLEAR NAVY, DIES AT 86 - Correction Appended

Adm. Hyman G. Rickover, the crusty and outspoken naval officer who became the father of the nuclear Navy, died this morning at at his home in Arlington, Va. He was 86 years old."
11412;But now that uranium prices have increased tenfold, the government has a precious commodity -- and some tough questions -- on its hands. Furious lobbying has broken out over who should end up with the prize, which will eventually end up as nuclear reactor fuel after being run through an enrichment plant. And though the material's market value has been estimated at $750 million to $3 billion, one of the companies most vocal in making its case says it deserves the uranium -- without paying a cent for it.
999;"Across Iran, Nuclear Power Is a Matter of Pride

From nuclear negotiators to student dissidents, from bazaar merchants to turbaned mullahs, Iranians agree: the right to develop nuclear power is a point of national pride. ''For a country to have nuclear energy means that it has made progress in all other fields as well, so other countries have to respect its technology,'' said Nilufar, 29, a graduate student in energy management at the prestigious Sharif Industrial University. Nilufar, covered in black so only her face was showing, agreed to be interviewed on such a delicate topic only if her family name was not used."
4718;"Iran Crosses a Key Threshold: It Again Has Sufficient Fuel for a Bomb

So far, the evidence suggests that Iran’s recent actions are calculated to pressure the Trump administration and Europe rather than rushing for a bomb. WASHINGTON — Iran’s growing stockpile of nuclear fuel recently crossed a critical threshold, according to a report issued Tuesday by international inspectors: For the first time since President Trump abandoned the 2015 nuclear deal, Tehran appears to have enough enriched uranium to produce a single nuclear weapon, though it would take months or years to manufacture a warhead and deliver it over long distances. The International Atomic Energy Agency, which monitors nuclear capabilities and reports to the United Nations, also documented for the first time how Iran’s leadership blocked its inspectors from visiting three critical sites where there was evidence of past nuclear activity. The agency’s newly appointed director, Rafael Mariano Grossi, an Argentine diplomat who has spent most of his life working on nuclear issues, said it was urgent for “Iran immediately to cooperate fully with the agency” by allowing it access to the sites, and to answer additional questions “related to possible undeclared nuclear material and nuclear-related activities.”
In response, Iran said it rejected the agency’s new rounds of questions because it had been cleared of responsibility to answer for its nuclear past. Iran, the report quoted Tehran as saying, “will not recognize any allegation on past activities and does not consider itself obliged to respond to such allegations.”
Taken together, the findings and the demand for more intrusive inspections take the standoff between Washington and Tehran into new territory."
10621;"U.N. AIDES SAY IRAQ MAY BE CONCEALING NUCLEAR MATERIAL

United Nations officials said today that they had intelligence information indicating that Iraq has tried to mislead the United Nations by understating its nuclear weapons program and the amount of weapons-grade nuclear material it possesses. As a result, the special commission appointed by the Security Council to oversee the destruction or removal of Iraq's chemical and biological arms and its nuclear weapons materials has ordered its experts to make new inspections of undisclosed nuclear sites in Iraq next week. The inspections were ordered after the United States provided the commission with fresh intelligence from an Iraqi nuclear scientist who defected more than a week ago to American forces occupying an enclave in northern Iraq. Information From Defector
 In Washington, Government officials who follow the Iraqi nuclear program said the defector had reported that Iraq had eight primary sites for nuclear research and development, three of which were bombed extensively by the American-led military coalition in the Persian Gulf war. Most of the defector's reports remain unproven and will require additional investigation, the officials said."
7438;"Order on A-Plant Takeovers Causes Confusion in Government and Industry

An executive order directing the Nuclear Regulatory Commission to prepare plans to take control of civilian nuclear plants in the event of a national security emergency was greeted today by puzzlement and confusion in the Government and the nuclear industry. Neither the Department of Energy nor the N.R.C."
818;"AROUND THE WORLD; China Nuclear Accord Approved by the Senate

The Senate quietly voted approval today of a long-delayed nuclear cooperation agreement between the United States and China. The action means that American companies can sell China with materials and technology for an ambitious civilian nuclear power program. The agreement was initialed last year by President Reagan, during his trip to China."
1837;Homer's heroes dismounted from their chariots to fight on foot with spears, using their chariots for show.'' He documents that ''showing the flag'' - by chariot or nuclear aircraft carrier - had its antecedents in Homer. The author reaches back to ancient China to reveal how the economy of the marketplace was mobilized to gain military advantage.
5831;The fuse was effective against the German V-1 ''buzz bombs'' that were launched toward Britain at the end of the war. In 1945, when the Army made the details of the fuse public, its significance was compared with that of the atomic bomb. Dr. Tuve was made a Commander of the Order of the British Empire.
9081;And because the plant was built when detection systems were not required, the leak went unnoticed until discovered almost by chance when workers excavating around the pool noticed dampness in the surrounding dirt. The leak, which was found in September, has been the latest worry for local officials and nearby residents concerned about the Indian Point nuclear reactors. It comes on top of repeated failures in tests of the plant's sirens, which are meant to warn of an emergency.
7309;"OPPONENTS OF ATOM POWER PLANTS IN NORTHWEST SEEM TO BE WINNING

A plan to temporarily shelve two nuclear reactor projects in Washington State appears to be falling apart because of opposition in some of the public-power districts that took part in financing them, officials said today. The public utility districts, as utilities that furnish public power are called here in the Northwes t, were leading forces in raising about $2.5 billion for the Washington Public Power Supply System's Proj ects 4 and 5."
9828;Ultrasonic waves, for example, are beamed at the heart and their reflections provide doctors with a picture of that organ. Nuclear magnetic resonance (N.M.R.) operates at the molecular level.
12057;"World Leaders Strike Agreement With Iran to Curb Nuclear Ability and Lift Sanctions

VIENNA --  Iran and a group of six nations led by the United States reached a historic accord on Tuesday to significantly limit Tehran's nuclear ability for more than a decade in return for lifting international oil and financial sanctions. The deal culminates 20 months of negotiations on an agreement that President Obama had long sought as the biggest diplomatic achievement of his presidency."
11320;"In addition, the Morris County Medical Society and the county's Public Health Association have announced opposition to further uranium-related activity and at least two state legislators are introducing ''moratorium'' or ''banning'' bills in this fall's session. Uranium mine operations in New Jersey meet local opposition
This grass-roots opposition to the front end of the nuclear industry has its origins in fears about the health effects of mining, ore processing and mine-waste storage, which up to now have been limited almost entirely to sparsely populated desert areas of the Southwest. Such development is not out of the realm of possibility."
9494;"THE REGION; Lilco Loses Ruling On Shoreham Plan

An appeals board of the Nuclear Regulatory Commission today upheld a decision that the Long Island Lighting Company lacked the authority on its own to implement an emergency-response plan at the Shoreham nuclear power plant. Lilco drafted its own plan after Suffolk County and New York State refused to participate in emergency planning on the ground that no plan could insure the safe removal of residents in case of an accident."
10476;The scientists, at the University of Illinois, did not speculate just how hot the bubble became, but said they had managed to create a state of matter called plasma inside the bubble. In it, some of the electrons have been stripped off the atoms. ''This is the first definitive proof of the existence of a plasma'' during this kind of bubble implosion, said one of the scientists, Dr. Kenneth S. Suslick, a professor of chemistry at Illinois.
9680;One, which investigates for evidence that Iraq has biological and chemical weapons and long-range missiles that are prohibited, is based in New York and headed by Hans Blix. The inspectors who will hunt for signs of a nuclear weapons program are based in Vienna in the Iraq action team of the International Atomic Energy Agency, headed by Jacques Baute. Both team leaders have said they are ready to begin work in Iraq as soon as the logistical arrangements for their communications, transportation, laboratories and lodging there can be arranged.
2864;"The announcement last Friday that a coalition of Japanese and American scientists had found strong evidence that neutrinos undergo transformation from one type to another (and therefore have mass) also evokes comparisons with Buddhist traditions of dualism. Neutrino particles have been called ""ghostly"" because of their extraordinary ability to evade entrapment by the electromagnetic and ""strong"" nuclear forces, which affect most other particles. By contrast, a neutrino can easily zip through the entire earth without hindrance, although once in a great while a neutrino may bang into an electron orbiting an atom and send the electron careening away (where a man-made detector may spot it). It has been known for a decade that neutrinos come in three families."
8606;"SENATE ATOM-WAR PANEL HEARS HIROSHIMA SURVIVOR

Shigeko Sasamori, her face still scarred from that first blast at Hiroshima despite 39 subsequent operations, recalled in a crowded, silent Senate hearing room that she had been so disfigured by burns that her father could not recognize her when she was found in the rubble. Miss Sasamori and other Hiroshima survivors, as well as American physicians, public health experts and Government officials, testified this week before the Senate Subcommittee on Health and Scientific Research on the probable impact of nuclear war on human health. Senator Edward M. Kennedy, chairman of the subcommittee, a contender for the Democratic Party's Presidential nomination, said that he had called the hearing because many people seemed to have forgotten about the true meaning of a nuclear war at a time ''when the Soviet Union and the United States may face the onset of a new nuclear arms race.'' With a floundering strategic arms limitations treaty cooling relations between the United States and the Soviet Union, policy makers in Washington are beginning to talk again of mass evacuations and acceptable losses in the event of a nuclear war. AN-AA Generation Gap
Noting that an entire generation of Americans had not even been born in 1945 when the bombs of Hiroshima and Nagasaki ''wiped two great cities from the face of the earth in a nuclear flash,'' Senator Kennedy said: ''It is easier in 1980 to think of the nuclear issue in terms of missile shell games, megatonnage and throw-weights. It is perhaps easier to talk technologically and statistically of these things now that the mushroom cloud of a nuclear explosion is a fading shadow on our national memory.'' Mr. Kennedy did not directly criticize the President's national security policies, and an aide said that the hearing was not intended to identify the Massachusetts Democrat, who is still campaigning for the Presidential nomination, as the peace candidate."
2682;"Despite Its Warnings of Shortage, U.S. Sells Vital Nuclear Gas

The Federal Government has sold American and foreign companies millions of dollars worth of tritium for commercial use even as it has raised alarms over whether it will have enough of the radioactive gas to maintain the nation's nuclear arsenal. The only American reactors that make the gas, at the Department of Energy's Savannah River Plant in South Carolina, have been shut for safety reasons since April."
4027;"House Opens Inquiry Into U.S. Nuclear Power Venture in Saudi Arabia

WASHINGTON -- Top Trump administration officials have pushed to build nuclear power plants throughout Saudi Arabia over the vigorous objections of White House lawyers who question the legality of the plan and the ethics of a venture that could enrich Trump allies, according to a new report by House Democrats released on Tuesday. The report is the most detailed portrait to date of how senior White House figures -- including Michael T. Flynn, President Trump's first national security adviser -- worked with retired military officers to circumvent the normal policymaking process to promote an export plan that experts worried could spread nuclear weapons technology in the volatile Middle East. Administration lawyers warned that the nuclear exports plan -- called the Middle East Marshall Plan -- could violate laws meant to stop nuclear proliferation and raised concerns about Mr. Flynn's conflicts of interest. Mr. Flynn had worked on the issue for the company promoting the nuclear export plan and kept pushing it once inside the White House. But even after Mr. Flynn was fired, the proposal appears to have lingered."
5025;"Iran's New Leader Turns to Conservatives for His Cabinet

Iran's new president, Mahmoud Ahmadinejad, on Sunday nominated a cabinet dominated by conservatives as officials warned that Iran would not give in to pressure from the West over its nuclear program. Mr. Ahmadinejad's selections for his 21-member cabinet provide the first window into the policies that he may pursue in the next four years."
3566;Britain has allowed modest experiments, though those have met with public discontent. Industry hopes that Germany, which decided to end its atomic power after the Fukushima Daiichi nuclear disaster in Japan, would be receptive to fracking have also met with disappointment. On Wednesday, the European Parliament voted to tighten the rules on fracking, giving initial approval to a measure to require in-depth environmental impact studies on all such projects.
4660;"Iran's Nuclear Program

To the Editor:
In '' 'Loose' War Talk Only Helps Iran, President Says'' (front page, March 5), you write, ''Recent assessments by American spy agencies have also reaffirmed intelligence findings in 2007 and 2010 that Iran had abandoned its nuclear program.'' I disagree with that statement."
7539;''Fiskadoro's'' physical geography is gritty, lyrical, surrealistic - a landscape so densely concrete, and so disjointed, that it affects one like a feverish dream whose symbols and images demand interpretation. It is set in a time-warp described as the Quarantine, some 60 years after the nuclear destruction. The place is the Florida Keys, seemingly the only part of our globe, aside from Cuba, to have survived.
6572;"NUCLER ARMS AND NEW JOBS CLASH IN IDAHO

A plan to build the first new atomic weapons plant in a quarter of a century has ignited a major political struggle in the Northwest over jobs and nuclear disarmament. At stake in the battle for public opinion is a $1 billion facility using advanced technology to purify plutonium."
7859;Power has been restored to the Zaporizhzhia nuclear plant, a U.N. watchdog says. Maintaining power at Europe’s largest nuclear plant has been crucial to prevent a meltdown in the shadow of fighting nearby. After nearly a week offline, the Zaporizhzhia Nuclear Power Plant in southern Ukraine resumed receiving electricity from the country’s power grid, the International Atomic Energy Agency, the U.N. nuclear watchdog, said on Saturday. The restoration came after engineers finished repairing a high-voltage line damaged by  shelling.
4675;"Iran, Behind Schedule, Installs Equipment at Site for Large-Scale Uranium Enrichment

International nuclear investigators have confirmed that Iran is beginning to install equipment in the large underground chamber in Natanz, the center where Iranian officials have said they will move to industrial-scale enrichment of uranium, according to foreign diplomats and American officials. Iran said last year that it planned to install 3,000 centrifuges by this spring at Natanz, as a first step toward putting more than 50,000 of the devices in operation to produce nuclear fuel. But the program has been behind schedule, and based on reports from investigators from the International Atomic Energy Agency, the centrifuges are just now beginning to be assembled. Nonetheless, the move signals a continued defiance of the Untied Nations Security Council, which demanded last summer that Iran suspend all uranium enrichment."
3253;"FILM REVIEW; A Man, a Woman and an Atomic Bomb

Matthew Broderick has always radiated the boyish charm of a canny whiz kid ingratiating himself with the grown-ups by batting his eyes and doing adorably cute parlor routines. What prevents him from becoming an insufferable goody-two-shoes is his brash side-of-the-mouth cheekiness."
8029;"REACTOR SAFETY PROBLEMS OF 1985 LISTED - Correction Appended

Safety suffered at commercial nuclear reactors in the United States last year because of broken emergency equipment, inadequately trained operators, badly designed or maintained machinery, management weaknesses and insufficient attention to detail, the Nuclear Regulatory Commission said in a report released today. The commission has said some of the failures could have been avoided if the industry and the regulators had learned from past mistakes."
10116;"''Obsession | Calm'' is set to two movements from Ernest Bloch's ''Four Episodes,'' and ''Brahms Dances'' continues Mr. Rübsam's exploration of this composer's work through a selection of songs. Also on the program is ''Petit Pas'' (a tribute to Neil Armstrong, whose voice features in the work), and ''Half-Life 102,'' a sextet whose title refers to the 2011 earthquake and Fukushima nuclear disaster in Japan. At 3 and 8 p.m., Peridance Capezio Center, 126 East 13th Street, East Village, (212) 868-4444, sensedance.org; $30 and $55."
7176;"Nuclear Panel Is Re-examining G.E. Documents

The Nuclear Regulatory Commission is re-examining documents of the General Electric Company that raised questions about the safety and design quality of some of the company's nuclear plants. The documents, written in 1975, could leave G.E."
42;"'SAFE' FORM OF RADIATION AROUSES NEW WORRY

UNLIKE the dangerous ionizing radiation emitted by nuclear fission and X-rays, the nonionizing radiation that issues from radio transmitters, radar, electric power lines, microwave ovens and a vast array of modern devices has long been considered relatively safe. But a spate of recent scientific reports has fueled concern that low doses of nonionizing radiation can cause subtle biological effects in humans and animals that might, conceivably, cause health damage as well."
7655;"Pakistan Breaks Ground on Nuclear Plant Project With China

ISLAMABAD, Pakistan -- Prime Minister Nawaz Sharif on Tuesday ceremonially broke ground on a $9.59 billion nuclear power complex to be built in Karachi with China's help, seeking to ease Pakistan's long-running energy crisis and signaling a new step by China in becoming a top nuclear supplier. The deal, which officials said was still being finalized, is a major new advance in energy cooperation between the two countries, dwarfing previous reactor projects built along with China at Chashma, in Pakistan's interior."
2290;"China Plans Power Plants on the Sea for Islands

HONG KONG -- All the radar systems, lighthouses, barracks, ports and airfields that China has set up on its newly built island chain in the South China Sea require tremendous amounts of electricity, which is hard to come by in a place hundreds of miles from the country's power grid. Beijing may have come up with a solution: floating nuclear power plants. A state-owned company, China Shipbuilding Industry Corporation, is planning to build a fleet of the vessels to provide electricity to remote locations including offshore oil platforms and the contentious man-made islands, the state-run newspaper Global Times reported on Friday."
2948;But questions that have troubled scientists and environmentalists about food irradiation have never been answered satisfactorily. No one knows whether the process creates new chemicals at levels that may be harmful, or whether the loss of nutrients from irradiation is unacceptably high, or to what extent adding more processing plants that use nuclear components increases the risk of nuclear accidents. The proponents of food irradiation ridicule these concerns.
12166;"'Missing Link' of Atomic Matter Found

A team of Russian and American scientists has discovered a new element that has long stood as a missing link among the heaviest bits of atomic matter ever produced. The element, still nameless, appears to point the way toward a brew of still more massive elements with chemical properties no one can predict."
1668;Also vulnerable to grit are fuel injectors. These are very small, so that the fuel is atomized into a fine mist as it is sprayed. The Little design uses small, super-hard liners for the fuel-injector nozzles, made of diamond, silicon carbide or tungsten carbide.
46;Terrorists who killed the research director of the Siemens electrical group, Karl-Heinz Beckurts, in early July cited his involvement in Star Wars as a reason. Although Mr. Beckurts, a nuclear physicist, had advised Bonn in the Star Wars negotiations with Washington, Siemens is not yet involved in the research program. Indeed, initial European euphoria over the announcement in March 1983 of the five-year, $26 billion American program has turned to a more sober assessment of European industrial roles.
7557;"PRIDE AND PUNISHMENT; ISRAELIS INSIST AIR RAID ON IRAQIS WAS JUSTIFIED

Gradually, and in a spirit of sober satisfaction, Israel is beginning to assess the long-term costs and benefits of its destruction of an Iraqi nuclear reactor. Despite international condemnation, officials and foreign affairs specialists are confident that the air attack on an Iraqi nuclear reactor being completed outside Baghdad is receiving quiet applause in many capitals, including those of Arab countries hostile to Iraq. Furthermore, there is some hopeful speculation - admittedly slender - that the dramatic raid may jar some Western countries out of a pattern of willingness to provide technology and fuel to any wealthy Special to the New York Times dictatorship that wants to have its own bomb."
5393;"Japan's Nuclear Future in the Balance - Correction Appended

TOKYO -- The accident at the Fukushima Daiichi power plant has done more than spew radiation into the air and sea and force tens of thousands of people to evacuate their homes. It has blown a big hole in Japan's energy policy, which had assumed that nuclear power would supply a growing part of the country's needs. On Tuesday, Prime Minister Naoto Kan said Japan would abandon plans to build new nuclear reactors, saying at a news conference in Tokyo that Japan needed to ''start from scratch'' on its long-term energy policy. Japanese officials had said over the weekend that Japan would not abandon nuclear power as an important source of energy, so many existing reactors are expected to keep operating. However, experts have been saying that it would now be difficult for Japan to further expand use of nuclear energy and realize a policy that predates the Fukushima disaster: construction of at least 14 new reactors by 2030 to go with the 54 that now exist. If completed, those reactors would have raised nuclear power's share of Japan's electricity generation to about 50 percent. Advocates for renewable energy argue that the March earthquake, tsunami and nuclear accident have given the nation a reason to rebuild its economy as a world leader in clean, renewable energy -- even though solar, wind and geothermal combined now account for only 1 percent of Japan's electricity. An additional 8 percent or so comes from hydroelectric power."
10128;"Cherry Lane Theater, 38 Commerce Street, West Village, 866-811-4111, cherrylanetheatre.org. (Genzlinger)
'The Oldest Boy' Sarah Ruhl's new play explores the conflict between the nuclear family and Tibetan Buddhist tradition, when an American boy is identified as the reincarnation of a revered monk and teacher. Celia Keenan-Bolger portrays the conflicted mother in this tenderly drawn but tame and rather predictable play, directed by Rebecca Taichman (2:00)."
11824;"White House Turns to Social Media to Sell the Iran deal

It's the #IranDeal for Dummies, brought to you by the White House. As President Obama makes his increasingly urgent case to the public and a skeptical Congress on behalf of the nuclear accord with Iran, his team rolled out a series of digital tools on Tuesday to build support for it. The White House started a Twitter account, @TheIranDeal, designed to ""set the record straight"" about the agreement."
9556;The scenario called for a simulated detonation in an industrial section of town, causing 150 casualties. It would have had nowhere near the effect of a true nuclear weapon, like the atomic bombs dropped on Japan. But nuclear devastation is universally understood, and that makes the prospect even of a dirty bomb universally terrifying. Authorities are thus compelled to think not only about security against a tangible threat but also against a perceived threat.
7735;Though Pauling (1901-94) was one of the best American scientists of the 20th century, he is better known for his obsessive advocacy of vitamin C. The only recipient of two unshared Nobel Prizes -- one for chemistry, one for peace -- he was vilified as a quack and a Communist dupe. A champion of humanitarianism and of the nuclear test ban, he was neglectful of his own children and won a Presidential Medal of Merit for his scientific efforts during World War II. Three new books on Pauling, one of them a collection of his own words, begin with his bucolic childhood in Oregon, playing on farms, in abandoned smelters and behind the counters of general stores.
1193;"Anxiously, Los Alamos Awaits a New Era

Two of the world's largest military contractors are challenging the nation's largest university system for the job of running Los Alamos, the government's pre-eminent nuclear arms laboratory. The winner will preside over a program valued as high as $44 billion over two decades."
11230;"U.S. and 2 of Its Allies Warn North Korea on Atomic Arms

The United States, Japan and South Korea issued a joint statement here today calling on North Korea to dismantle its clandestine nuclear weapons program ""in a prompt and verifiable manner"" and warned Kim Jong Il, North Korea's leader, that his ""relations with the international community"" hinged on his quick compliance with the demand. The statement was issued after considerable behind-the-scenes diplomacy by the United States to form a common front with the Asian allies against North Korea's project to enrich uranium in its latest attempt to develop atomic weapons. But it stopped short of threatening the complete economic isolation of North Korea that the Bush administration has talked about in the last week."
286;Yet from the beginning he exerted so much influence and authority over the new institute that Clement Greenberg, the art critic who was an early patient and referred Jackson Pollock and others, called his treatment method Newtonian. Its fundamental premise was to break the bonds between parent and child: “splitting the atom of the nuclear family,” Stille writes, “and scattering its pieces.” Mothers were thought to be particularly malevolent. Free love was encouraged— if insisting that close, exclusive attachments are unhealthy can really count as “free.” Alcohol was considered an elixir, as salubrious as green juice.
6575;"Nagasaki Journal; Today's History Lesson: What Rape of Nanjing? The greatest danger, Mizuro Fukushima warned gravely, his eyes gleaming fiercely, is that naive schoolchildren may come to believe that the United States dropped the atomic bomb because Japan had done something wrong. What has incensed Mr. Fukushima is one tiny exhibit in a beautiful new museum that opened on April 1 in the city of Nagasaki, near where the second atomic bomb exploded in 1945, three days after the first bomb obliterated Hiroshima. The museum is wrenching to tour, with its life-size photos of burned and screaming babies, panoramas of charred corpses, images of teen-agers with their ears melted off."
347;"A Legacy of Ashes: The Uranium Mines Of Eastern Germany

BARREN and black, the ashen hills of nuclear waste stand like treeless offspring of the wooded mountains that cradle the towns and villages of this German frontier region. They were once shrouded with the secrecy of the Wismut uranium mines, begun in the first fever of Stalin's drive for atomic weaponry and for years the largest supplier of uranium for Moscow's nuclear effort. Five months into German unification, this vast troubled landscape affords a sobering dose of the realities united Germany is up against in cleaning up eastern Germany's environment."
11465;"Veterans Under an Atomic Cloud

ALL Edmund Burke wants is the facts, he says. Mr. Burke, an Air Force veteran who lives in Norwalk, has lost a lung and part of his windpipe to cancer."
10375;"The World: Breeding Trouble; In North Korea, Every New Bomb Is a Greater Peril

WHILE the Bush administration has insisted that North Korea's efforts to expand its nuclear arsenal is not a crisis, most experts believe it is the gravest security threat in Northeast Asia in a decade. The danger they see is in the difference between the North Korea of today -- a rogue state that United States intelligence says probably has one or two nuclear bombs -- and a North Korea with an arsenal of six or seven bombs and the means to produce more every year, exactly the fast track the country has put itself on. Not only would such an expansion vastly increase the military threat to American allies and forces in the region, and potentially to the United States itself, it would also add to the risk that North Korea could sell fissile material on the black market."
8347;But the winnowing could go on for decades. Knowing inflation's identity could be crucial if scientists are ever to unwind cosmic history back to the beginning, when they suspect the universe was ruled by a single unified force instead of the four distinct forces we know today: gravity, electromagnetism and the strong and weak nuclear forces. The Bicep2 waves seem to date from the time that theorists suspect electromagnetism and the weak force divorced the strong force, gravity having already gone its own way, but Dr. Linde says that could be a coincidence.
362;Thus armed with numbingly intensive documentation, Ms. Jacobsen has put together a set of strong allegations about Area 51's covert history. Part of ''Area 51'' is devoted to the nuclear weapons testing that began with the Manhattan Project, continued under the aegis of the Atomic Energy Commission and prompted The New York Times to tell tourists, in 1957, about a project called Operation Plumbbob: ''This is the best time in history for the non-ancient but nonetheless honorable pastime of atom-bomb watching.'' Ms. Jacobsen recoils at the weaponry that was being developed and the ghastly results of atomic testing. But she acknowledges ways in which it wound up keeping Americans safe.
3088;It might therefore seem a little uncharacteristic that some physicists are eagerly hoping to see some tiny blue flashes streak through a cathedral-size water tank buried under a mountain: a signal that an inexorable process of annihilation is gnawing away at the universe. The universal rot, if it is real, will take untold eons to complete, but it will be thorough, leaving no stars, no people, no monuments, no cinders, no sonnets, no atoms, no memories. Except for a faint and ever fading glow, the corpse of our universe would cease to exist.
9890;Mr. Begin's address in part echoed that of Andrei A. Gromyko, the Soviet Foreign Minister, who pledged earlier in the week that Moscow would not use nuclear weapons first in any war. Mr.
4142;IF IT'S TOO LATE FOR A FREEZE, WHAT CHANCE FOR A CHILL? WITH criticism of the Reagan Administration's arms control policies growing, The Week in Review asked three experts - Senator John Glenn, Democrat of Ohio, Joseph S. Nye Jr., Deputy Under Secretary of State for nonproliferation policy in the Carter Administration, and Eugene V. Rostow, director of the Arms Control and Disarmament Agency - to address themselves to the spread of nuclear weapons around the world. Excerpts of their discussion with Leslie H. Gelb and Judith Miller of The New York Times Washington bureau and Caroline Rand Herron, an editor of The Review, follow.
8636;"SHOREHAM PANEL BACKS LOADING OF NUCLEAR FUEL

A three-judge panel of the Nuclear Regulatory Commission ruled yesterday that the Long Island Lighting Company should be allowed to load nuclear fuel at its Shoreham reactor. If upheld by the commission, yesterday's ruling would bring the embattled $4.1 billion reactor one step closer to operation, despite the efforts of Suffolk County, in which it is situated, to force the utility to abandon it."
10384;"Mr. Bush is not the first president to govern in a 24-hour news cycle, but the endless drumbeat no doubt worsens the sense of perpetual crisis. The media, and sometimes the politicians themselves, have a tendency to inflate every event, from a school shooting to a sniper on the loose to the prospect of nuclear war, into a round-the-clock happening. ""It plays into the story line that we are now living in this immensely more dangerous, unpredictable world,"" said Richard Norton Smith, a presidential historian who leads the Dole Institute of Politics at the University of Kansas."
10458;"Three Mile Island: Cleaned Up, and for Sale

With a name that most people equate with nuclear disaster, Three Mile Island might not seem to be choice real estate. But GPU Inc., which owns the plant on an island in the Susquehanna River here, is convinced it can do something that no other company in the country has done: sell a used nuclear reactor. ""We've been working on its curb appeal,"" said Jim Langenbach, the site director, sounding a little like a homeowner who just added a new coat of paint before an open house."
8909;Other ideas include firing aloft ''bullets'' of frozen ozone, or placing solar-powered ozone generators in high-altitude balloons. Since ozone consists of three oxygen atoms, and atmospheric oxygen has two such atoms, raw material would be plentiful. Leon Y. Sadler, a chemical engineer at the University of Alabama, writing recently in Chemical and Engineering News, proposed using a fleet of jets to dispense ozone.
675;The resolution left the door open for the return of United Nations weapons inspectors to certify the disarmament of Iraq. Sir Jeremy said his government saw verification of Iraqi disarmament as a natural function for both the International Atomic Energy Agency and the biological and chemical weapons inspection teams. Washington this week signaled its willingness to have the atomic energy agency return to Iraq, after the looting of some significant nuclear facilities. But Washington's attitude toward Mr. Hans Blix's team remains frosty, Sir Jeremy said.
11814;"Whipped by Winds Over Land Parched by Drought, a New Mexico Wildfire Rages

LOS ALAMOS, N.M. -- Driven by a relentless drought and surging summer winds, a wildfire continued to burn virtually unchecked in the Jemez Mountains near Los Alamos National Laboratory on Friday, having already scorched tens of thousands of acres in its path and leaving firefighters scrambling to keep pace. The Las Conchas Fire, now the largest in New Mexico's history, has not spread to the laboratory, which was one of the birthplaces of the atom bomb and still conducts nuclear research, and officials said Friday that they remained confident the blaze would not reach its confines. So with the laboratory seemingly safe, attention shifted to the nearby Santa Clara Pueblo, which the fire raced toward late in the week, and where concerns were mounting over the safety of the tribe's cultural sites."
568;"A U.N. Team Arrives in Iraq For More Atom Inspections

A team of United Nations nuclear inspectors arrived in the Iraqi capital today, the first to visit since the United States and some allies imposed an air-exclusion zone in southern Iraq to prevent attacks on rebel Shiite Muslims by President Saddam Hussein's air force. The team leader, Maurizio Zifferero, said it would conduct inspections in Baghdad and other cities under a mandate from the United Nations to destroy Iraq's nuclear capacity. He declined to identify the sites of the inspections, which are to begin Tuesday."
7463;"PAKISTANI CITIES NUCLEAR ADVANCE

A Pakistani nuclear scientist said in an interview published today that his country could now enrich uranium and could produce its own atomic bomb if necessary. ''Pakistan has broken the Western countries' monopoly on the enrichment of uranium,'' Abdul Qadir Khan told the Urdu-language daily Nawa-i-Waqt."
4399;"Ideas & Trends; When the Government Runs Afoul of Its Own Regulators

PROMISING to make a clean break with 40 years of pollution at its nuclear weapons plants, the Department of Energy has signed agreements with states and with other Federal agencies committing itself to abide by environmental laws and clean up the mess. Now the Energy Department has a new problem."
10276;"The Smaller Bombs That Could Turn Ukraine Into a Nuclear War Zone

Military experts say a new generation of nuclear weapons has raised the risk that Mr. Putin might introduce less destructive atomic arms into the battlefields in and around Ukraine. In destructive power, the behemoths of the Cold War dwarfed the American atomic bomb that destroyed Hiroshima. Washington’s biggest test blast was 1,000 times as large."
531;"A Soviet Company Offers Nuclear Blasts for Sale to Anyone With the Cash

A new Soviet trading company is trying to market the power of underground nuclear explosions for commercial application to anyone in the world who has the cash. It is the first time that nuclear blasts are known to have been put up for sale, but the venture is surrounded by great uncertainty given the political turbulence in the Soviet Union and rising opposition around the world to nuclear blasts. The atomic exposions are being marketed by the International Chetek Corporation of Moscow, a private trading company tied to the Soviet arms complex. Its initial goal is to carry out blasts in the Soviet Union for the incineration of toxic wastes."
3523;"France Alleges Iran's Nuclear Plan Is for Military Use

France accused Iran of pursuing a nuclear program that could only be intended for military purposes, in comments on Thursday that reflected mounting European frustration with Iran's resumption of uranium enrichment two days ago. ''Today, it's simple -- no civilian nuclear program can explain the Iranian nuclear program,'' said Foreign Minister Philippe Douste-Blazy on a morning news program on France 2 television. ''So, it's an Iranian clandestine military nuclear program.'' His words drew a swift response from Iran, which insists that its nuclear program is peaceful and strictly intended to provide energy. ''I advise Mr. Douste-Blazy to speak diplomatically and not to increase tension,'' Ali Larijani, Iran's chief nuclear negotiator, told Iranian television. The French declaration increased the pressure on Iran, before talks next week in Brussels and Moscow with European Union and Russian officials, as Iran tries to avert a showdown at the United Nations Security Council in March."
1471;"Awaiting Iran Deal, Inspectors Prepare New Tools

VIENNA --  On the outskirts of this graceful city, the Iran Task Force of the International Atomic Energy Agency is preparing to move quickly if American and Iranian negotiators here manage to cut a deal on Iran's nuclear program in the coming days. The 50 or so members of the agency's most elite inspection unit are readying an array of new surveillance gear that is far more sophisticated than anything used before in Iran."
6267;"16
 
Pierre Elliott Trudeau of Canada has found himself dragged back into the middle of a political furor in recent days after the publication of excerpts from the diary of one of his former Cabinet ministers. 9
 
Czechoslovak police crack down on Catholics           10
 
Afghan refugee women suffer under Islamic custom           16
 
Polls suggest close vote for Pinochet           18
 
Ethiopia rebels report victory            22
 
NATIONAL/24-31, 42-46
 
A plan for an atomic weapons plant in Idaho has ignited a major political struggle in the Northwest over jobs and nuclear disarmament. It would be the first such plant built in a quarter century."
9318;"Gail: Meanwhile his opponent, whose name recognition is limited to his immediate family, reprised that old Lyndon Johnson ""Daisy"" ad where the little girl is picking petals off a flower and then suddenly - countdown to Armageddon! In this version, when the nuclear bomb goes off, Andrew Cuomo's face comes out of the cloud. Did not expect an ad about atomic warfare in the New York gubernatorial race. Possible high point of the political week for me."
912;"ATOM BOMB PARTS SEIZED IN BRITAIN EN ROUTE TO IRAQ

Six people were arrested in Britain today in what American and British officials said was an attempt to smuggle electronic devices used to trigger nuclear weapons to Iraq. Triggering devices that had been disarmed and other electronic equipment that has military uses were seized in the raids in Britain today, the officials said."
